ID,default_flag,predicted_pd,risk_band
1,1,0.804013,Very High
2,1,0.38919032,High
3,0,0.104964316,Moderate
4,0,0.1408383,Moderate
5,0,0.078221366,Low
6,0,0.17219628,Moderate
7,0,0.07481929,Low
8,0,0.14065315,Moderate
9,0,0.21645637,Moderate
10,0,0.1215441,Moderate
11,0,0.20359409,Moderate
12,0,0.13142549,Moderate
13,0,0.05196958,Low
14,1,0.54890424,Very High
15,0,0.03325849,Low
16,0,0.2865461,High
17,1,0.5268962,Very High
18,0,0.15008812,Moderate
19,0,0.4357731,High
20,0,0.30398583,High
21,0,0.0774558,Low
22,1,0.23341593,Moderate
23,1,0.7782435,Very High
24,1,0.15582804,Moderate
25,0,0.07786792,Low
26,0,0.15367027,Moderate
27,1,0.17424671,Moderate
28,0,0.09850597,Low
29,0,0.22533083,Moderate
30,0,0.12869658,Moderate
31,0,0.036596768,Low
32,1,0.689351,Very High
33,0,0.121375576,Moderate
34,0,0.03915775,Low
35,0,0.07609431,Low
36,0,0.105250984,Moderate
37,0,0.08099025,Low
38,0,0.17664598,Moderate
39,1,0.27420968,High
40,0,0.14680912,Moderate
41,0,0.0922616,Low
42,0,0.105020046,Moderate
43,0,0.17682011,Moderate
44,0,0.06249164,Low
45,0,0.21602145,Moderate
46,1,0.25250566,High
47,1,0.30279434,High
48,1,0.08441719,Low
49,0,0.022937091,Low
50,0,0.1716921,Moderate
51,1,0.47975102,High
52,0,0.07733997,Low
53,0,0.039302975,Low
54,0,0.24821848,Moderate
55,0,0.65907544,Very High
56,0,0.12589161,Moderate
57,0,0.065001965,Low
58,0,0.11474744,Moderate
59,0,0.46269345,High
60,0,0.1358317,Moderate
61,1,0.046052698,Low
62,0,0.14151488,Moderate
63,1,0.8295324,Very High
64,1,0.17257985,Moderate
65,0,0.23914932,Moderate
66,1,0.2956459,High
67,1,0.7156211,Very High
68,0,0.21706308,Moderate
69,0,0.13547991,Moderate
70,0,0.23523995,Moderate
71,0,0.2390324,Moderate
72,1,0.78937256,Very High
73,0,0.17986405,Moderate
74,0,0.31070185,High
75,0,0.047098696,Low
76,0,0.3395921,High
77,0,0.11696574,Moderate
78,0,0.18642123,Moderate
79,1,0.15999,Moderate
80,1,0.39044634,High
81,0,0.044629212,Low
82,0,0.03303217,Low
83,1,0.12038065,Moderate
84,0,0.10603285,Moderate
85,0,0.12038876,Moderate
86,0,0.06518198,Low
87,1,0.37404,High
88,0,0.088650696,Low
89,0,0.055925168,Low
90,0,0.747178,Very High
91,1,0.7892329,Very High
92,0,0.13958736,Moderate
93,0,0.06831734,Low
94,0,0.18599734,Moderate
95,0,0.12739938,Moderate
96,0,0.1615329,Moderate
97,0,0.05473824,Low
98,0,0.06857017,Low
99,0,0.1482167,Moderate
100,1,0.21849723,Moderate
101,0,0.11745927,Moderate
102,0,0.08826659,Low
103,0,0.1450279,Moderate
104,1,0.18269816,Moderate
105,0,0.6714727,Very High
106,0,0.13152255,Moderate
107,0,0.14563926,Moderate
108,0,0.15436058,Moderate
109,0,0.24122386,Moderate
110,0,0.32668817,High
111,0,0.093253106,Low
112,0,0.2820943,High
113,0,0.72446287,Very High
114,0,0.07175,Low
115,0,0.12229465,Moderate
116,1,0.55746526,Very High
117,0,0.13771029,Moderate
118,1,0.69035465,Very High
119,0,0.044783685,Low
120,0,0.051295493,Low
121,1,0.7250933,Very High
122,1,0.45260036,High
123,0,0.38425344,High
124,1,0.7115699,Very High
125,0,0.17801373,Moderate
126,0,0.43004665,High
127,0,0.08072659,Low
128,1,0.17076254,Moderate
129,1,0.22883256,Moderate
130,0,0.49886128,High
131,0,0.08390536,Low
132,0,0.28658772,High
133,0,0.07707727,Low
134,0,0.11248023,Moderate
135,0,0.15877926,Moderate
136,0,0.36539578,High
137,0,0.054713223,Low
138,0,0.10228859,Moderate
139,1,0.2462885,Moderate
140,0,0.14415057,Moderate
141,1,0.42791614,High
142,0,0.15719631,Moderate
143,0,0.34195536,High
144,0,0.04023684,Low
145,0,0.13622811,Moderate
146,0,0.3347535,High
147,1,0.10178635,Moderate
148,0,0.2147073,Moderate
149,0,0.48143488,High
150,0,0.23254772,Moderate
151,0,0.20269823,Moderate
152,0,0.062788956,Low
153,0,0.19431695,Moderate
154,0,0.06476971,Low
155,0,0.14119156,Moderate
156,0,0.06191628,Low
157,0,0.051155884,Low
158,0,0.08596847,Low
159,1,0.5553356,Very High
160,0,0.6267735,Very High
161,0,0.71397316,Very High
162,0,0.27983025,High
163,0,0.14680678,Moderate
164,0,0.11511518,Moderate
165,0,0.10881308,Moderate
166,0,0.08959515,Low
167,0,0.028214732,Low
168,0,0.20734562,Moderate
169,0,0.22497348,Moderate
170,0,0.13429824,Moderate
171,0,0.035146277,Low
172,0,0.12676366,Moderate
173,0,0.13976301,Moderate
174,1,0.62052524,Very High
175,0,0.25860897,High
176,1,0.7905168,Very High
177,0,0.15417142,Moderate
178,0,0.48560485,High
179,0,0.191247,Moderate
180,0,0.24844584,Moderate
181,0,0.09694817,Low
182,0,0.03894835,Low
183,0,0.014459977,Low
184,1,0.19481611,Moderate
185,0,0.16801423,Moderate
186,1,0.42710987,High
187,0,0.032414533,Low
188,1,0.6659675,Very High
189,0,0.13749702,Moderate
190,0,0.38495907,High
191,0,0.019728145,Low
192,1,0.71677387,Very High
193,0,0.10438762,Moderate
194,0,0.22597598,Moderate
195,0,0.09836777,Low
196,1,0.57369626,Very High
197,0,0.13494785,Moderate
198,0,0.19046465,Moderate
199,0,0.13978143,Moderate
200,1,0.48601842,High
201,0,0.1395364,Moderate
202,0,0.13948955,Moderate
203,0,0.050237972,Low
204,0,0.073710136,Low
205,0,0.123933844,Moderate
206,0,0.2254577,Moderate
207,0,0.32886818,High
208,1,0.14667265,Moderate
209,1,0.13758126,Moderate
210,0,0.08105529,Low
211,0,0.0752685,Low
212,1,0.29860193,High
213,0,0.17462467,Moderate
214,0,0.20655605,Moderate
215,0,0.6780376,Very High
216,0,0.3842711,High
217,1,0.26771,High
218,0,0.6797322,Very High
219,0,0.068561316,Low
220,0,0.1299732,Moderate
221,1,0.55874103,Very High
222,0,0.17571017,Moderate
223,0,0.10351723,Moderate
224,0,0.020077985,Low
225,1,0.51853144,Very High
226,0,0.0555145,Low
227,0,0.13544449,Moderate
228,0,0.1874375,Moderate
229,1,0.66120505,Very High
230,0,0.37210646,High
231,0,0.08891697,Low
232,1,0.4526324,High
233,0,0.183129,Moderate
234,1,0.72675717,Very High
235,0,0.13436225,Moderate
236,0,0.09351449,Low
237,0,0.06347095,Low
238,0,0.08447916,Low
239,1,0.10459722,Moderate
240,1,0.078093976,Low
241,0,0.37012863,High
242,0,0.1573416,Moderate
243,0,0.09492215,Low
244,0,0.34837824,High
245,0,0.52625847,Very High
246,0,0.22661702,Moderate
247,0,0.06981468,Low
248,0,0.0674638,Low
249,0,0.08593366,Low
250,0,0.1348575,Moderate
251,0,0.40909216,High
252,0,0.1427304,Moderate
253,1,0.08067701,Low
254,0,0.046030737,Low
255,0,0.05118152,Low
256,0,0.14346527,Moderate
257,0,0.12612823,Moderate
258,0,0.106190786,Moderate
259,0,0.108154684,Moderate
260,1,0.7742945,Very High
261,0,0.01333421,Low
262,0,0.17144045,Moderate
263,0,0.22617465,Moderate
264,0,0.11054648,Moderate
265,0,0.07739104,Low
266,0,0.1966395,Moderate
267,0,0.37202108,High
268,1,0.12562913,Moderate
269,0,0.17400421,Moderate
270,1,0.7579255,Very High
271,0,0.07713419,Low
272,0,0.46480572,High
273,1,0.6471474,Very High
274,0,0.06542521,Low
275,1,0.3383138,High
276,0,0.08597743,Low
277,1,0.43030626,High
278,0,0.26816723,High
279,0,0.19889496,Moderate
280,0,0.031759437,Low
281,0,0.18219508,Moderate
282,0,0.03588915,Low
283,0,0.06988068,Low
284,0,0.06520498,Low
285,0,0.039988082,Low
286,0,0.048675537,Low
287,0,0.60615104,Very High
288,0,0.03983326,Low
289,1,0.6360161,Very High
290,0,0.08077736,Low
291,1,0.37440097,High
292,1,0.33788416,High
293,0,0.80209595,Very High
294,1,0.36160648,High
295,0,0.26058283,High
296,0,0.11700236,Moderate
297,0,0.14717583,Moderate
298,0,0.07261063,Low
299,0,0.044291236,Low
300,1,0.35295358,High
301,0,0.14882793,Moderate
302,0,0.13610779,Moderate
303,0,0.13820915,Moderate
304,1,0.33761993,High
305,0,0.11534091,Moderate
306,0,0.11275859,Moderate
307,0,0.0512454,Low
308,0,0.19899546,Moderate
309,1,0.8197856,Very High
310,0,0.07900675,Low
311,0,0.10085914,Moderate
312,0,0.061358154,Low
313,0,0.32042202,High
314,1,0.24336286,Moderate
315,0,0.10057377,Moderate
316,1,0.11231837,Moderate
317,0,0.067843996,Low
318,0,0.25955302,High
319,0,0.5844102,Very High
320,0,0.2384916,Moderate
321,1,0.46935925,High
322,0,0.031049643,Low
323,0,0.19472101,Moderate
324,1,0.0795339,Low
325,0,0.02075836,Low
326,0,0.09560831,Low
327,1,0.40983453,High
328,1,0.7799059,Very High
329,0,0.044923343,Low
330,0,0.74589086,Very High
331,1,0.35036856,High
332,1,0.29908857,High
333,0,0.24691488,Moderate
334,0,0.16119067,Moderate
335,0,0.1774529,Moderate
336,0,0.058434546,Low
337,0,0.04287394,Low
338,0,0.13588233,Moderate
339,1,0.14157456,Moderate
340,0,0.08092328,Low
341,0,0.08768976,Low
342,0,0.25917044,High
343,0,0.20094241,Moderate
344,0,0.12025871,Moderate
345,0,0.08668334,Low
346,0,0.050534427,Low
347,0,0.12203574,Moderate
348,1,0.13074817,Moderate
349,0,0.07983112,Low
350,1,0.1737284,Moderate
351,0,0.06504616,Low
352,0,0.34184602,High
353,1,0.37676594,High
354,0,0.11698951,Moderate
355,0,0.65773845,Very High
356,1,0.08092938,Low
357,0,0.057152163,Low
358,0,0.030168716,Low
359,0,0.052934233,Low
360,0,0.06694257,Low
361,1,0.88423914,Very High
362,0,0.036253918,Low
363,0,0.51234114,Very High
364,1,0.4026226,High
365,0,0.13697298,Moderate
366,0,0.3164858,High
367,0,0.12851086,Moderate
368,0,0.6567003,Very High
369,0,0.41304392,High
370,1,0.6648868,Very High
371,1,0.6793808,Very High
372,0,0.08602671,Low
373,0,0.24150135,Moderate
374,0,0.1925952,Moderate
375,0,0.16012095,Moderate
376,0,0.12591763,Moderate
377,0,0.5017466,Very High
378,0,0.07639273,Low
379,0,0.047909062,Low
380,1,0.09059695,Low
381,0,0.08849895,Low
382,1,0.7001249,Very High
383,0,0.10032859,Moderate
384,1,0.3747518,High
385,0,0.10170418,Moderate
386,0,0.10387584,Moderate
387,0,0.116970375,Moderate
388,1,0.35563937,High
389,0,0.11026391,Moderate
390,1,0.33665594,High
391,0,0.439112,High
392,1,0.044184055,Low
393,0,0.04791522,Low
394,0,0.05391866,Low
395,0,0.10563126,Moderate
396,0,0.07005315,Low
397,0,0.095215626,Low
398,0,0.11932154,Moderate
399,0,0.048906494,Low
400,0,0.6725106,Very High
401,0,0.109771855,Moderate
402,0,0.12548947,Moderate
403,1,0.30557472,High
404,0,0.17082821,Moderate
405,1,0.74512804,Very High
406,0,0.13005391,Moderate
407,0,0.11630574,Moderate
408,0,0.2512352,High
409,0,0.019580353,Low
410,0,0.052643538,Low
411,1,0.52826977,Very High
412,0,0.18656205,Moderate
413,0,0.19324295,Moderate
414,1,0.28165546,High
415,0,0.023428235,Low
416,0,0.1299901,Moderate
417,0,0.10793119,Moderate
418,0,0.2739539,High
419,0,0.14546946,Moderate
420,1,0.3745347,High
421,0,0.6698671,Very High
422,0,0.02516014,Low
423,0,0.12051323,Moderate
424,1,0.83530664,Very High
425,0,0.044069484,Low
426,0,0.13833398,Moderate
427,1,0.78875875,Very High
428,1,0.17492633,Moderate
429,0,0.17157008,Moderate
430,0,0.09304863,Low
431,0,0.09610379,Low
432,1,0.13432246,Moderate
433,0,0.06326154,Low
434,0,0.044739462,Low
435,0,0.046326797,Low
436,1,0.69614416,Very High
437,0,0.28236648,High
438,0,0.101899795,Moderate
439,0,0.16454022,Moderate
440,1,0.16374835,Moderate
441,0,0.15593599,Moderate
442,0,0.27081457,High
443,0,0.2438305,Moderate
444,0,0.0597707,Low
445,1,0.13576628,Moderate
446,0,0.0846544,Low
447,0,0.10582884,Moderate
448,0,0.086490214,Low
449,0,0.029796608,Low
450,0,0.14187811,Moderate
451,1,0.5188947,Very High
452,1,0.73065466,Very High
453,0,0.089228556,Low
454,0,0.096163884,Low
455,0,0.09865138,Low
456,0,0.1760213,Moderate
457,0,0.45153067,High
458,0,0.11942341,Moderate
459,0,0.0886665,Low
460,1,0.17518385,Moderate
461,0,0.07674831,Low
462,0,0.10968568,Moderate
463,0,0.029288137,Low
464,0,0.026031394,Low
465,0,0.38324082,High
466,1,0.25716487,High
467,1,0.14319591,Moderate
468,0,0.087684266,Low
469,0,0.025777066,Low
470,0,0.1500384,Moderate
471,1,0.23258376,Moderate
472,0,0.13064207,Moderate
473,0,0.15487564,Moderate
474,0,0.51385343,Very High
475,0,0.1650141,Moderate
476,0,0.11169063,Moderate
477,0,0.14371258,Moderate
478,0,0.25414166,High
479,0,0.23544644,Moderate
480,0,0.24852479,Moderate
481,0,0.06359333,Low
482,1,0.38918442,High
483,0,0.17669086,Moderate
484,0,0.58378965,Very High
485,0,0.17551899,Moderate
486,0,0.15992402,Moderate
487,0,0.12220761,Moderate
488,0,0.044804316,Low
489,1,0.33404607,High
490,0,0.052284796,Low
491,0,0.09441315,Low
492,0,0.70245427,Very High
493,0,0.13655199,Moderate
494,0,0.08359863,Low
495,1,0.16713719,Moderate
496,0,0.25676018,High
497,0,0.10239031,Moderate
498,0,0.24875253,Moderate
499,0,0.20208308,Moderate
500,0,0.39626434,High
501,0,0.34892374,High
502,0,0.4815044,High
503,0,0.051097173,Low
504,1,0.11316309,Moderate
505,0,0.1734897,Moderate
506,0,0.29165313,High
507,0,0.06482077,Low
508,0,0.11564695,Moderate
509,0,0.16087334,Moderate
510,0,0.14188816,Moderate
511,0,0.31095356,High
512,1,0.22606114,Moderate
513,0,0.037232,Low
514,1,0.8112279,Very High
515,0,0.24453594,Moderate
516,0,0.12291433,Moderate
517,0,0.1657547,Moderate
518,0,0.13476416,Moderate
519,0,0.34921065,High
520,0,0.026488451,Low
521,0,0.15216967,Moderate
522,0,0.03260669,Low
523,1,0.14921767,Moderate
524,1,0.07350339,Low
525,0,0.040815987,Low
526,0,0.09560967,Low
527,0,0.4634034,High
528,1,0.7639906,Very High
529,0,0.18602246,Moderate
530,0,0.1897045,Moderate
531,0,0.11818435,Moderate
532,0,0.19564676,Moderate
533,1,0.5631488,Very High
534,1,0.71717757,Very High
535,0,0.102878906,Moderate
536,0,0.16056564,Moderate
537,0,0.09233272,Low
538,0,0.14432292,Moderate
539,0,0.19865495,Moderate
540,0,0.37662467,High
541,0,0.18209149,Moderate
542,0,0.2215284,Moderate
543,1,0.6677896,Very High
544,0,0.07740351,Low
545,0,0.058290888,Low
546,0,0.023842758,Low
547,1,0.35707256,High
548,0,0.2341389,Moderate
549,0,0.08243441,Low
550,0,0.03793035,Low
551,1,0.3990006,High
552,1,0.14019877,Moderate
553,1,0.17743444,Moderate
554,0,0.22549851,Moderate
555,0,0.20749271,Moderate
556,0,0.04522213,Low
557,0,0.07216483,Low
558,0,0.225938,Moderate
559,0,0.16668965,Moderate
560,0,0.04637205,Low
561,0,0.048982885,Low
562,0,0.09152926,Low
563,0,0.2189948,Moderate
564,0,0.023339141,Low
565,0,0.48030272,High
566,0,0.03263483,Low
567,1,0.10122283,Moderate
568,0,0.06278201,Low
569,0,0.11465428,Moderate
570,0,0.081776686,Low
571,0,0.10588003,Moderate
572,0,0.1302411,Moderate
573,0,0.071055524,Low
574,1,0.16655624,Moderate
575,0,0.0934416,Low
576,1,0.750531,Very High
577,0,0.09750183,Low
578,0,0.25920328,High
579,0,0.18302669,Moderate
580,0,0.1633962,Moderate
581,1,0.2833104,High
582,0,0.049069755,Low
583,0,0.11658768,Moderate
584,0,0.11189891,Moderate
585,0,0.17043439,Moderate
586,0,0.31400046,High
587,1,0.4106742,High
588,1,0.129238,Moderate
589,0,0.1008669,Moderate
590,0,0.026286699,Low
591,0,0.034241494,Low
592,0,0.06827455,Low
593,0,0.14598064,Moderate
594,0,0.116839424,Moderate
595,0,0.08973322,Low
596,0,0.087068185,Low
597,0,0.16689359,Moderate
598,0,0.32118866,High
599,0,0.6309505,Very High
600,1,0.19557726,Moderate
601,0,0.061901662,Low
602,1,0.36752605,High
603,0,0.08936461,Low
604,0,0.7388553,Very High
605,0,0.22194837,Moderate
606,0,0.5637433,Very High
607,0,0.17838708,Moderate
608,0,0.1531426,Moderate
609,0,0.05584417,Low
610,0,0.25393772,High
611,0,0.051726438,Low
612,1,0.13837537,Moderate
613,0,0.1525639,Moderate
614,0,0.6270674,Very High
615,0,0.353831,High
616,0,0.06511563,Low
617,0,0.18955898,Moderate
618,0,0.055597827,Low
619,0,0.14305268,Moderate
620,0,0.05612818,Low
621,0,0.052142352,Low
622,0,0.18503714,Moderate
623,0,0.1520765,Moderate
624,0,0.21461476,Moderate
625,0,0.16455622,Moderate
626,0,0.38337848,High
627,0,0.15743504,Moderate
628,0,0.24471249,Moderate
629,0,0.15539075,Moderate
630,0,0.09565194,Low
631,0,0.19251624,Moderate
632,0,0.21595621,Moderate
633,0,0.1827393,Moderate
634,0,0.29686946,High
635,0,0.090179026,Low
636,0,0.31197736,High
637,0,0.17403522,Moderate
638,0,0.14215726,Moderate
639,0,0.027229426,Low
640,0,0.046792142,Low
641,0,0.06339377,Low
642,0,0.14426313,Moderate
643,0,0.026108928,Low
644,0,0.034736536,Low
645,0,0.23494342,Moderate
646,0,0.3916936,High
647,1,0.7009536,Very High
648,0,0.09812297,Low
649,1,0.7882095,Very High
650,0,0.48471984,High
651,0,0.122808926,Moderate
652,0,0.05287082,Low
653,0,0.15164664,Moderate
654,1,0.09695296,Low
655,0,0.21961194,Moderate
656,1,0.06344839,Low
657,0,0.09105398,Low
658,1,0.046320476,Low
659,0,0.06981162,Low
660,0,0.19007432,Moderate
661,0,0.045585662,Low
662,1,0.12205102,Moderate
663,0,0.18954022,Moderate
664,0,0.18186332,Moderate
665,0,0.37519902,High
666,0,0.121379144,Moderate
667,0,0.22467437,Moderate
668,0,0.17733169,Moderate
669,0,0.488461,High
670,1,0.81366503,Very High
671,0,0.50097615,Very High
672,1,0.22029553,Moderate
673,1,0.66196954,Very High
674,1,0.8743046,Very High
675,0,0.028846493,Low
676,1,0.8275741,Very High
677,1,0.7211163,Very High
678,0,0.03613353,Low
679,0,0.08696888,Low
680,0,0.108392864,Moderate
681,0,0.08408098,Low
682,0,0.12413134,Moderate
683,0,0.16077659,Moderate
684,0,0.02199501,Low
685,0,0.117750876,Moderate
686,0,0.079845175,Low
687,1,0.295364,High
688,0,0.05335773,Low
689,0,0.11407099,Moderate
690,0,0.10189356,Moderate
691,0,0.037444815,Low
692,0,0.3705597,High
693,1,0.5862756,Very High
694,0,0.23883589,Moderate
695,0,0.060022417,Low
696,0,0.23620689,Moderate
697,0,0.10856494,Moderate
698,0,0.37566268,High
699,0,0.024878204,Low
700,0,0.09755368,Low
701,0,0.10582581,Moderate
702,0,0.10574832,Moderate
703,1,0.255796,High
704,1,0.48499975,High
705,0,0.4675689,High
706,1,0.11203466,Moderate
707,0,0.3761369,High
708,0,0.58321404,Very High
709,0,0.3572319,High
710,0,0.20036925,Moderate
711,0,0.11412649,Moderate
712,0,0.1964142,Moderate
713,0,0.16002162,Moderate
714,0,0.2797372,High
715,0,0.10821666,Moderate
716,0,0.1410741,Moderate
717,0,0.059983026,Low
718,1,0.10439883,Moderate
719,0,0.3340253,High
720,0,0.061628144,Low
721,0,0.21059288,Moderate
722,1,0.23055063,Moderate
723,0,0.14916356,Moderate
724,0,0.08028846,Low
725,0,0.30735427,High
726,1,0.4151479,High
727,0,0.04771703,Low
728,0,0.13980441,Moderate
729,0,0.029176679,Low
730,1,0.5069339,Very High
731,0,0.118582666,Moderate
732,0,0.10874672,Moderate
733,0,0.32539505,High
734,0,0.20490462,Moderate
735,0,0.0797334,Low
736,0,0.060991593,Low
737,0,0.07068394,Low
738,0,0.05108199,Low
739,0,0.09574184,Low
740,1,0.761159,Very High
741,0,0.06309945,Low
742,0,0.19611825,Moderate
743,0,0.061496545,Low
744,0,0.24013442,Moderate
745,0,0.036800932,Low
746,0,0.050971627,Low
747,0,0.10039633,Moderate
748,1,0.13504437,Moderate
749,1,0.20524026,Moderate
750,1,0.56128937,Very High
751,0,0.15827201,Moderate
752,0,0.50201243,Very High
753,1,0.16594532,Moderate
754,0,0.036810435,Low
755,0,0.15495661,Moderate
756,0,0.051482603,Low
757,0,0.04107834,Low
758,1,0.35956654,High
759,0,0.050446976,Low
760,0,0.15328993,Moderate
761,1,0.45478433,High
762,0,0.15017746,Moderate
763,0,0.048886783,Low
764,0,0.22162399,Moderate
765,0,0.09357302,Low
766,0,0.09311616,Low
767,0,0.07143314,Low
768,0,0.060944963,Low
769,0,0.15411344,Moderate
770,0,0.07234291,Low
771,0,0.030221043,Low
772,0,0.21046889,Moderate
773,0,0.20090815,Moderate
774,0,0.075790204,Low
775,0,0.19839625,Moderate
776,0,0.25489843,High
777,0,0.063861676,Low
778,0,0.25735405,High
779,1,0.6562338,Very High
780,0,0.29933596,High
781,0,0.2300387,Moderate
782,0,0.34029064,High
783,1,0.77628607,Very High
784,1,0.38004392,High
785,1,0.16686003,Moderate
786,0,0.14385639,Moderate
787,0,0.113106064,Moderate
788,0,0.095916,Low
789,0,0.10020373,Moderate
790,0,0.14180808,Moderate
791,0,0.39048716,High
792,0,0.19226925,Moderate
793,0,0.18493614,Moderate
794,0,0.08498268,Low
795,0,0.16970138,Moderate
796,0,0.12457986,Moderate
797,0,0.24912202,Moderate
798,0,0.17812291,Moderate
799,0,0.8210204,Very High
800,0,0.057130583,Low
801,0,0.1207099,Moderate
802,1,0.58749795,Very High
803,0,0.12050772,Moderate
804,0,0.14321272,Moderate
805,0,0.076279014,Low
806,0,0.07876543,Low
807,0,0.1815397,Moderate
808,1,0.50755507,Very High
809,0,0.13239263,Moderate
810,0,0.040399328,Low
811,0,0.20328477,Moderate
812,0,0.0540181,Low
813,0,0.20241666,Moderate
814,0,0.07916652,Low
815,1,0.60219055,Very High
816,0,0.19697408,Moderate
817,1,0.6190932,Very High
818,0,0.238671,Moderate
819,0,0.14410888,Moderate
820,0,0.038596075,Low
821,0,0.09339817,Low
822,1,0.3275382,High
823,0,0.20430256,Moderate
824,0,0.16137923,Moderate
825,1,0.13101731,Moderate
826,0,0.190186,Moderate
827,0,0.4511976,High
828,0,0.39044827,High
829,0,0.09483753,Low
830,0,0.08293883,Low
831,0,0.11015453,Moderate
832,0,0.4404564,High
833,1,0.12333328,Moderate
834,0,0.08871145,Low
835,0,0.17890947,Moderate
836,1,0.18466036,Moderate
837,0,0.7581037,Very High
838,0,0.08795293,Low
839,0,0.0334933,Low
840,1,0.47690466,High
841,0,0.3238244,High
842,0,0.043743588,Low
843,0,0.09343869,Low
844,1,0.2544774,High
845,0,0.06411333,Low
846,0,0.065692395,Low
847,0,0.24004306,Moderate
848,1,0.72756463,Very High
849,1,0.7453352,Very High
850,0,0.23558058,Moderate
851,0,0.33138543,High
852,0,0.44882897,High
853,0,0.14301758,Moderate
854,0,0.063106656,Low
855,0,0.13355824,Moderate
856,0,0.14504077,Moderate
857,1,0.42355946,High
858,1,0.78882176,Very High
859,0,0.08874001,Low
860,0,0.19698752,Moderate
861,0,0.2202186,Moderate
862,0,0.05043473,Low
863,1,0.87121016,Very High
864,0,0.16228074,Moderate
865,0,0.04883814,Low
866,0,0.1720231,Moderate
867,0,0.13614777,Moderate
868,0,0.10936227,Moderate
869,0,0.08744185,Low
870,0,0.16157678,Moderate
871,0,0.19129209,Moderate
872,0,0.07717835,Low
873,0,0.039595276,Low
874,0,0.114124805,Moderate
875,0,0.31696114,High
876,0,0.25776803,High
877,0,0.035798073,Low
878,0,0.08431021,Low
879,0,0.09146487,Low
880,0,0.7257821,Very High
881,0,0.08193335,Low
882,1,0.3835619,High
883,0,0.17740345,Moderate
884,0,0.120886326,Moderate
885,1,0.14602935,Moderate
886,0,0.11090141,Moderate
887,0,0.07803767,Low
888,0,0.082011074,Low
889,0,0.18189941,Moderate
890,0,0.027009375,Low
891,0,0.23484898,Moderate
892,0,0.2140731,Moderate
893,0,0.10918014,Moderate
894,0,0.03534476,Low
895,1,0.21284375,Moderate
896,0,0.11036116,Moderate
897,1,0.7784291,Very High
898,1,0.79072106,Very High
899,1,0.31215575,High
900,0,0.14897047,Moderate
901,0,0.17149895,Moderate
902,0,0.14463678,Moderate
903,0,0.08415025,Low
904,0,0.16902034,Moderate
905,0,0.68656045,Very High
906,0,0.3457411,High
907,1,0.7571599,Very High
908,0,0.09352575,Low
909,0,0.14314923,Moderate
910,0,0.017568002,Low
911,0,0.7022774,Very High
912,0,0.07078907,Low
913,0,0.083853416,Low
914,0,0.24323381,Moderate
915,0,0.09380028,Low
916,0,0.20454104,Moderate
917,0,0.04768864,Low
918,1,0.3491941,High
919,0,0.16091603,Moderate
920,0,0.045038126,Low
921,0,0.22413842,Moderate
922,0,0.19984603,Moderate
923,0,0.052996155,Low
924,0,0.30063015,High
925,0,0.11946052,Moderate
926,1,0.37395594,High
927,0,0.30525118,High
928,0,0.18704908,Moderate
929,0,0.033767536,Low
930,0,0.07072893,Low
931,0,0.03345934,Low
932,1,0.08349025,Low
933,1,0.4646166,High
934,1,0.7782801,Very High
935,0,0.15733099,Moderate
936,0,0.13363369,Moderate
937,0,0.06501312,Low
938,0,0.13620423,Moderate
939,1,0.46597102,High
940,0,0.057433024,Low
941,0,0.20248441,Moderate
942,0,0.18882246,Moderate
943,0,0.088678285,Low
944,1,0.50925326,Very High
945,0,0.07833271,Low
946,0,0.056015406,Low
947,0,0.096004,Low
948,0,0.15143636,Moderate
949,0,0.02830741,Low
950,0,0.25169688,High
951,1,0.17687996,Moderate
952,0,0.10826155,Moderate
953,0,0.01866517,Low
954,0,0.12346568,Moderate
955,0,0.088835,Low
956,0,0.21332304,Moderate
957,0,0.055334926,Low
958,1,0.23949851,Moderate
959,0,0.036013853,Low
960,1,0.30993235,High
961,1,0.31164753,High
962,0,0.24496801,Moderate
963,0,0.050503947,Low
964,0,0.19380279,Moderate
965,0,0.08273562,Low
966,0,0.035917703,Low
967,0,0.24399018,Moderate
968,0,0.11865376,Moderate
969,0,0.1100476,Moderate
970,0,0.09400313,Low
971,1,0.03459183,Low
972,0,0.08509001,Low
973,1,0.74966794,Very High
974,0,0.06203349,Low
975,1,0.21764158,Moderate
976,0,0.13464658,Moderate
977,1,0.53062475,Very High
978,0,0.15217368,Moderate
979,1,0.14462794,Moderate
980,0,0.27571356,High
981,0,0.10992054,Moderate
982,0,0.42782038,High
983,1,0.017620668,Low
984,0,0.15454838,Moderate
985,0,0.19213992,Moderate
986,1,0.1067021,Moderate
987,0,0.091634385,Low
988,0,0.52038413,Very High
989,0,0.5995269,Very High
990,0,0.469099,High
991,0,0.17867526,Moderate
992,1,0.2667563,High
993,0,0.100860894,Moderate
994,1,0.19833952,Moderate
995,1,0.32000008,High
996,0,0.0653532,Low
997,0,0.24373217,Moderate
998,1,0.4407674,High
999,1,0.3418568,High
1000,0,0.74680144,Very High
1001,0,0.21506494,Moderate
1002,0,0.04477353,Low
1003,0,0.13117738,Moderate
1004,1,0.4320635,High
1005,1,0.10014117,Moderate
1006,0,0.15583149,Moderate
1007,0,0.16061099,Moderate
1008,0,0.11357619,Moderate
1009,0,0.37033266,High
1010,0,0.105040476,Moderate
1011,0,0.09258087,Low
1012,0,0.11132048,Moderate
1013,0,0.024591617,Low
1014,0,0.1051547,Moderate
1015,0,0.056279305,Low
1016,0,0.10178657,Moderate
1017,1,0.21007374,Moderate
1018,1,0.5732331,Very High
1019,0,0.17633581,Moderate
1020,0,0.14219345,Moderate
1021,0,0.16309749,Moderate
1022,0,0.14518854,Moderate
1023,0,0.11841164,Moderate
1024,0,0.096223995,Low
1025,0,0.068649605,Low
1026,0,0.23859882,Moderate
1027,0,0.05239223,Low
1028,0,0.01860732,Low
1029,0,0.18983003,Moderate
1030,1,0.6874026,Very High
1031,0,0.08401211,Low
1032,0,0.15021396,Moderate
1033,1,0.37711868,High
1034,0,0.039896104,Low
1035,0,0.107498646,Moderate
1036,1,0.48036855,High
1037,0,0.03557506,Low
1038,1,0.14314426,Moderate
1039,0,0.10705029,Moderate
1040,0,0.07724859,Low
1041,0,0.20343144,Moderate
1042,1,0.5808055,Very High
1043,0,0.08130102,Low
1044,0,0.09290875,Low
1045,1,0.7790564,Very High
1046,0,0.11702101,Moderate
1047,1,0.31128594,High
1048,1,0.398747,High
1049,0,0.091557965,Low
1050,0,0.19797997,Moderate
1051,0,0.52615094,Very High
1052,0,0.06027672,Low
1053,0,0.15303493,Moderate
1054,0,0.15014546,Moderate
1055,0,0.49298355,High
1056,0,0.14679302,Moderate
1057,0,0.31867304,High
1058,0,0.16440845,Moderate
1059,0,0.060077686,Low
1060,1,0.7526566,Very High
1061,1,0.3251749,High
1062,0,0.1249232,Moderate
1063,1,0.12281472,Moderate
1064,0,0.05959617,Low
1065,1,0.6621938,Very High
1066,0,0.05922169,Low
1067,0,0.078380525,Low
1068,1,0.20578508,Moderate
1069,0,0.1347394,Moderate
1070,0,0.2093127,Moderate
1071,0,0.121443816,Moderate
1072,1,0.109406576,Moderate
1073,0,0.0644606,Low
1074,0,0.053280525,Low
1075,0,0.11950161,Moderate
1076,0,0.108154275,Moderate
1077,0,0.059697006,Low
1078,0,0.030064909,Low
1079,0,0.26052475,High
1080,0,0.086855374,Low
1081,0,0.063245215,Low
1082,0,0.5773754,Very High
1083,0,0.81513935,Very High
1084,1,0.52510846,Very High
1085,0,0.11382844,Moderate
1086,0,0.21512887,Moderate
1087,1,0.13057399,Moderate
1088,0,0.24678683,Moderate
1089,0,0.20204528,Moderate
1090,0,0.04824242,Low
1091,0,0.10234995,Moderate
1092,0,0.09192139,Low
1093,0,0.3030137,High
1094,1,0.4453441,High
1095,0,0.38846946,High
1096,0,0.100607924,Moderate
1097,0,0.12105351,Moderate
1098,0,0.2515917,High
1099,0,0.23496298,Moderate
1100,0,0.08241618,Low
1101,1,0.26810667,High
1102,1,0.37289616,High
1103,0,0.22369012,Moderate
1104,0,0.08084356,Low
1105,1,0.49457678,High
1106,0,0.10630478,Moderate
1107,0,0.09062475,Low
1108,0,0.20308465,Moderate
1109,1,0.13885452,Moderate
1110,0,0.34393206,High
1111,0,0.4662671,High
1112,0,0.1418677,Moderate
1113,0,0.117734715,Moderate
1114,0,0.039287195,Low
1115,0,0.15491472,Moderate
1116,0,0.09616844,Low
1117,1,0.07119273,Low
1118,0,0.4446245,High
1119,1,0.5287688,Very High
1120,0,0.15862788,Moderate
1121,1,0.61033165,Very High
1122,1,0.57849807,Very High
1123,0,0.26158518,High
1124,0,0.08550796,Low
1125,0,0.0938338,Low
1126,0,0.18119581,Moderate
1127,0,0.01943449,Low
1128,0,0.1336167,Moderate
1129,0,0.31169897,High
1130,1,0.3965188,High
1131,1,0.23420969,Moderate
1132,0,0.2117311,Moderate
1133,0,0.6832735,Very High
1134,0,0.7011313,Very High
1135,0,0.5038865,Very High
1136,0,0.22366396,Moderate
1137,0,0.09751467,Low
1138,0,0.14325783,Moderate
1139,0,0.2139635,Moderate
1140,0,0.038502425,Low
1141,0,0.16528526,Moderate
1142,0,0.29638314,High
1143,0,0.09287566,Low
1144,0,0.14922538,Moderate
1145,1,0.7064509,Very High
1146,1,0.6742391,Very High
1147,1,0.8642782,Very High
1148,0,0.20244162,Moderate
1149,0,0.2700139,High
1150,0,0.4186524,High
1151,0,0.27524236,High
1152,0,0.2283048,Moderate
1153,1,0.7974873,Very High
1154,0,0.06918529,Low
1155,0,0.52274024,Very High
1156,0,0.05348706,Low
1157,0,0.1015787,Moderate
1158,0,0.33351323,High
1159,0,0.12908386,Moderate
1160,0,0.42605293,High
1161,0,0.11760138,Moderate
1162,0,0.07927559,Low
1163,0,0.06895009,Low
1164,0,0.038510315,Low
1165,0,0.25569797,High
1166,0,0.7948527,Very High
1167,0,0.07442341,Low
1168,0,0.12450117,Moderate
1169,0,0.15120558,Moderate
1170,0,0.14483215,Moderate
1171,1,0.24581149,Moderate
1172,0,0.15838674,Moderate
1173,0,0.05017948,Low
1174,0,0.21276884,Moderate
1175,1,0.06858189,Low
1176,1,0.776008,Very High
1177,0,0.13473043,Moderate
1178,0,0.05934102,Low
1179,0,0.18033977,Moderate
1180,0,0.12566148,Moderate
1181,0,0.11884387,Moderate
1182,0,0.5943532,Very High
1183,1,0.7683785,Very High
1184,0,0.074026175,Low
1185,0,0.13363989,Moderate
1186,0,0.2446472,Moderate
1187,1,0.3566061,High
1188,0,0.25026855,High
1189,0,0.040338423,Low
1190,0,0.07876073,Low
1191,0,0.113568954,Moderate
1192,0,0.079776466,Low
1193,1,0.15274443,Moderate
1194,0,0.027838323,Low
1195,0,0.08962555,Low
1196,0,0.10231228,Moderate
1197,0,0.10685024,Moderate
1198,0,0.2491069,Moderate
1199,1,0.034022227,Low
1200,0,0.14219572,Moderate
1201,0,0.10499492,Moderate
1202,0,0.058632597,Low
1203,0,0.11891065,Moderate
1204,0,0.2894678,High
1205,0,0.073261045,Low
1206,1,0.056427993,Low
1207,1,0.79451156,Very High
1208,0,0.11776694,Moderate
1209,1,0.044356342,Low
1210,1,0.2252258,Moderate
1211,0,0.08742532,Low
1212,0,0.2152676,Moderate
1213,1,0.17471877,Moderate
1214,0,0.102109365,Moderate
1215,0,0.06717913,Low
1216,0,0.072350554,Low
1217,0,0.096858084,Low
1218,0,0.050734993,Low
1219,0,0.17380917,Moderate
1220,0,0.085148156,Low
1221,0,0.11330037,Moderate
1222,0,0.1502168,Moderate
1223,0,0.08448445,Low
1224,1,0.1578817,Moderate
1225,0,0.15265968,Moderate
1226,1,0.19626512,Moderate
1227,0,0.10018236,Moderate
1228,0,0.022828331,Low
1229,1,0.10439573,Moderate
1230,0,0.10817798,Moderate
1231,1,0.16732143,Moderate
1232,0,0.055742834,Low
1233,0,0.5059221,Very High
1234,0,0.39134067,High
1235,0,0.14419906,Moderate
1236,1,0.13404658,Moderate
1237,1,0.568693,Very High
1238,0,0.07148168,Low
1239,1,0.157126,Moderate
1240,0,0.1127837,Moderate
1241,0,0.17345941,Moderate
1242,0,0.4512339,High
1243,0,0.10496334,Moderate
1244,1,0.79507476,Very High
1245,0,0.22835664,Moderate
1246,0,0.10522838,Moderate
1247,1,0.7734844,Very High
1248,0,0.20613468,Moderate
1249,0,0.026018057,Low
1250,1,0.8537041,Very High
1251,0,0.05359779,Low
1252,1,0.063126914,Low
1253,0,0.17436332,Moderate
1254,0,0.066102624,Low
1255,0,0.08784823,Low
1256,0,0.34376994,High
1257,0,0.150322,Moderate
1258,0,0.1346883,Moderate
1259,0,0.20753297,Moderate
1260,0,0.6721196,Very High
1261,0,0.0444609,Low
1262,1,0.30317304,High
1263,0,0.19756131,Moderate
1264,1,0.4086941,High
1265,0,0.0437256,Low
1266,0,0.067615286,Low
1267,0,0.07494536,Low
1268,0,0.4736136,High
1269,1,0.3817947,High
1270,0,0.04438138,Low
1271,0,0.14315066,Moderate
1272,0,0.36904952,High
1273,0,0.042719223,Low
1274,0,0.18840215,Moderate
1275,0,0.1274234,Moderate
1276,1,0.26205695,High
1277,0,0.048088495,Low
1278,0,0.19756055,Moderate
1279,0,0.060080454,Low
1280,0,0.054123677,Low
1281,0,0.04102122,Low
1282,0,0.26500306,High
1283,0,0.046497084,Low
1284,0,0.048571903,Low
1285,0,0.02770694,Low
1286,0,0.056263175,Low
1287,0,0.035689086,Low
1288,0,0.04542912,Low
1289,1,0.6528059,Very High
1290,0,0.053698633,Low
1291,0,0.124979794,Moderate
1292,0,0.17397118,Moderate
1293,0,0.15056436,Moderate
1294,1,0.07976484,Low
1295,0,0.11563217,Moderate
1296,0,0.034902815,Low
1297,0,0.4095844,High
1298,0,0.116859645,Moderate
1299,1,0.10274186,Moderate
1300,1,0.31708834,High
1301,0,0.63933027,Very High
1302,1,0.32621247,High
1303,0,0.21103582,Moderate
1304,1,0.6382102,Very High
1305,0,0.21645093,Moderate
1306,0,0.09378526,Low
1307,0,0.20844452,Moderate
1308,0,0.18118344,Moderate
1309,0,0.28044856,High
1310,0,0.16753235,Moderate
1311,1,0.7361261,Very High
1312,0,0.69734466,Very High
1313,0,0.040971354,Low
1314,0,0.023675557,Low
1315,0,0.62667483,Very High
1316,1,0.39454746,High
1317,0,0.032190163,Low
1318,0,0.07986626,Low
1319,0,0.24653049,Moderate
1320,0,0.05820027,Low
1321,0,0.02144606,Low
1322,0,0.086307734,Low
1323,0,0.030109525,Low
1324,0,0.13566144,Moderate
1325,0,0.08855012,Low
1326,0,0.5230881,Very High
1327,0,0.09382556,Low
1328,0,0.32031766,High
1329,0,0.10015219,Moderate
1330,0,0.17099069,Moderate
1331,0,0.2505336,High
1332,0,0.14940822,Moderate
1333,1,0.35003856,High
1334,0,0.12009592,Moderate
1335,1,0.21875234,Moderate
1336,0,0.11424192,Moderate
1337,1,0.7841402,Very High
1338,0,0.120562576,Moderate
1339,0,0.12590474,Moderate
1340,1,0.48483413,High
1341,0,0.015905168,Low
1342,0,0.06025933,Low
1343,1,0.17788652,Moderate
1344,0,0.5430523,Very High
1345,1,0.18295288,Moderate
1346,0,0.28971305,High
1347,0,0.07872294,Low
1348,0,0.07827703,Low
1349,0,0.041483566,Low
1350,1,0.5041697,Very High
1351,0,0.33719128,High
1352,1,0.096638754,Low
1353,0,0.17982806,Moderate
1354,0,0.22506292,Moderate
1355,0,0.14552796,Moderate
1356,0,0.08767648,Low
1357,0,0.08927672,Low
1358,1,0.7056682,Very High
1359,0,0.18088405,Moderate
1360,0,0.06229951,Low
1361,0,0.11303605,Moderate
1362,0,0.137143,Moderate
1363,1,0.65613884,Very High
1364,0,0.15114285,Moderate
1365,0,0.4786396,High
1366,0,0.2953898,High
1367,0,0.099747196,Low
1368,1,0.11653944,Moderate
1369,0,0.66536,Very High
1370,0,0.06085188,Low
1371,0,0.06770536,Low
1372,0,0.062154204,Low
1373,0,0.5901184,Very High
1374,0,0.12553766,Moderate
1375,0,0.1392375,Moderate
1376,0,0.19657047,Moderate
1377,0,0.15106995,Moderate
1378,0,0.20227237,Moderate
1379,0,0.1191045,Moderate
1380,0,0.46879974,High
1381,0,0.27728108,High
1382,0,0.37196183,High
1383,0,0.103324786,Moderate
1384,0,0.02198722,Low
1385,0,0.10577273,Moderate
1386,0,0.058480527,Low
1387,0,0.07174892,Low
1388,0,0.4235211,High
1389,0,0.05329424,Low
1390,0,0.34526065,High
1391,1,0.7354845,Very High
1392,0,0.116529,Moderate
1393,0,0.06541518,Low
1394,0,0.15521444,Moderate
1395,0,0.07464029,Low
1396,0,0.15436476,Moderate
1397,1,0.58229554,Very High
1398,0,0.09279394,Low
1399,0,0.67470247,Very High
1400,0,0.18779956,Moderate
1401,0,0.06590535,Low
1402,0,0.627525,Very High
1403,1,0.12658498,Moderate
1404,0,0.08535755,Low
1405,0,0.10678855,Moderate
1406,1,0.14914095,Moderate
1407,0,0.040701013,Low
1408,0,0.061872914,Low
1409,1,0.074215755,Low
1410,0,0.0866308,Low
1411,0,0.13489594,Moderate
1412,0,0.03155957,Low
1413,0,0.2233251,Moderate
1414,0,0.08961372,Low
1415,0,0.017701915,Low
1416,0,0.12254032,Moderate
1417,0,0.12789537,Moderate
1418,0,0.4527194,High
1419,0,0.14912055,Moderate
1420,0,0.042151198,Low
1421,0,0.0747985,Low
1422,0,0.03160584,Low
1423,0,0.09507806,Low
1424,0,0.31727946,High
1425,0,0.07303027,Low
1426,0,0.13397677,Moderate
1427,0,0.12703343,Moderate
1428,0,0.67183876,Very High
1429,1,0.81240666,Very High
1430,0,0.10475191,Moderate
1431,0,0.14474173,Moderate
1432,1,0.7725933,Very High
1433,1,0.8048162,Very High
1434,0,0.18304445,Moderate
1435,0,0.13764258,Moderate
1436,1,0.81830305,Very High
1437,1,0.20363818,Moderate
1438,0,0.091838636,Low
1439,0,0.29799852,High
1440,0,0.13877784,Moderate
1441,0,0.34389752,High
1442,0,0.0735955,Low
1443,1,0.2580795,High
1444,0,0.06604375,Low
1445,1,0.55127406,Very High
1446,0,0.6907538,Very High
1447,1,0.26705214,High
1448,0,0.2288493,Moderate
1449,0,0.21033995,Moderate
1450,1,0.14353949,Moderate
1451,0,0.16496801,Moderate
1452,1,0.16827968,Moderate
1453,0,0.117997624,Moderate
1454,0,0.3809817,High
1455,0,0.16258998,Moderate
1456,0,0.32637817,High
1457,0,0.11691398,Moderate
1458,1,0.45561954,High
1459,1,0.087417535,Low
1460,0,0.2007197,Moderate
1461,1,0.8171584,Very High
1462,0,0.2214533,Moderate
1463,0,0.06709981,Low
1464,0,0.03115386,Low
1465,0,0.05333568,Low
1466,0,0.14031366,Moderate
1467,1,0.33474952,High
1468,0,0.18372013,Moderate
1469,0,0.14930314,Moderate
1470,1,0.17313023,Moderate
1471,0,0.1022272,Moderate
1472,1,0.36324477,High
1473,0,0.019361248,Low
1474,0,0.23124532,Moderate
1475,1,0.0643941,Low
1476,0,0.06372821,Low
1477,0,0.07396189,Low
1478,0,0.14550348,Moderate
1479,1,0.2877893,High
1480,0,0.123344205,Moderate
1481,0,0.05745514,Low
1482,0,0.20833737,Moderate
1483,0,0.041116025,Low
1484,0,0.14135313,Moderate
1485,0,0.122409165,Moderate
1486,1,0.9174309,Very High
1487,0,0.019481681,Low
1488,0,0.14427786,Moderate
1489,1,0.6914475,Very High
1490,1,0.50573134,Very High
1491,0,0.026242249,Low
1492,0,0.14887688,Moderate
1493,0,0.65172976,Very High
1494,0,0.082021646,Low
1495,0,0.06482958,Low
1496,0,0.4810784,High
1497,1,0.8262263,Very High
1498,0,0.1780172,Moderate
1499,0,0.203221,Moderate
1500,0,0.2707253,High
1501,0,0.11180377,Moderate
1502,0,0.31771746,High
1503,0,0.30677426,High
1504,0,0.188045,Moderate
1505,0,0.06122132,Low
1506,0,0.049429517,Low
1507,0,0.23283729,Moderate
1508,0,0.056596566,Low
1509,0,0.17442192,Moderate
1510,1,0.772736,Very High
1511,0,0.11268682,Moderate
1512,0,0.68873495,Very High
1513,0,0.1580318,Moderate
1514,1,0.1760178,Moderate
1515,0,0.17834838,Moderate
1516,0,0.14122468,Moderate
1517,0,0.24931292,Moderate
1518,1,0.7318332,Very High
1519,0,0.5981512,Very High
1520,0,0.029872214,Low
1521,0,0.59185916,Very High
1522,0,0.7672987,Very High
1523,0,0.08396762,Low
1524,1,0.76023513,Very High
1525,0,0.15928067,Moderate
1526,0,0.5271033,Very High
1527,1,0.1091774,Moderate
1528,0,0.0797594,Low
1529,0,0.31430984,High
1530,0,0.13631876,Moderate
1531,0,0.07352749,Low
1532,0,0.036225382,Low
1533,0,0.52700007,Very High
1534,0,0.036375932,Low
1535,0,0.10036991,Moderate
1536,0,0.14341341,Moderate
1537,0,0.29339898,High
1538,0,0.3513004,High
1539,1,0.15938383,Moderate
1540,0,0.1868503,Moderate
1541,1,0.45582458,High
1542,0,0.35067713,High
1543,0,0.091986574,Low
1544,0,0.14198011,Moderate
1545,1,0.19479792,Moderate
1546,1,0.10649565,Moderate
1547,0,0.103370056,Moderate
1548,0,0.22282767,Moderate
1549,1,0.18271968,Moderate
1550,0,0.088944495,Low
1551,1,0.14452404,Moderate
1552,0,0.050216954,Low
1553,0,0.15873338,Moderate
1554,0,0.20088394,Moderate
1555,0,0.26585734,High
1556,1,0.07052216,Low
1557,0,0.15506968,Moderate
1558,0,0.14656712,Moderate
1559,1,0.60000974,Very High
1560,1,0.12920974,Moderate
1561,0,0.18172961,Moderate
1562,0,0.30296916,High
1563,0,0.11430846,Moderate
1564,0,0.27332443,High
1565,1,0.050496437,Low
1566,0,0.21272522,Moderate
1567,0,0.051206015,Low
1568,0,0.13200599,Moderate
1569,0,0.12959047,Moderate
1570,1,0.19131765,Moderate
1571,0,0.23698063,Moderate
1572,0,0.48768163,High
1573,0,0.18237954,Moderate
1574,1,0.1420537,Moderate
1575,0,0.20136517,Moderate
1576,0,0.08906,Low
1577,0,0.11281537,Moderate
1578,0,0.21208788,Moderate
1579,0,0.1734913,Moderate
1580,0,0.115276165,Moderate
1581,0,0.06732544,Low
1582,0,0.19448417,Moderate
1583,0,0.19637114,Moderate
1584,0,0.4171385,High
1585,0,0.118850745,Moderate
1586,0,0.09112361,Low
1587,0,0.073803075,Low
1588,0,0.04164778,Low
1589,0,0.045358673,Low
1590,0,0.09889686,Low
1591,0,0.11470011,Moderate
1592,0,0.47550607,High
1593,0,0.04979923,Low
1594,0,0.056872264,Low
1595,0,0.21137118,Moderate
1596,0,0.10664432,Moderate
1597,0,0.3296125,High
1598,0,0.19196345,Moderate
1599,0,0.046764288,Low
1600,1,0.1769951,Moderate
1601,0,0.15949118,Moderate
1602,0,0.29806283,High
1603,0,0.08985631,Low
1604,0,0.119597144,Moderate
1605,0,0.058274228,Low
1606,0,0.08310768,Low
1607,1,0.8011905,Very High
1608,1,0.17700036,Moderate
1609,0,0.108752914,Moderate
1610,0,0.13516904,Moderate
1611,0,0.22785898,Moderate
1612,0,0.04651658,Low
1613,0,0.049586754,Low
1614,1,0.25262988,High
1615,0,0.16014807,Moderate
1616,1,0.26799506,High
1617,1,0.51515687,Very High
1618,0,0.063308604,Low
1619,0,0.0751352,Low
1620,1,0.07108812,Low
1621,0,0.17995852,Moderate
1622,0,0.095634826,Low
1623,0,0.13259095,Moderate
1624,0,0.113311216,Moderate
1625,0,0.04143929,Low
1626,1,0.6729552,Very High
1627,0,0.12864496,Moderate
1628,1,0.15403838,Moderate
1629,0,0.6919661,Very High
1630,0,0.19631428,Moderate
1631,0,0.033796676,Low
1632,0,0.05145889,Low
1633,0,0.04375909,Low
1634,0,0.079468906,Low
1635,0,0.09726863,Low
1636,0,0.105977766,Moderate
1637,0,0.17474517,Moderate
1638,0,0.74967307,Very High
1639,1,0.5734867,Very High
1640,0,0.18987983,Moderate
1641,0,0.14174941,Moderate
1642,0,0.12255257,Moderate
1643,1,0.18070282,Moderate
1644,0,0.17494465,Moderate
1645,1,0.68311703,Very High
1646,1,0.16919482,Moderate
1647,1,0.52981764,Very High
1648,0,0.09953746,Low
1649,0,0.10322702,Moderate
1650,0,0.114809245,Moderate
1651,0,0.13116667,Moderate
1652,0,0.111034766,Moderate
1653,0,0.28231704,High
1654,1,0.42127034,High
1655,0,0.13487114,Moderate
1656,0,0.12859218,Moderate
1657,1,0.15407073,Moderate
1658,0,0.123129874,Moderate
1659,0,0.12043303,Moderate
1660,0,0.15415385,Moderate
1661,0,0.4549075,High
1662,1,0.36525786,High
1663,0,0.29395732,High
1664,1,0.29956815,High
1665,0,0.119881295,Moderate
1666,0,0.1669124,Moderate
1667,0,0.77843666,Very High
1668,1,0.44107124,High
1669,0,0.14305235,Moderate
1670,0,0.5510622,Very High
1671,0,0.15944214,Moderate
1672,0,0.20245355,Moderate
1673,0,0.08956646,Low
1674,0,0.07967522,Low
1675,0,0.06594715,Low
1676,1,0.16688809,Moderate
1677,0,0.064915046,Low
1678,0,0.03908964,Low
1679,0,0.2867955,High
1680,0,0.122338444,Moderate
1681,1,0.11586109,Moderate
1682,0,0.10498993,Moderate
1683,0,0.14253993,Moderate
1684,0,0.18379098,Moderate
1685,0,0.07575797,Low
1686,0,0.096285574,Low
1687,0,0.06684203,Low
1688,0,0.16469885,Moderate
1689,0,0.24527179,Moderate
1690,1,0.42004803,High
1691,0,0.037802003,Low
1692,0,0.11846076,Moderate
1693,0,0.106495924,Moderate
1694,0,0.06661728,Low
1695,1,0.17098436,Moderate
1696,0,0.14650804,Moderate
1697,1,0.4791281,High
1698,0,0.24230549,Moderate
1699,0,0.27559686,High
1700,0,0.113535,Moderate
1701,0,0.11501358,Moderate
1702,0,0.10805834,Moderate
1703,1,0.12151753,Moderate
1704,0,0.15600443,Moderate
1705,0,0.1617698,Moderate
1706,1,0.43259406,High
1707,0,0.79292506,Very High
1708,0,0.036110763,Low
1709,0,0.13575055,Moderate
1710,0,0.09019744,Low
1711,1,0.1597167,Moderate
1712,0,0.14964202,Moderate
1713,1,0.86687505,Very High
1714,0,0.028885996,Low
1715,0,0.25627893,High
1716,0,0.15714929,Moderate
1717,0,0.13997212,Moderate
1718,1,0.20159175,Moderate
1719,0,0.05949716,Low
1720,1,0.6606141,Very High
1721,0,0.042742748,Low
1722,0,0.270625,High
1723,1,0.70097476,Very High
1724,0,0.058078855,Low
1725,0,0.024168331,Low
1726,0,0.027127955,Low
1727,0,0.34595996,High
1728,1,0.67212504,Very High
1729,0,0.23525849,Moderate
1730,0,0.4995392,High
1731,1,0.15176362,Moderate
1732,1,0.10263046,Moderate
1733,0,0.103682555,Moderate
1734,0,0.07161591,Low
1735,0,0.09803274,Low
1736,0,0.16672516,Moderate
1737,1,0.662947,Very High
1738,0,0.31649297,High
1739,1,0.18241829,Moderate
1740,0,0.27905175,High
1741,1,0.38409236,High
1742,0,0.124694705,Moderate
1743,0,0.10312957,Moderate
1744,0,0.17015831,Moderate
1745,0,0.066932745,Low
1746,0,0.12430596,Moderate
1747,0,0.106410466,Moderate
1748,0,0.066454776,Low
1749,0,0.11194345,Moderate
1750,0,0.08767628,Low
1751,0,0.08018433,Low
1752,1,0.91100806,Very High
1753,0,0.072889075,Low
1754,0,0.092989855,Low
1755,0,0.11980525,Moderate
1756,0,0.22772907,Moderate
1757,0,0.0902582,Low
1758,0,0.35950002,High
1759,0,0.08038466,Low
1760,0,0.33719128,High
1761,0,0.17427246,Moderate
1762,0,0.1234984,Moderate
1763,0,0.23798722,Moderate
1764,0,0.09181694,Low
1765,0,0.4933297,High
1766,1,0.19018146,Moderate
1767,1,0.78305566,Very High
1768,0,0.07519653,Low
1769,0,0.12473684,Moderate
1770,1,0.19663973,Moderate
1771,0,0.20132552,Moderate
1772,0,0.12089188,Moderate
1773,0,0.083451204,Low
1774,1,0.78515613,Very High
1775,0,0.1027132,Moderate
1776,1,0.8654912,Very High
1777,0,0.117023945,Moderate
1778,1,0.20633689,Moderate
1779,0,0.11537721,Moderate
1780,0,0.09334107,Low
1781,0,0.13504721,Moderate
1782,0,0.16820219,Moderate
1783,0,0.195206,Moderate
1784,0,0.08332464,Low
1785,0,0.07096257,Low
1786,1,0.22373855,Moderate
1787,1,0.4508767,High
1788,0,0.049018495,Low
1789,0,0.11163629,Moderate
1790,0,0.06369749,Low
1791,0,0.07976933,Low
1792,0,0.072450325,Low
1793,0,0.028078016,Low
1794,0,0.09899523,Low
1795,1,0.21144992,Moderate
1796,0,0.3892316,High
1797,0,0.083643176,Low
1798,0,0.038869858,Low
1799,0,0.03337106,Low
1800,0,0.07441722,Low
1801,1,0.20782648,Moderate
1802,0,0.2021554,Moderate
1803,0,0.16165723,Moderate
1804,0,0.09508797,Low
1805,1,0.051786616,Low
1806,0,0.031320184,Low
1807,0,0.09192846,Low
1808,0,0.054453824,Low
1809,0,0.09281264,Low
1810,0,0.012242447,Low
1811,0,0.21215889,Moderate
1812,0,0.110232025,Moderate
1813,1,0.17140399,Moderate
1814,0,0.6261726,Very High
1815,0,0.05353337,Low
1816,0,0.2555291,High
1817,0,0.20370667,Moderate
1818,0,0.21626218,Moderate
1819,0,0.032572962,Low
1820,0,0.049753405,Low
1821,1,0.32178178,High
1822,0,0.058027912,Low
1823,0,0.07666064,Low
1824,0,0.056225892,Low
1825,0,0.18090583,Moderate
1826,0,0.08531373,Low
1827,1,0.39851364,High
1828,0,0.11963776,Moderate
1829,0,0.031875487,Low
1830,0,0.4341771,High
1831,1,0.20320962,Moderate
1832,0,0.033968516,Low
1833,0,0.106456295,Moderate
1834,0,0.2047312,Moderate
1835,0,0.07651385,Low
1836,1,0.53893924,Very High
1837,0,0.14737323,Moderate
1838,1,0.15663488,Moderate
1839,0,0.10346096,Moderate
1840,1,0.72264767,Very High
1841,0,0.13176394,Moderate
1842,1,0.17721023,Moderate
1843,0,0.111575566,Moderate
1844,1,0.205885,Moderate
1845,0,0.16502991,Moderate
1846,1,0.6982468,Very High
1847,0,0.111065365,Moderate
1848,1,0.45454127,High
1849,0,0.07348269,Low
1850,1,0.5985014,Very High
1851,0,0.20463389,Moderate
1852,0,0.0781953,Low
1853,0,0.052569628,Low
1854,0,0.038642026,Low
1855,0,0.07947644,Low
1856,0,0.14204001,Moderate
1857,0,0.11501375,Moderate
1858,0,0.12874214,Moderate
1859,0,0.051653773,Low
1860,0,0.41693372,High
1861,0,0.24217151,Moderate
1862,1,0.7755375,Very High
1863,0,0.13812743,Moderate
1864,0,0.17167296,Moderate
1865,0,0.027167372,Low
1866,0,0.117089756,Moderate
1867,0,0.114150785,Moderate
1868,0,0.15836011,Moderate
1869,1,0.6748115,Very High
1870,1,0.7721979,Very High
1871,0,0.08231321,Low
1872,0,0.1879732,Moderate
1873,0,0.085069366,Low
1874,0,0.15408558,Moderate
1875,1,0.28554988,High
1876,0,0.1860725,Moderate
1877,0,0.1699501,Moderate
1878,0,0.028278459,Low
1879,0,0.11884063,Moderate
1880,1,0.8267251,Very High
1881,0,0.10810346,Moderate
1882,1,0.70984924,Very High
1883,0,0.06491512,Low
1884,0,0.09770653,Low
1885,1,0.19662985,Moderate
1886,0,0.34390116,High
1887,0,0.09195153,Low
1888,0,0.058743183,Low
1889,0,0.48977697,High
1890,1,0.14802895,Moderate
1891,0,0.12582223,Moderate
1892,0,0.15366751,Moderate
1893,0,0.26543516,High
1894,1,0.11499281,Moderate
1895,1,0.4752308,High
1896,0,0.052578643,Low
1897,0,0.091176376,Low
1898,0,0.034025375,Low
1899,0,0.03805597,Low
1900,0,0.14320973,Moderate
1901,0,0.15255016,Moderate
1902,0,0.2936309,High
1903,0,0.05707299,Low
1904,0,0.03386693,Low
1905,0,0.13560341,Moderate
1906,0,0.0734599,Low
1907,0,0.059582148,Low
1908,0,0.082770914,Low
1909,0,0.67822015,Very High
1910,0,0.06578168,Low
1911,1,0.17668438,Moderate
1912,0,0.15010066,Moderate
1913,0,0.23404355,Moderate
1914,0,0.0747952,Low
1915,0,0.1398751,Moderate
1916,0,0.052721545,Low
1917,0,0.17348553,Moderate
1918,0,0.056782223,Low
1919,0,0.04767214,Low
1920,0,0.18848766,Moderate
1921,1,0.44311446,High
1922,0,0.13386047,Moderate
1923,1,0.1749987,Moderate
1924,0,0.02365496,Low
1925,1,0.21602993,Moderate
1926,0,0.04125535,Low
1927,0,0.103934236,Moderate
1928,0,0.059888966,Low
1929,0,0.09527476,Low
1930,0,0.036018796,Low
1931,0,0.09394832,Low
1932,1,0.55238646,Very High
1933,0,0.09727187,Low
1934,0,0.26758158,High
1935,1,0.5097114,Very High
1936,0,0.14129196,Moderate
1937,1,0.5393708,Very High
1938,1,0.17091756,Moderate
1939,0,0.035611667,Low
1940,0,0.0576313,Low
1941,0,0.12667577,Moderate
1942,0,0.5128052,Very High
1943,0,0.1065329,Moderate
1944,0,0.07642079,Low
1945,1,0.7483083,Very High
1946,1,0.2988029,High
1947,0,0.030370401,Low
1948,0,0.07298268,Low
1949,0,0.08914857,Low
1950,0,0.048427913,Low
1951,0,0.11777574,Moderate
1952,0,0.079808205,Low
1953,0,0.28588286,High
1954,1,0.27609745,High
1955,0,0.064976275,Low
1956,0,0.4949648,High
1957,1,0.91090894,Very High
1958,0,0.11074174,Moderate
1959,0,0.07220017,Low
1960,0,0.13981712,Moderate
1961,1,0.66377497,Very High
1962,0,0.021090943,Low
1963,0,0.090474375,Low
1964,0,0.0919191,Low
1965,1,0.3493344,High
1966,0,0.20794521,Moderate
1967,0,0.29080778,High
1968,0,0.07488959,Low
1969,1,0.7101651,Very High
1970,0,0.10872782,Moderate
1971,0,0.11043032,Moderate
1972,1,0.49331358,High
1973,0,0.063882716,Low
1974,0,0.22982337,Moderate
1975,1,0.60814077,Very High
1976,0,0.20359175,Moderate
1977,0,0.106514186,Moderate
1978,0,0.08640503,Low
1979,0,0.13720979,Moderate
1980,1,0.034017015,Low
1981,1,0.3493344,High
1982,1,0.79681027,Very High
1983,0,0.046510544,Low
1984,1,0.38525674,High
1985,0,0.036043994,Low
1986,1,0.5940756,Very High
1987,0,0.07558772,Low
1988,0,0.5128051,Very High
1989,0,0.7394536,Very High
1990,1,0.15977444,Moderate
1991,0,0.054724265,Low
1992,1,0.78568155,Very High
1993,0,0.29478753,High
1994,0,0.0398772,Low
1995,0,0.2715261,High
1996,0,0.042396683,Low
1997,0,0.11131751,Moderate
1998,0,0.27775496,High
1999,0,0.18069872,Moderate
2000,0,0.082410626,Low
2001,1,0.23443317,Moderate
2002,0,0.21914755,Moderate
2003,0,0.123970605,Moderate
2004,1,0.6896333,Very High
2005,0,0.02852095,Low
2006,0,0.09975162,Low
2007,0,0.17908329,Moderate
2008,0,0.17966288,Moderate
2009,1,0.23415059,Moderate
2010,0,0.36349195,High
2011,0,0.28267118,High
2012,0,0.25657198,High
2013,1,0.7595632,Very High
2014,0,0.2334629,Moderate
2015,0,0.12159811,Moderate
2016,1,0.15502638,Moderate
2017,1,0.65560603,Very High
2018,1,0.0576469,Low
2019,0,0.07470317,Low
2020,1,0.6606558,Very High
2021,0,0.080177054,Low
2022,0,0.055546913,Low
2023,0,0.064731546,Low
2024,0,0.061822258,Low
2025,0,0.1438683,Moderate
2026,1,0.7287868,Very High
2027,0,0.10626085,Moderate
2028,0,0.1914096,Moderate
2029,1,0.26530376,High
2030,1,0.69157064,Very High
2031,0,0.054190923,Low
2032,0,0.1733289,Moderate
2033,0,0.015764706,Low
2034,0,0.11777505,Moderate
2035,0,0.2596978,High
2036,0,0.088173844,Low
2037,0,0.034369085,Low
2038,0,0.050813887,Low
2039,0,0.18525928,Moderate
2040,0,0.07973262,Low
2041,0,0.22637191,Moderate
2042,0,0.2435354,Moderate
2043,0,0.1550697,Moderate
2044,1,0.15095575,Moderate
2045,0,0.113130875,Moderate
2046,1,0.769868,Very High
2047,0,0.30582818,High
2048,0,0.07122987,Low
2049,0,0.1600396,Moderate
2050,0,0.12220355,Moderate
2051,0,0.59710103,Very High
2052,0,0.72742873,Very High
2053,0,0.36330706,High
2054,0,0.61724895,Very High
2055,0,0.1933673,Moderate
2056,1,0.30981928,High
2057,1,0.45188263,High
2058,0,0.17491008,Moderate
2059,0,0.44201666,High
2060,0,0.055930287,Low
2061,0,0.15307377,Moderate
2062,0,0.11035223,Moderate
2063,0,0.12664373,Moderate
2064,0,0.07602026,Low
2065,1,0.44693092,High
2066,0,0.099171795,Low
2067,0,0.39555576,High
2068,0,0.19969183,Moderate
2069,1,0.17695048,Moderate
2070,0,0.07987243,Low
2071,0,0.087728485,Low
2072,0,0.72331774,Very High
2073,0,0.1795064,Moderate
2074,0,0.18878013,Moderate
2075,0,0.025518779,Low
2076,0,0.32384244,High
2077,0,0.33643433,High
2078,1,0.4872539,High
2079,0,0.07327453,Low
2080,0,0.57922137,Very High
2081,0,0.11579889,Moderate
2082,0,0.09676635,Low
2083,0,0.36138344,High
2084,0,0.15707365,Moderate
2085,0,0.031604946,Low
2086,0,0.33998325,High
2087,1,0.864651,Very High
2088,0,0.096839875,Low
2089,0,0.16253091,Moderate
2090,1,0.7891084,Very High
2091,0,0.36134836,High
2092,0,0.3116873,High
2093,0,0.1768204,Moderate
2094,0,0.08120111,Low
2095,0,0.717173,Very High
2096,0,0.1537048,Moderate
2097,1,0.52941084,Very High
2098,0,0.065339066,Low
2099,0,0.055197842,Low
2100,1,0.70965564,Very High
2101,0,0.046179738,Low
2102,0,0.7782913,Very High
2103,1,0.72475153,Very High
2104,0,0.048812207,Low
2105,0,0.119578205,Moderate
2106,1,0.58250874,Very High
2107,0,0.17547807,Moderate
2108,0,0.35108837,High
2109,0,0.55880773,Very High
2110,0,0.058544297,Low
2111,0,0.10958558,Moderate
2112,1,0.24916156,Moderate
2113,0,0.1552862,Moderate
2114,1,0.17733337,Moderate
2115,1,0.83461434,Very High
2116,0,0.13379906,Moderate
2117,1,0.13210095,Moderate
2118,1,0.4771371,High
2119,0,0.53712064,Very High
2120,0,0.076862425,Low
2121,0,0.05197434,Low
2122,0,0.70099497,Very High
2123,0,0.48697716,High
2124,0,0.046472903,Low
2125,1,0.7061202,Very High
2126,0,0.10444779,Moderate
2127,0,0.21685772,Moderate
2128,0,0.746368,Very High
2129,1,0.12168696,Moderate
2130,0,0.012523002,Low
2131,1,0.85842067,Very High
2132,0,0.14158168,Moderate
2133,0,0.40947485,High
2134,0,0.08262219,Low
2135,1,0.82791764,Very High
2136,0,0.045503892,Low
2137,0,0.20597708,Moderate
2138,0,0.039644465,Low
2139,0,0.16928342,Moderate
2140,1,0.16179425,Moderate
2141,0,0.5307066,Very High
2142,0,0.24087985,Moderate
2143,1,0.7708412,Very High
2144,1,0.72002894,Very High
2145,1,0.8400649,Very High
2146,0,0.09272191,Low
2147,0,0.073397115,Low
2148,0,0.25247657,High
2149,1,0.72822684,Very High
2150,0,0.08622274,Low
2151,0,0.1128959,Moderate
2152,0,0.111841954,Moderate
2153,0,0.12881587,Moderate
2154,0,0.025282012,Low
2155,0,0.1062496,Moderate
2156,1,0.7894174,Very High
2157,1,0.18686707,Moderate
2158,0,0.038506646,Low
2159,0,0.13924576,Moderate
2160,0,0.4306479,High
2161,0,0.10540977,Moderate
2162,0,0.14658336,Moderate
2163,0,0.06667774,Low
2164,0,0.21993843,Moderate
2165,0,0.023356382,Low
2166,0,0.40391576,High
2167,0,0.03483952,Low
2168,1,0.8196889,Very High
2169,0,0.28507534,High
2170,0,0.32697478,High
2171,0,0.07532388,Low
2172,0,0.06968548,Low
2173,0,0.19146603,Moderate
2174,0,0.06362087,Low
2175,0,0.05165815,Low
2176,0,0.11788178,Moderate
2177,0,0.03537825,Low
2178,0,0.14817502,Moderate
2179,0,0.12998708,Moderate
2180,0,0.10635168,Moderate
2181,0,0.08473905,Low
2182,0,0.12586235,Moderate
2183,0,0.056870617,Low
2184,0,0.16163692,Moderate
2185,0,0.2017719,Moderate
2186,0,0.07338836,Low
2187,1,0.16219878,Moderate
2188,1,0.2851558,High
2189,0,0.114346586,Moderate
2190,0,0.10903171,Moderate
2191,0,0.10950163,Moderate
2192,0,0.16726424,Moderate
2193,0,0.054556146,Low
2194,0,0.05762943,Low
2195,0,0.16421975,Moderate
2196,0,0.2361785,Moderate
2197,0,0.18481018,Moderate
2198,0,0.08076571,Low
2199,0,0.059644822,Low
2200,1,0.21407858,Moderate
2201,1,0.46704268,High
2202,0,0.053353153,Low
2203,0,0.06707744,Low
2204,0,0.25305644,High
2205,0,0.15865523,Moderate
2206,0,0.09338159,Low
2207,0,0.10783408,Moderate
2208,1,0.22901331,Moderate
2209,0,0.19995311,Moderate
2210,0,0.11649774,Moderate
2211,0,0.18287352,Moderate
2212,0,0.07804182,Low
2213,0,0.22719558,Moderate
2214,0,0.041988634,Low
2215,0,0.21806887,Moderate
2216,0,0.2880133,High
2217,0,0.093886346,Low
2218,1,0.06255576,Low
2219,1,0.75160855,Very High
2220,1,0.16740298,Moderate
2221,1,0.2396134,Moderate
2222,0,0.2309961,Moderate
2223,0,0.12365379,Moderate
2224,0,0.12534875,Moderate
2225,0,0.023376644,Low
2226,1,0.15254854,Moderate
2227,1,0.3274128,High
2228,0,0.16300981,Moderate
2229,0,0.13168003,Moderate
2230,0,0.1593349,Moderate
2231,0,0.21576099,Moderate
2232,1,0.5058513,Very High
2233,0,0.11122293,Moderate
2234,0,0.26210395,High
2235,0,0.50024945,Very High
2236,0,0.03453943,Low
2237,0,0.19127285,Moderate
2238,0,0.04606504,Low
2239,0,0.17103505,Moderate
2240,0,0.1899231,Moderate
2241,0,0.10043133,Moderate
2242,1,0.640984,Very High
2243,0,0.4778739,High
2244,1,0.6991319,Very High
2245,0,0.045934223,Low
2246,0,0.15452254,Moderate
2247,0,0.104613945,Moderate
2248,1,0.33447877,High
2249,1,0.25568628,High
2250,1,0.24499382,Moderate
2251,0,0.10044647,Moderate
2252,0,0.7202444,Very High
2253,0,0.12533975,Moderate
2254,0,0.1984206,Moderate
2255,0,0.14612183,Moderate
2256,0,0.63826925,Very High
2257,1,0.57106656,Very High
2258,0,0.10636858,Moderate
2259,0,0.062478095,Low
2260,0,0.16965894,Moderate
2261,0,0.08954079,Low
2262,1,0.07327273,Low
2263,0,0.69553864,Very High
2264,0,0.12648664,Moderate
2265,0,0.15490387,Moderate
2266,1,0.1781469,Moderate
2267,0,0.032032307,Low
2268,0,0.15413809,Moderate
2269,1,0.82473165,Very High
2270,0,0.35043612,High
2271,0,0.11743811,Moderate
2272,0,0.30232835,High
2273,0,0.23183851,Moderate
2274,0,0.2491788,Moderate
2275,0,0.105335906,Moderate
2276,0,0.26370126,High
2277,0,0.077474035,Low
2278,0,0.18322669,Moderate
2279,1,0.69508266,Very High
2280,0,0.23924191,Moderate
2281,0,0.15673807,Moderate
2282,0,0.026740748,Low
2283,0,0.13499798,Moderate
2284,0,0.22041912,Moderate
2285,1,0.13973857,Moderate
2286,0,0.09121581,Low
2287,0,0.46284437,High
2288,0,0.11846841,Moderate
2289,0,0.3090966,High
2290,1,0.16406207,Moderate
2291,0,0.35389408,High
2292,0,0.5035244,Very High
2293,1,0.83780795,Very High
2294,0,0.26695654,High
2295,1,0.5219657,Very High
2296,0,0.363996,High
2297,0,0.029050669,Low
2298,1,0.54077095,Very High
2299,0,0.044820644,Low
2300,0,0.12204897,Moderate
2301,0,0.68012714,Very High
2302,1,0.084318765,Low
2303,0,0.3291596,High
2304,1,0.45078096,High
2305,0,0.107893765,Moderate
2306,0,0.2992838,High
2307,0,0.360463,High
2308,0,0.17505904,Moderate
2309,0,0.122201346,Moderate
2310,0,0.0610592,Low
2311,0,0.32766715,High
2312,0,0.04396344,Low
2313,0,0.5354007,Very High
2314,0,0.06642728,Low
2315,0,0.062506594,Low
2316,0,0.07385398,Low
2317,0,0.23907146,Moderate
2318,0,0.16930173,Moderate
2319,1,0.124916635,Moderate
2320,0,0.11367504,Moderate
2321,0,0.0885295,Low
2322,0,0.514789,Very High
2323,0,0.12642242,Moderate
2324,0,0.06582095,Low
2325,1,0.78527474,Very High
2326,0,0.13467313,Moderate
2327,0,0.075085655,Low
2328,0,0.12873572,Moderate
2329,0,0.1491024,Moderate
2330,0,0.11372326,Moderate
2331,0,0.10552774,Moderate
2332,1,0.09693563,Low
2333,0,0.74519634,Very High
2334,0,0.24591811,Moderate
2335,0,0.092765786,Low
2336,0,0.15133044,Moderate
2337,1,0.15700752,Moderate
2338,0,0.09341327,Low
2339,0,0.06786948,Low
2340,0,0.052440755,Low
2341,0,0.44655943,High
2342,0,0.15048766,Moderate
2343,0,0.048087474,Low
2344,0,0.07462434,Low
2345,0,0.10885893,Moderate
2346,0,0.11072834,Moderate
2347,0,0.08132243,Low
2348,1,0.0381864,Low
2349,0,0.39707884,High
2350,1,0.31110814,High
2351,0,0.035410155,Low
2352,0,0.150398,Moderate
2353,1,0.35878322,High
2354,0,0.07749169,Low
2355,0,0.13520116,Moderate
2356,0,0.13195844,Moderate
2357,1,0.6883573,Very High
2358,0,0.043584336,Low
2359,0,0.047638196,Low
2360,0,0.07138576,Low
2361,0,0.4254445,High
2362,0,0.062515825,Low
2363,0,0.3962206,High
2364,1,0.25104892,High
2365,0,0.047221202,Low
2366,1,0.63289547,Very High
2367,0,0.09521585,Low
2368,0,0.083812945,Low
2369,0,0.05426337,Low
2370,0,0.13651647,Moderate
2371,0,0.08644046,Low
2372,0,0.1365898,Moderate
2373,0,0.13376653,Moderate
2374,0,0.113263346,Moderate
2375,1,0.7421863,Very High
2376,1,0.7883797,Very High
2377,0,0.12682272,Moderate
2378,1,0.22225939,Moderate
2379,1,0.44066912,High
2380,0,0.04741533,Low
2381,0,0.09161617,Low
2382,0,0.051146764,Low
2383,0,0.23260048,Moderate
2384,0,0.1038743,Moderate
2385,0,0.20732947,Moderate
2386,0,0.032918938,Low
2387,0,0.15160166,Moderate
2388,0,0.06568721,Low
2389,0,0.06853967,Low
2390,0,0.37517107,High
2391,1,0.41899338,High
2392,0,0.09925148,Low
2393,1,0.7846191,Very High
2394,0,0.24370061,Moderate
2395,0,0.14438286,Moderate
2396,0,0.07308252,Low
2397,0,0.2661132,High
2398,0,0.15104368,Moderate
2399,0,0.13017975,Moderate
2400,0,0.088543214,Low
2401,0,0.0806153,Low
2402,0,0.13284194,Moderate
2403,0,0.51698387,Very High
2404,1,0.2541232,High
2405,0,0.118911624,Moderate
2406,1,0.88747394,Very High
2407,0,0.11782256,Moderate
2408,1,0.7572091,Very High
2409,0,0.11879056,Moderate
2410,0,0.05306319,Low
2411,0,0.15623537,Moderate
2412,0,0.123181485,Moderate
2413,1,0.7842026,Very High
2414,0,0.09282168,Low
2415,1,0.2860993,High
2416,0,0.12879282,Moderate
2417,0,0.15449756,Moderate
2418,1,0.7048657,Very High
2419,0,0.31059936,High
2420,0,0.04122149,Low
2421,0,0.42330405,High
2422,1,0.79507446,Very High
2423,0,0.17420478,Moderate
2424,0,0.16703649,Moderate
2425,0,0.04451852,Low
2426,0,0.39563382,High
2427,0,0.28137684,High
2428,1,0.5033609,Very High
2429,0,0.10821518,Moderate
2430,1,0.2559906,High
2431,1,0.2614506,High
2432,0,0.30460805,High
2433,1,0.7160801,Very High
2434,0,0.18066157,Moderate
2435,1,0.7846233,Very High
2436,1,0.30572698,High
2437,1,0.44604734,High
2438,1,0.69956523,Very High
2439,0,0.06723131,Low
2440,0,0.08034945,Low
2441,0,0.10388338,Moderate
2442,1,0.25638825,High
2443,0,0.056689374,Low
2444,0,0.32501045,High
2445,0,0.2586611,High
2446,1,0.18209852,Moderate
2447,0,0.07946753,Low
2448,1,0.7077793,Very High
2449,0,0.076152906,Low
2450,1,0.6875623,Very High
2451,1,0.18586262,Moderate
2452,0,0.029641576,Low
2453,0,0.1475214,Moderate
2454,0,0.20277774,Moderate
2455,0,0.029539762,Low
2456,0,0.16067591,Moderate
2457,0,0.14136891,Moderate
2458,0,0.53654724,Very High
2459,0,0.49267304,High
2460,0,0.07505663,Low
2461,0,0.040257256,Low
2462,1,0.7222394,Very High
2463,1,0.67703825,Very High
2464,1,0.5558499,Very High
2465,1,0.23182054,Moderate
2466,1,0.67953664,Very High
2467,1,0.15204042,Moderate
2468,0,0.17455406,Moderate
2469,0,0.07430621,Low
2470,0,0.14377151,Moderate
2471,1,0.7382739,Very High
2472,1,0.82747287,Very High
2473,0,0.103706695,Moderate
2474,0,0.13758576,Moderate
2475,0,0.18750387,Moderate
2476,0,0.30918235,High
2477,0,0.16684742,Moderate
2478,0,0.04862495,Low
2479,0,0.17341715,Moderate
2480,0,0.1220259,Moderate
2481,1,0.33459985,High
2482,0,0.05355118,Low
2483,1,0.37090343,High
2484,1,0.18186359,Moderate
2485,0,0.47452885,High
2486,0,0.17231844,Moderate
2487,0,0.04467798,Low
2488,1,0.25127614,High
2489,1,0.7241803,Very High
2490,0,0.4558929,High
2491,0,0.14903669,Moderate
2492,1,0.1639077,Moderate
2493,0,0.112508915,Moderate
2494,0,0.033365216,Low
2495,1,0.36836007,High
2496,0,0.16695534,Moderate
2497,0,0.083021566,Low
2498,0,0.20947322,Moderate
2499,1,0.27826476,High
2500,0,0.06814201,Low
2501,1,0.037827455,Low
2502,0,0.027997352,Low
2503,0,0.11273031,Moderate
2504,1,0.19791804,Moderate
2505,0,0.13638867,Moderate
2506,0,0.44752374,High
2507,1,0.10637246,Moderate
2508,1,0.40433368,High
2509,0,0.10032448,Moderate
2510,1,0.79854786,Very High
2511,1,0.675312,Very High
2512,1,0.09533361,Low
2513,1,0.4512202,High
2514,0,0.38728333,High
2515,0,0.03087233,Low
2516,0,0.17628098,Moderate
2517,0,0.19049975,Moderate
2518,0,0.113481425,Moderate
2519,0,0.090356044,Low
2520,0,0.08970334,Low
2521,0,0.08781607,Low
2522,0,0.08657679,Low
2523,0,0.076585464,Low
2524,0,0.22978242,Moderate
2525,0,0.14442697,Moderate
2526,0,0.11051022,Moderate
2527,0,0.4871294,High
2528,0,0.25354767,High
2529,0,0.22240897,Moderate
2530,0,0.3000169,High
2531,1,0.35305187,High
2532,1,0.19825922,Moderate
2533,0,0.09019775,Low
2534,0,0.07305639,Low
2535,0,0.16221756,Moderate
2536,0,0.21417522,Moderate
2537,1,0.11965729,Moderate
2538,1,0.24304909,Moderate
2539,0,0.10296654,Moderate
2540,0,0.27162337,High
2541,0,0.13893248,Moderate
2542,1,0.7725815,Very High
2543,0,0.08668408,Low
2544,0,0.09765044,Low
2545,1,0.14119655,Moderate
2546,1,0.10385229,Moderate
2547,0,0.04675905,Low
2548,0,0.19910304,Moderate
2549,0,0.05136931,Low
2550,0,0.5846057,Very High
2551,0,0.06814421,Low
2552,0,0.14106214,Moderate
2553,1,0.18887275,Moderate
2554,0,0.094693564,Low
2555,0,0.085000545,Low
2556,0,0.032930925,Low
2557,0,0.10984338,Moderate
2558,1,0.6674375,Very High
2559,0,0.12815468,Moderate
2560,0,0.3289902,High
2561,1,0.05667027,Low
2562,0,0.1913682,Moderate
2563,1,0.8393063,Very High
2564,0,0.19612417,Moderate
2565,0,0.43651313,High
2566,0,0.1258821,Moderate
2567,0,0.25541997,High
2568,0,0.08661134,Low
2569,0,0.3727193,High
2570,0,0.18773296,Moderate
2571,0,0.14696637,Moderate
2572,0,0.42943883,High
2573,0,0.264855,High
2574,0,0.1727117,Moderate
2575,0,0.048611213,Low
2576,0,0.098607294,Low
2577,0,0.17607665,Moderate
2578,0,0.11051645,Moderate
2579,0,0.058162753,Low
2580,1,0.5242665,Very High
2581,0,0.10777712,Moderate
2582,0,0.29524046,High
2583,1,0.22795527,Moderate
2584,0,0.060143076,Low
2585,0,0.23296268,Moderate
2586,0,0.09314926,Low
2587,1,0.16268353,Moderate
2588,0,0.21004754,Moderate
2589,0,0.076379284,Low
2590,1,0.70586044,Very High
2591,0,0.08936733,Low
2592,0,0.45476198,High
2593,0,0.051979426,Low
2594,0,0.062459942,Low
2595,0,0.10208078,Moderate
2596,0,0.20459443,Moderate
2597,0,0.093856364,Low
2598,0,0.11493645,Moderate
2599,0,0.03750428,Low
2600,0,0.15796825,Moderate
2601,1,0.37844488,High
2602,0,0.028620962,Low
2603,1,0.6595708,Very High
2604,0,0.11730308,Moderate
2605,0,0.092196494,Low
2606,0,0.19470163,Moderate
2607,0,0.30621916,High
2608,1,0.21988492,Moderate
2609,1,0.29094404,High
2610,0,0.05128036,Low
2611,0,0.03133317,Low
2612,0,0.18674946,Moderate
2613,0,0.11352999,Moderate
2614,0,0.33661756,High
2615,0,0.015086686,Low
2616,0,0.06708231,Low
2617,1,0.24812718,Moderate
2618,1,0.68835664,Very High
2619,0,0.03826396,Low
2620,1,0.20601727,Moderate
2621,0,0.15812314,Moderate
2622,0,0.36768016,High
2623,0,0.21894345,Moderate
2624,0,0.049783148,Low
2625,0,0.0968194,Low
2626,0,0.14152002,Moderate
2627,0,0.11353409,Moderate
2628,0,0.20526437,Moderate
2629,0,0.085961334,Low
2630,1,0.7241279,Very High
2631,0,0.09444034,Low
2632,0,0.12326155,Moderate
2633,1,0.18831019,Moderate
2634,1,0.47235057,High
2635,1,0.21354835,Moderate
2636,0,0.10496912,Moderate
2637,0,0.36579502,High
2638,0,0.031938385,Low
2639,0,0.1723065,Moderate
2640,0,0.08119926,Low
2641,1,0.73369765,Very High
2642,1,0.51450175,Very High
2643,0,0.287512,High
2644,0,0.26783428,High
2645,1,0.47162452,High
2646,0,0.14331326,Moderate
2647,1,0.7730776,Very High
2648,1,0.25671196,High
2649,0,0.090795636,Low
2650,0,0.100942224,Moderate
2651,1,0.19663325,Moderate
2652,1,0.25989145,High
2653,0,0.12304353,Moderate
2654,0,0.13380393,Moderate
2655,0,0.20593591,Moderate
2656,1,0.38123846,High
2657,1,0.408712,High
2658,0,0.30771813,High
2659,0,0.51794577,Very High
2660,0,0.67241865,Very High
2661,1,0.18047267,Moderate
2662,0,0.03182374,Low
2663,0,0.13429566,Moderate
2664,0,0.07602095,Low
2665,1,0.29864186,High
2666,0,0.19203945,Moderate
2667,0,0.058453046,Low
2668,0,0.15702619,Moderate
2669,0,0.19201724,Moderate
2670,1,0.22523947,Moderate
2671,0,0.043969125,Low
2672,1,0.4049559,High
2673,0,0.3010587,High
2674,0,0.029212493,Low
2675,0,0.12443588,Moderate
2676,0,0.306347,High
2677,0,0.18980911,Moderate
2678,0,0.20855395,Moderate
2679,0,0.09519554,Low
2680,0,0.22643581,Moderate
2681,0,0.05696017,Low
2682,0,0.17517404,Moderate
2683,0,0.1557307,Moderate
2684,0,0.04522634,Low
2685,1,0.734143,Very High
2686,0,0.06393121,Low
2687,0,0.027392657,Low
2688,0,0.064856224,Low
2689,1,0.12746209,Moderate
2690,0,0.16116983,Moderate
2691,0,0.15118939,Moderate
2692,0,0.025256602,Low
2693,0,0.12555237,Moderate
2694,0,0.13161436,Moderate
2695,0,0.30145258,High
2696,0,0.31045538,High
2697,0,0.11044407,Moderate
2698,0,0.17350459,Moderate
2699,0,0.24356185,Moderate
2700,0,0.48307446,High
2701,0,0.23408683,Moderate
2702,0,0.21087818,Moderate
2703,0,0.13064812,Moderate
2704,0,0.6540158,Very High
2705,0,0.13465258,Moderate
2706,0,0.05788971,Low
2707,1,0.6683054,Very High
2708,0,0.1206116,Moderate
2709,0,0.04176306,Low
2710,0,0.1350719,Moderate
2711,0,0.03880485,Low
2712,0,0.24978055,Moderate
2713,0,0.2400208,Moderate
2714,0,0.107096225,Moderate
2715,0,0.75133467,Very High
2716,0,0.32861087,High
2717,0,0.08650004,Low
2718,0,0.18506612,Moderate
2719,0,0.13503493,Moderate
2720,0,0.17449641,Moderate
2721,0,0.1662811,Moderate
2722,0,0.06335297,Low
2723,1,0.8200812,Very High
2724,0,0.06538092,Low
2725,0,0.19350442,Moderate
2726,0,0.33816132,High
2727,0,0.08897031,Low
2728,0,0.15012383,Moderate
2729,0,0.2846161,High
2730,0,0.09122801,Low
2731,0,0.545387,Very High
2732,1,0.066617325,Low
2733,0,0.06956666,Low
2734,0,0.22036973,Moderate
2735,0,0.056985058,Low
2736,0,0.08962737,Low
2737,0,0.14662181,Moderate
2738,1,0.4687801,High
2739,0,0.13447092,Moderate
2740,0,0.16582935,Moderate
2741,0,0.1024849,Moderate
2742,0,0.10342823,Moderate
2743,0,0.13716106,Moderate
2744,0,0.047909252,Low
2745,0,0.12615252,Moderate
2746,0,0.036710266,Low
2747,1,0.6270981,Very High
2748,0,0.055645246,Low
2749,1,0.10225573,Moderate
2750,1,0.3933698,High
2751,0,0.22366734,Moderate
2752,0,0.25976178,High
2753,1,0.23602144,Moderate
2754,1,0.23767832,Moderate
2755,0,0.1884404,Moderate
2756,0,0.05912685,Low
2757,1,0.76601815,Very High
2758,0,0.16751531,Moderate
2759,0,0.17593211,Moderate
2760,0,0.06634328,Low
2761,0,0.074880034,Low
2762,0,0.09613724,Low
2763,0,0.10165255,Moderate
2764,0,0.15857871,Moderate
2765,0,0.067629226,Low
2766,0,0.060797412,Low
2767,0,0.04393885,Low
2768,1,0.16450725,Moderate
2769,0,0.028378515,Low
2770,0,0.12547936,Moderate
2771,0,0.6357551,Very High
2772,0,0.15468289,Moderate
2773,1,0.7023013,Very High
2774,0,0.32944888,High
2775,0,0.024996927,Low
2776,0,0.101044066,Moderate
2777,1,0.78069484,Very High
2778,0,0.07639172,Low
2779,1,0.66729444,Very High
2780,0,0.04269517,Low
2781,1,0.1289618,Moderate
2782,0,0.12216604,Moderate
2783,0,0.021936886,Low
2784,0,0.2518664,High
2785,1,0.3206066,High
2786,0,0.14436497,Moderate
2787,0,0.28767297,High
2788,1,0.12885393,Moderate
2789,0,0.265804,High
2790,1,0.35172766,High
2791,1,0.1856312,Moderate
2792,0,0.3011878,High
2793,0,0.05608134,Low
2794,0,0.11470879,Moderate
2795,1,0.33318484,High
2796,1,0.35024527,High
2797,0,0.37093922,High
2798,0,0.05096125,Low
2799,0,0.134031,Moderate
2800,0,0.079339154,Low
2801,0,0.25415733,High
2802,1,0.5065494,Very High
2803,1,0.16632259,Moderate
2804,0,0.118153825,Moderate
2805,0,0.19271974,Moderate
2806,0,0.21301219,Moderate
2807,0,0.16728805,Moderate
2808,0,0.21744506,Moderate
2809,0,0.05004419,Low
2810,0,0.16234909,Moderate
2811,0,0.36375058,High
2812,1,0.12642272,Moderate
2813,0,0.03763076,Low
2814,0,0.10684143,Moderate
2815,0,0.20627831,Moderate
2816,0,0.14946224,Moderate
2817,0,0.16590391,Moderate
2818,1,0.75308347,Very High
2819,0,0.08117859,Low
2820,0,0.17632508,Moderate
2821,0,0.7732046,Very High
2822,1,0.5991068,Very High
2823,0,0.04150837,Low
2824,1,0.39136133,High
2825,1,0.18875203,Moderate
2826,1,0.18160872,Moderate
2827,0,0.046919107,Low
2828,0,0.06844987,Low
2829,1,0.29988796,High
2830,0,0.062734865,Low
2831,0,0.12858312,Moderate
2832,0,0.23449042,Moderate
2833,0,0.14496644,Moderate
2834,0,0.103876345,Moderate
2835,0,0.13610186,Moderate
2836,1,0.75321215,Very High
2837,0,0.08635398,Low
2838,0,0.07488055,Low
2839,0,0.052472744,Low
2840,0,0.059745427,Low
2841,0,0.13163105,Moderate
2842,0,0.11273303,Moderate
2843,0,0.4326013,High
2844,0,0.34692168,High
2845,0,0.089502156,Low
2846,0,0.037689872,Low
2847,0,0.10110838,Moderate
2848,0,0.09976564,Low
2849,0,0.040427137,Low
2850,0,0.39822158,High
2851,0,0.100352705,Moderate
2852,1,0.78542453,Very High
2853,1,0.74525195,Very High
2854,0,0.08039478,Low
2855,1,0.82964313,Very High
2856,0,0.0705547,Low
2857,0,0.22676395,Moderate
2858,0,0.045253415,Low
2859,1,0.13044362,Moderate
2860,0,0.24273613,Moderate
2861,1,0.65087295,Very High
2862,1,0.10659317,Moderate
2863,0,0.23094648,Moderate
2864,0,0.1308497,Moderate
2865,0,0.83993113,Very High
2866,0,0.12848884,Moderate
2867,0,0.10612706,Moderate
2868,0,0.14965147,Moderate
2869,0,0.122151345,Moderate
2870,0,0.16086043,Moderate
2871,0,0.14091145,Moderate
2872,0,0.10453279,Moderate
2873,0,0.14679319,Moderate
2874,0,0.029781437,Low
2875,0,0.21063824,Moderate
2876,0,0.21946521,Moderate
2877,0,0.38184926,High
2878,0,0.2651094,High
2879,0,0.103749245,Moderate
2880,0,0.24712999,Moderate
2881,0,0.083549425,Low
2882,0,0.14506221,Moderate
2883,0,0.030242851,Low
2884,0,0.09603733,Low
2885,0,0.061850034,Low
2886,0,0.1340656,Moderate
2887,0,0.06460908,Low
2888,0,0.025837997,Low
2889,0,0.1042674,Moderate
2890,0,0.27056158,High
2891,0,0.103400305,Moderate
2892,0,0.106745325,Moderate
2893,0,0.027075507,Low
2894,0,0.42127174,High
2895,0,0.15621558,Moderate
2896,1,0.36825106,High
2897,0,0.3684004,High
2898,0,0.06580452,Low
2899,1,0.22299452,Moderate
2900,0,0.3831137,High
2901,0,0.20864095,Moderate
2902,0,0.42601886,High
2903,1,0.17184813,Moderate
2904,1,0.4690974,High
2905,0,0.08952677,Low
2906,0,0.17427559,Moderate
2907,0,0.020239983,Low
2908,1,0.12645659,Moderate
2909,1,0.3775102,High
2910,0,0.08702241,Low
2911,0,0.14468265,Moderate
2912,0,0.12033381,Moderate
2913,1,0.14579266,Moderate
2914,0,0.08564266,Low
2915,0,0.11424634,Moderate
2916,0,0.18393101,Moderate
2917,0,0.2408341,Moderate
2918,0,0.17869262,Moderate
2919,1,0.10416119,Moderate
2920,0,0.21274956,Moderate
2921,0,0.1456921,Moderate
2922,0,0.08867628,Low
2923,0,0.11565083,Moderate
2924,1,0.24926122,Moderate
2925,0,0.19542564,Moderate
2926,0,0.64965856,Very High
2927,1,0.7473501,Very High
2928,1,0.26128542,High
2929,0,0.24046026,Moderate
2930,0,0.031973463,Low
2931,0,0.1283599,Moderate
2932,0,0.21123677,Moderate
2933,0,0.032549284,Low
2934,0,0.14747338,Moderate
2935,0,0.24197231,Moderate
2936,1,0.85733396,Very High
2937,0,0.11308535,Moderate
2938,0,0.046727028,Low
2939,0,0.71357507,Very High
2940,0,0.035498656,Low
2941,0,0.18147852,Moderate
2942,0,0.47986016,High
2943,1,0.3780366,High
2944,0,0.24659185,Moderate
2945,1,0.42871562,High
2946,0,0.21108429,Moderate
2947,0,0.09992258,Low
2948,1,0.71343625,Very High
2949,0,0.05789958,Low
2950,0,0.1794717,Moderate
2951,0,0.7451766,Very High
2952,0,0.17590745,Moderate
2953,0,0.40273735,High
2954,0,0.16910918,Moderate
2955,0,0.12695123,Moderate
2956,0,0.038794626,Low
2957,1,0.15431835,Moderate
2958,0,0.2168678,Moderate
2959,0,0.40099353,High
2960,0,0.07894426,Low
2961,0,0.20349367,Moderate
2962,0,0.055887554,Low
2963,1,0.34768462,High
2964,0,0.66393155,Very High
2965,0,0.12092439,Moderate
2966,0,0.10846024,Moderate
2967,0,0.13574465,Moderate
2968,1,0.18809727,Moderate
2969,0,0.17017029,Moderate
2970,0,0.06092353,Low
2971,0,0.030380882,Low
2972,0,0.06923734,Low
2973,0,0.05258209,Low
2974,0,0.5689313,Very High
2975,0,0.108883336,Moderate
2976,0,0.112013645,Moderate
2977,1,0.13991214,Moderate
2978,0,0.05738831,Low
2979,0,0.28508338,High
2980,0,0.13144173,Moderate
2981,0,0.10894796,Moderate
2982,0,0.26195353,High
2983,0,0.08003568,Low
2984,0,0.054193363,Low
2985,0,0.10251833,Moderate
2986,0,0.09064621,Low
2987,0,0.116553955,Moderate
2988,1,0.14693971,Moderate
2989,0,0.05066777,Low
2990,0,0.06952425,Low
2991,1,0.4941037,High
2992,1,0.23088719,Moderate
2993,0,0.06437087,Low
2994,1,0.6954736,Very High
2995,0,0.10673598,Moderate
2996,1,0.2804243,High
2997,1,0.6922882,Very High
2998,0,0.2075656,Moderate
2999,1,0.21549846,Moderate
3000,0,0.17023832,Moderate
3001,0,0.09387902,Low
3002,0,0.027024461,Low
3003,1,0.7871496,Very High
3004,1,0.66173404,Very High
3005,0,0.6927319,Very High
3006,0,0.05764186,Low
3007,0,0.10599751,Moderate
3008,0,0.6947859,Very High
3009,0,0.20500985,Moderate
3010,1,0.7265421,Very High
3011,0,0.119208366,Moderate
3012,0,0.12538698,Moderate
3013,0,0.11704712,Moderate
3014,0,0.103910334,Moderate
3015,0,0.025993466,Low
3016,1,0.15009543,Moderate
3017,0,0.17025058,Moderate
3018,1,0.16988605,Moderate
3019,0,0.77882355,Very High
3020,1,0.6050499,Very High
3021,1,0.7236837,Very High
3022,0,0.07033561,Low
3023,0,0.3683517,High
3024,1,0.751259,Very High
3025,1,0.2904504,High
3026,0,0.22579025,Moderate
3027,1,0.13361517,Moderate
3028,0,0.11958243,Moderate
3029,0,0.065382265,Low
3030,0,0.08094643,Low
3031,0,0.08063297,Low
3032,0,0.28090274,High
3033,0,0.12102376,Moderate
3034,0,0.3651396,High
3035,0,0.044713937,Low
3036,0,0.28598613,High
3037,0,0.15798861,Moderate
3038,0,0.13872358,Moderate
3039,0,0.06608202,Low
3040,0,0.08804811,Low
3041,1,0.78162235,Very High
3042,0,0.13530639,Moderate
3043,0,0.12815589,Moderate
3044,1,0.83001596,Very High
3045,0,0.06082211,Low
3046,0,0.29222175,High
3047,0,0.37083977,High
3048,0,0.11115812,Moderate
3049,0,0.09031771,Low
3050,0,0.30830792,High
3051,0,0.03396393,Low
3052,0,0.08189067,Low
3053,0,0.1299757,Moderate
3054,0,0.15679798,Moderate
3055,1,0.3276079,High
3056,0,0.17359994,Moderate
3057,0,0.016306745,Low
3058,0,0.19689596,Moderate
3059,0,0.12968159,Moderate
3060,0,0.068311006,Low
3061,1,0.07081178,Low
3062,0,0.18286513,Moderate
3063,0,0.08964876,Low
3064,0,0.4731444,High
3065,0,0.03847624,Low
3066,1,0.59128624,Very High
3067,0,0.2101089,Moderate
3068,1,0.20863493,Moderate
3069,0,0.03536993,Low
3070,0,0.33756822,High
3071,0,0.02780971,Low
3072,1,0.17042722,Moderate
3073,0,0.087006025,Low
3074,1,0.10410919,Moderate
3075,0,0.57205176,Very High
3076,0,0.35612622,High
3077,1,0.10170625,Moderate
3078,1,0.20700145,Moderate
3079,0,0.059548732,Low
3080,0,0.19321533,Moderate
3081,0,0.11869984,Moderate
3082,0,0.031640872,Low
3083,0,0.081569664,Low
3084,0,0.090970166,Low
3085,0,0.21202345,Moderate
3086,0,0.101920575,Moderate
3087,0,0.38170558,High
3088,0,0.3603009,High
3089,0,0.36651188,High
3090,0,0.02924319,Low
3091,0,0.17718115,Moderate
3092,0,0.031047367,Low
3093,0,0.2588817,High
3094,0,0.4099692,High
3095,1,0.21467537,Moderate
3096,0,0.21697068,Moderate
3097,0,0.052505873,Low
3098,0,0.051716954,Low
3099,0,0.12996154,Moderate
3100,0,0.039607257,Low
3101,1,0.10229676,Moderate
3102,0,0.10669301,Moderate
3103,0,0.047592033,Low
3104,1,0.06862162,Low
3105,0,0.043708615,Low
3106,0,0.021176316,Low
3107,0,0.032403246,Low
3108,0,0.025343565,Low
3109,0,0.11812495,Moderate
3110,0,0.10535311,Moderate
3111,0,0.13405931,Moderate
3112,0,0.15966499,Moderate
3113,0,0.029997729,Low
3114,0,0.16341412,Moderate
3115,0,0.1444982,Moderate
3116,0,0.30142552,High
3117,0,0.1526746,Moderate
3118,0,0.11016627,Moderate
3119,0,0.1727448,Moderate
3120,0,0.033518136,Low
3121,0,0.16845304,Moderate
3122,0,0.07674708,Low
3123,0,0.045166425,Low
3124,0,0.20808795,Moderate
3125,0,0.115860604,Moderate
3126,0,0.051714696,Low
3127,0,0.654163,Very High
3128,0,0.060549255,Low
3129,0,0.32746404,High
3130,0,0.1622015,Moderate
3131,0,0.03273125,Low
3132,0,0.06698614,Low
3133,1,0.28067622,High
3134,1,0.09787778,Low
3135,0,0.047255103,Low
3136,0,0.07601492,Low
3137,0,0.18048878,Moderate
3138,0,0.13520686,Moderate
3139,0,0.13401207,Moderate
3140,0,0.112171255,Moderate
3141,1,0.49261287,High
3142,0,0.1811921,Moderate
3143,0,0.095289335,Low
3144,1,0.7772425,Very High
3145,0,0.06655787,Low
3146,0,0.16906235,Moderate
3147,0,0.16689551,Moderate
3148,1,0.20967828,Moderate
3149,0,0.086212575,Low
3150,0,0.033724852,Low
3151,1,0.5833676,Very High
3152,0,0.7555153,Very High
3153,0,0.013166273,Low
3154,1,0.62596256,Very High
3155,0,0.26681772,High
3156,0,0.14003778,Moderate
3157,1,0.46558186,High
3158,0,0.09011205,Low
3159,0,0.13507141,Moderate
3160,0,0.14016941,Moderate
3161,0,0.14335717,Moderate
3162,0,0.16484085,Moderate
3163,1,0.24755234,Moderate
3164,0,0.36138344,High
3165,0,0.28222954,High
3166,0,0.23620689,Moderate
3167,1,0.28277674,High
3168,0,0.08322336,Low
3169,0,0.08134095,Low
3170,0,0.21822332,Moderate
3171,1,0.55793065,Very High
3172,1,0.1548968,Moderate
3173,0,0.20509827,Moderate
3174,0,0.34544078,High
3175,0,0.04948815,Low
3176,0,0.056268647,Low
3177,0,0.1835873,Moderate
3178,0,0.06323183,Low
3179,1,0.7020535,Very High
3180,0,0.021841953,Low
3181,0,0.181556,Moderate
3182,0,0.056845658,Low
3183,0,0.17796437,Moderate
3184,0,0.09260166,Low
3185,0,0.13963453,Moderate
3186,1,0.46151698,High
3187,0,0.72486335,Very High
3188,1,0.5214558,Very High
3189,0,0.089871585,Low
3190,0,0.26327005,High
3191,0,0.06502791,Low
3192,1,0.4547299,High
3193,0,0.061716497,Low
3194,0,0.10222987,Moderate
3195,1,0.6179553,Very High
3196,0,0.3868129,High
3197,0,0.09142642,Low
3198,0,0.17042346,Moderate
3199,0,0.29360622,High
3200,1,0.41850752,High
3201,1,0.22317283,Moderate
3202,1,0.59811515,Very High
3203,0,0.11814427,Moderate
3204,0,0.1368201,Moderate
3205,0,0.052396953,Low
3206,1,0.27362558,High
3207,0,0.06577898,Low
3208,0,0.07550665,Low
3209,0,0.11151821,Moderate
3210,0,0.08976791,Low
3211,0,0.26420352,High
3212,0,0.29390556,High
3213,0,0.06459273,Low
3214,0,0.03784595,Low
3215,0,0.2464203,Moderate
3216,0,0.035816327,Low
3217,1,0.7308355,Very High
3218,0,0.025136625,Low
3219,0,0.4291786,High
3220,0,0.058497265,Low
3221,0,0.058165584,Low
3222,0,0.06897562,Low
3223,0,0.40009826,High
3224,1,0.17289406,Moderate
3225,0,0.107723,Moderate
3226,0,0.31347036,High
3227,0,0.045849167,Low
3228,0,0.06878329,Low
3229,0,0.15506141,Moderate
3230,0,0.041281544,Low
3231,1,0.06600758,Low
3232,0,0.04567377,Low
3233,0,0.10595542,Moderate
3234,0,0.7284048,Very High
3235,0,0.33620694,High
3236,1,0.50761986,Very High
3237,0,0.071202315,Low
3238,0,0.11398487,Moderate
3239,0,0.12863605,Moderate
3240,0,0.32156587,High
3241,0,0.20833167,Moderate
3242,1,0.79331535,Very High
3243,1,0.7335966,Very High
3244,1,0.40229627,High
3245,0,0.13334167,Moderate
3246,0,0.7672688,Very High
3247,0,0.3705528,High
3248,1,0.6638753,Very High
3249,0,0.07166638,Low
3250,0,0.14312254,Moderate
3251,0,0.07012387,Low
3252,0,0.08681219,Low
3253,0,0.21758606,Moderate
3254,1,0.5531092,Very High
3255,0,0.2987296,High
3256,0,0.26713142,High
3257,1,0.7326427,Very High
3258,1,0.7943112,Very High
3259,0,0.031339023,Low
3260,0,0.1579126,Moderate
3261,0,0.09224452,Low
3262,0,0.23285916,Moderate
3263,0,0.2790673,High
3264,0,0.09700476,Low
3265,1,0.5449903,Very High
3266,1,0.42202398,High
3267,0,0.10418466,Moderate
3268,0,0.032876365,Low
3269,0,0.18830441,Moderate
3270,0,0.27504963,High
3271,1,0.468723,High
3272,0,0.05188077,Low
3273,0,0.18226431,Moderate
3274,0,0.10862684,Moderate
3275,0,0.14676875,Moderate
3276,1,0.5814773,Very High
3277,0,0.084140316,Low
3278,1,0.35290232,High
3279,0,0.4040562,High
3280,0,0.023322897,Low
3281,0,0.12781693,Moderate
3282,0,0.16655935,Moderate
3283,0,0.30419755,High
3284,0,0.04646852,Low
3285,0,0.09953141,Low
3286,0,0.13210727,Moderate
3287,0,0.3013749,High
3288,1,0.84561294,Very High
3289,0,0.077909835,Low
3290,0,0.30963197,High
3291,1,0.23867364,Moderate
3292,1,0.7246762,Very High
3293,0,0.28474298,High
3294,0,0.13249417,Moderate
3295,0,0.019112041,Low
3296,1,0.7979281,Very High
3297,0,0.14589056,Moderate
3298,0,0.2716139,High
3299,1,0.2957924,High
3300,1,0.8031549,Very High
3301,0,0.4289279,High
3302,0,0.16188468,Moderate
3303,1,0.46404067,High
3304,0,0.028633028,Low
3305,1,0.047141943,Low
3306,0,0.11654121,Moderate
3307,0,0.12315051,Moderate
3308,0,0.04150369,Low
3309,0,0.17645149,Moderate
3310,0,0.12711976,Moderate
3311,1,0.69120425,Very High
3312,0,0.06531683,Low
3313,0,0.051012807,Low
3314,0,0.16815339,Moderate
3315,0,0.22271101,Moderate
3316,0,0.029450146,Low
3317,0,0.030155435,Low
3318,0,0.08342961,Low
3319,1,0.7071773,Very High
3320,0,0.278743,High
3321,0,0.08976096,Low
3322,0,0.27600652,High
3323,0,0.10032043,Moderate
3324,0,0.13820882,Moderate
3325,0,0.5031997,Very High
3326,1,0.07270597,Low
3327,0,0.056297205,Low
3328,1,0.112413354,Moderate
3329,0,0.04117397,Low
3330,0,0.2126303,Moderate
3331,0,0.32546785,High
3332,0,0.1943106,Moderate
3333,1,0.14609562,Moderate
3334,0,0.123577066,Moderate
3335,0,0.08704016,Low
3336,1,0.14995818,Moderate
3337,1,0.5418405,Very High
3338,0,0.19690605,Moderate
3339,0,0.5469404,Very High
3340,1,0.12844372,Moderate
3341,0,0.07254469,Low
3342,0,0.12295813,Moderate
3343,0,0.1228836,Moderate
3344,1,0.25791505,High
3345,1,0.729975,Very High
3346,1,0.27556548,High
3347,1,0.74700814,Very High
3348,0,0.13942984,Moderate
3349,0,0.71862906,Very High
3350,0,0.33304042,High
3351,1,0.63715065,Very High
3352,0,0.16738194,Moderate
3353,0,0.10294441,Moderate
3354,0,0.33185568,High
3355,0,0.07157355,Low
3356,0,0.09420644,Low
3357,0,0.17716102,Moderate
3358,1,0.27829403,High
3359,1,0.2175338,Moderate
3360,0,0.24339834,Moderate
3361,0,0.18852825,Moderate
3362,0,0.14346384,Moderate
3363,0,0.11453966,Moderate
3364,1,0.22018608,Moderate
3365,1,0.25700855,High
3366,1,0.44763976,High
3367,0,0.20547798,Moderate
3368,1,0.3147942,High
3369,0,0.15451318,Moderate
3370,0,0.35001937,High
3371,1,0.14865097,Moderate
3372,0,0.063629456,Low
3373,0,0.032386668,Low
3374,0,0.1940763,Moderate
3375,0,0.05881548,Low
3376,0,0.19454601,Moderate
3377,0,0.059039354,Low
3378,0,0.17268026,Moderate
3379,0,0.4683026,High
3380,0,0.09322324,Low
3381,0,0.06667455,Low
3382,0,0.11308022,Moderate
3383,0,0.04924573,Low
3384,1,0.41049418,High
3385,1,0.30613863,High
3386,0,0.05326776,Low
3387,0,0.07678737,Low
3388,0,0.101072766,Moderate
3389,0,0.152061,Moderate
3390,0,0.5331055,Very High
3391,1,0.44883218,High
3392,0,0.18501222,Moderate
3393,0,0.087020844,Low
3394,0,0.021933489,Low
3395,0,0.3276756,High
3396,0,0.037069663,Low
3397,0,0.054016635,Low
3398,1,0.37616625,High
3399,0,0.17710026,Moderate
3400,1,0.19747159,Moderate
3401,0,0.037959576,Low
3402,0,0.086264,Low
3403,1,0.37034976,High
3404,0,0.2159439,Moderate
3405,0,0.18604536,Moderate
3406,0,0.04679361,Low
3407,0,0.043914948,Low
3408,0,0.077580236,Low
3409,0,0.05735395,Low
3410,0,0.0970904,Low
3411,1,0.17692314,Moderate
3412,0,0.11417832,Moderate
3413,0,0.08423276,Low
3414,1,0.5245814,Very High
3415,0,0.12414837,Moderate
3416,0,0.09810147,Low
3417,0,0.08176999,Low
3418,0,0.03654712,Low
3419,0,0.5546358,Very High
3420,0,0.05335978,Low
3421,0,0.16788857,Moderate
3422,0,0.25696993,High
3423,0,0.061356805,Low
3424,1,0.14047949,Moderate
3425,0,0.12151618,Moderate
3426,0,0.20555729,Moderate
3427,0,0.016584402,Low
3428,0,0.2675368,High
3429,0,0.130462,Moderate
3430,0,0.08742509,Low
3431,1,0.2840861,High
3432,0,0.16668689,Moderate
3433,0,0.22572245,Moderate
3434,0,0.14603089,Moderate
3435,1,0.3236747,High
3436,0,0.2745841,High
3437,0,0.19069476,Moderate
3438,0,0.048986174,Low
3439,0,0.102404,Moderate
3440,0,0.10096804,Moderate
3441,0,0.06795443,Low
3442,0,0.32191697,High
3443,1,0.23379907,Moderate
3444,0,0.11709786,Moderate
3445,0,0.1578077,Moderate
3446,0,0.13747519,Moderate
3447,1,0.18668923,Moderate
3448,1,0.15095738,Moderate
3449,0,0.06987689,Low
3450,0,0.22162254,Moderate
3451,1,0.19136603,Moderate
3452,0,0.21190469,Moderate
3453,0,0.15867665,Moderate
3454,0,0.21525766,Moderate
3455,0,0.66905624,Very High
3456,0,0.14247212,Moderate
3457,0,0.43223965,High
3458,1,0.74431705,Very High
3459,0,0.1036565,Moderate
3460,1,0.080590084,Low
3461,0,0.07438471,Low
3462,0,0.28436464,High
3463,0,0.15482306,Moderate
3464,0,0.16814756,Moderate
3465,0,0.029003572,Low
3466,0,0.12075263,Moderate
3467,0,0.16604102,Moderate
3468,0,0.12400729,Moderate
3469,0,0.47771278,High
3470,0,0.05711876,Low
3471,1,0.41896644,High
3472,1,0.316429,High
3473,0,0.09149306,Low
3474,0,0.016095314,Low
3475,0,0.15704508,Moderate
3476,0,0.19150928,Moderate
3477,1,0.16143341,Moderate
3478,0,0.06098928,Low
3479,0,0.07119042,Low
3480,0,0.0321528,Low
3481,0,0.2211279,Moderate
3482,1,0.7623691,Very High
3483,0,0.11984434,Moderate
3484,1,0.21018139,Moderate
3485,0,0.124424495,Moderate
3486,1,0.75230724,Very High
3487,0,0.08819733,Low
3488,0,0.19163251,Moderate
3489,0,0.24791978,Moderate
3490,0,0.12021276,Moderate
3491,1,0.2286993,Moderate
3492,0,0.024545917,Low
3493,0,0.10773355,Moderate
3494,0,0.11873461,Moderate
3495,0,0.66611534,Very High
3496,0,0.1298312,Moderate
3497,0,0.111421816,Moderate
3498,0,0.069848716,Low
3499,0,0.15618613,Moderate
3500,1,0.086673714,Low
3501,1,0.8363488,Very High
3502,0,0.019457975,Low
3503,0,0.027477577,Low
3504,1,0.25097921,High
3505,0,0.15023099,Moderate
3506,0,0.092509866,Low
3507,0,0.0389789,Low
3508,0,0.15287118,Moderate
3509,0,0.27364507,High
3510,1,0.72059697,Very High
3511,0,0.11699845,Moderate
3512,0,0.03073552,Low
3513,1,0.802081,Very High
3514,0,0.21546614,Moderate
3515,0,0.029916639,Low
3516,0,0.20766236,Moderate
3517,0,0.042930923,Low
3518,0,0.14512277,Moderate
3519,0,0.12957624,Moderate
3520,0,0.062196217,Low
3521,0,0.2925541,High
3522,0,0.046413135,Low
3523,0,0.077548824,Low
3524,0,0.12225664,Moderate
3525,0,0.1950294,Moderate
3526,0,0.104203805,Moderate
3527,0,0.15869045,Moderate
3528,0,0.6584491,Very High
3529,0,0.09802667,Low
3530,0,0.41645935,High
3531,0,0.21049108,Moderate
3532,0,0.18084922,Moderate
3533,0,0.05745971,Low
3534,1,0.23374696,Moderate
3535,0,0.06965208,Low
3536,1,0.5004535,Very High
3537,0,0.6357162,Very High
3538,1,0.72307414,Very High
3539,1,0.06584524,Low
3540,1,0.7055762,Very High
3541,1,0.63970554,Very High
3542,0,0.09842588,Low
3543,0,0.15936124,Moderate
3544,0,0.066727646,Low
3545,1,0.3474444,High
3546,0,0.08484075,Low
3547,0,0.044920973,Low
3548,0,0.0671689,Low
3549,1,0.5149852,Very High
3550,0,0.08916967,Low
3551,1,0.66948247,Very High
3552,0,0.07594524,Low
3553,0,0.5254428,Very High
3554,0,0.08567438,Low
3555,0,0.25787196,High
3556,0,0.10820405,Moderate
3557,0,0.12959245,Moderate
3558,0,0.11358214,Moderate
3559,0,0.10621279,Moderate
3560,0,0.13063951,Moderate
3561,1,0.8217908,Very High
3562,1,0.7523603,Very High
3563,1,0.11859936,Moderate
3564,1,0.7382436,Very High
3565,0,0.24768423,Moderate
3566,1,0.33030415,High
3567,0,0.06297501,Low
3568,0,0.42867425,High
3569,1,0.47253013,High
3570,0,0.056501154,Low
3571,0,0.03760436,Low
3572,0,0.12212475,Moderate
3573,0,0.4509121,High
3574,1,0.3819236,High
3575,0,0.102179535,Moderate
3576,0,0.66607857,Very High
3577,0,0.031356633,Low
3578,1,0.45279276,High
3579,0,0.17466816,Moderate
3580,0,0.4319566,High
3581,1,0.21194962,Moderate
3582,0,0.14098537,Moderate
3583,0,0.05551874,Low
3584,1,0.71390295,Very High
3585,0,0.051459473,Low
3586,0,0.35681802,High
3587,0,0.1913396,Moderate
3588,0,0.2082227,Moderate
3589,0,0.0784177,Low
3590,1,0.7598067,Very High
3591,0,0.21566251,Moderate
3592,0,0.061552476,Low
3593,1,0.7189031,Very High
3594,0,0.758237,Very High
3595,1,0.09207361,Low
3596,0,0.06971671,Low
3597,1,0.6557195,Very High
3598,0,0.6901943,Very High
3599,0,0.223436,Moderate
3600,0,0.1506467,Moderate
3601,0,0.3835619,High
3602,1,0.3623143,High
3603,0,0.02049749,Low
3604,0,0.07929904,Low
3605,0,0.06238066,Low
3606,1,0.574839,Very High
3607,0,0.043829788,Low
3608,0,0.27429146,High
3609,0,0.046769656,Low
3610,0,0.023284793,Low
3611,0,0.111469656,Moderate
3612,0,0.028295485,Low
3613,0,0.2399891,Moderate
3614,1,0.21344863,Moderate
3615,0,0.03809144,Low
3616,0,0.07913614,Low
3617,0,0.18638551,Moderate
3618,0,0.0249031,Low
3619,1,0.44970185,High
3620,1,0.16941969,Moderate
3621,0,0.11551583,Moderate
3622,0,0.05688717,Low
3623,0,0.09019351,Low
3624,1,0.08799608,Low
3625,0,0.049658366,Low
3626,1,0.17458609,Moderate
3627,0,0.1839296,Moderate
3628,0,0.09576503,Low
3629,0,0.04525027,Low
3630,0,0.053253945,Low
3631,0,0.10677943,Moderate
3632,0,0.024968829,Low
3633,0,0.13964814,Moderate
3634,1,0.12479975,Moderate
3635,0,0.058123555,Low
3636,0,0.023138413,Low
3637,0,0.37513062,High
3638,1,0.22163874,Moderate
3639,0,0.08655375,Low
3640,0,0.10544809,Moderate
3641,0,0.62488353,Very High
3642,0,0.044694204,Low
3643,0,0.19144326,Moderate
3644,1,0.08406517,Low
3645,0,0.672875,Very High
3646,0,0.10803757,Moderate
3647,0,0.039087497,Low
3648,0,0.12506652,Moderate
3649,0,0.19270533,Moderate
3650,0,0.40638053,High
3651,0,0.040729035,Low
3652,0,0.0991614,Low
3653,0,0.075465314,Low
3654,0,0.1212306,Moderate
3655,0,0.071948394,Low
3656,0,0.06559186,Low
3657,0,0.6717874,Very High
3658,0,0.12068684,Moderate
3659,0,0.09141887,Low
3660,0,0.04978017,Low
3661,0,0.021461047,Low
3662,0,0.07952306,Low
3663,0,0.13701667,Moderate
3664,1,0.80530906,Very High
3665,0,0.36644533,High
3666,0,0.04844739,Low
3667,0,0.06255986,Low
3668,0,0.053123888,Low
3669,0,0.2806899,High
3670,0,0.11172638,Moderate
3671,0,0.3623143,High
3672,0,0.14085026,Moderate
3673,1,0.1337739,Moderate
3674,1,0.78774303,Very High
3675,0,0.058584396,Low
3676,0,0.39630216,High
3677,0,0.12661777,Moderate
3678,0,0.21123697,Moderate
3679,0,0.13302019,Moderate
3680,0,0.065032266,Low
3681,0,0.16373426,Moderate
3682,1,0.65794665,Very High
3683,0,0.20208375,Moderate
3684,0,0.07315562,Low
3685,0,0.09226587,Low
3686,0,0.044188168,Low
3687,0,0.7232567,Very High
3688,1,0.19275162,Moderate
3689,0,0.35246152,High
3690,0,0.5495729,Very High
3691,0,0.071722455,Low
3692,0,0.018084608,Low
3693,1,0.4127489,High
3694,0,0.2629826,High
3695,1,0.7673687,Very High
3696,0,0.21264309,Moderate
3697,0,0.10971924,Moderate
3698,0,0.28163594,High
3699,1,0.37205455,High
3700,0,0.16069041,Moderate
3701,0,0.14590496,Moderate
3702,0,0.06871803,Low
3703,0,0.12925789,Moderate
3704,0,0.3739034,High
3705,1,0.37463462,High
3706,0,0.3663618,High
3707,0,0.10522454,Moderate
3708,0,0.092666365,Low
3709,0,0.01684396,Low
3710,1,0.15120165,Moderate
3711,0,0.035054885,Low
3712,0,0.06999568,Low
3713,0,0.29958144,High
3714,0,0.41305873,High
3715,0,0.19671026,Moderate
3716,0,0.5233818,Very High
3717,0,0.2382576,Moderate
3718,0,0.22240204,Moderate
3719,0,0.14480753,Moderate
3720,0,0.41532984,High
3721,1,0.27450818,High
3722,0,0.17420839,Moderate
3723,0,0.05474839,Low
3724,1,0.6638642,Very High
3725,0,0.14736202,Moderate
3726,0,0.36333773,High
3727,0,0.19634208,Moderate
3728,0,0.15049915,Moderate
3729,1,0.50414693,Very High
3730,0,0.23005183,Moderate
3731,0,0.561109,Very High
3732,0,0.05381723,Low
3733,0,0.062087975,Low
3734,0,0.012998724,Low
3735,0,0.21016842,Moderate
3736,0,0.1344316,Moderate
3737,0,0.018069306,Low
3738,0,0.072212085,Low
3739,1,0.346652,High
3740,0,0.07354767,Low
3741,0,0.115438774,Moderate
3742,0,0.50894755,Very High
3743,1,0.1064501,Moderate
3744,0,0.7069391,Very High
3745,0,0.039051063,Low
3746,0,0.086969234,Low
3747,0,0.09119809,Low
3748,0,0.23715648,Moderate
3749,0,0.12474167,Moderate
3750,0,0.07212835,Low
3751,1,0.13304812,Moderate
3752,0,0.21786582,Moderate
3753,0,0.13091937,Moderate
3754,0,0.2882471,High
3755,0,0.03179842,Low
3756,0,0.103060015,Moderate
3757,0,0.1167404,Moderate
3758,1,0.20322338,Moderate
3759,1,0.08885151,Low
3760,0,0.10235677,Moderate
3761,0,0.05590996,Low
3762,0,0.16977128,Moderate
3763,0,0.26099414,High
3764,0,0.103792824,Moderate
3765,0,0.082379006,Low
3766,0,0.1657246,Moderate
3767,1,0.7962311,Very High
3768,0,0.15464047,Moderate
3769,0,0.2297383,Moderate
3770,0,0.17613862,Moderate
3771,0,0.16473742,Moderate
3772,0,0.03870605,Low
3773,0,0.107048355,Moderate
3774,0,0.3197286,High
3775,0,0.018883852,Low
3776,0,0.08180204,Low
3777,1,0.5039508,Very High
3778,0,0.4003339,High
3779,0,0.13489267,Moderate
3780,0,0.09156302,Low
3781,0,0.07687203,Low
3782,0,0.13233674,Moderate
3783,1,0.5072229,Very High
3784,0,0.14448975,Moderate
3785,0,0.22492966,Moderate
3786,1,0.6110297,Very High
3787,0,0.11974092,Moderate
3788,0,0.35171917,High
3789,0,0.06297612,Low
3790,0,0.31412572,High
3791,1,0.17475145,Moderate
3792,1,0.04842275,Low
3793,0,0.18474384,Moderate
3794,0,0.12217986,Moderate
3795,0,0.06297249,Low
3796,0,0.16954204,Moderate
3797,0,0.16454369,Moderate
3798,0,0.11542418,Moderate
3799,0,0.11195917,Moderate
3800,0,0.32494396,High
3801,0,0.18610922,Moderate
3802,0,0.09749089,Low
3803,0,0.16507323,Moderate
3804,0,0.35853934,High
3805,1,0.13594882,Moderate
3806,0,0.36954054,High
3807,0,0.17877856,Moderate
3808,0,0.09752791,Low
3809,0,0.12354142,Moderate
3810,0,0.10204945,Moderate
3811,0,0.10355384,Moderate
3812,1,0.6919008,Very High
3813,0,0.36277583,High
3814,0,0.11544581,Moderate
3815,0,0.1640999,Moderate
3816,1,0.4516648,High
3817,1,0.29780185,High
3818,0,0.15043019,Moderate
3819,0,0.20086849,Moderate
3820,1,0.4717383,High
3821,0,0.27169287,High
3822,0,0.05106984,Low
3823,1,0.45096165,High
3824,0,0.07224901,Low
3825,1,0.39758357,High
3826,0,0.07516322,Low
3827,0,0.10471463,Moderate
3828,0,0.16009067,Moderate
3829,0,0.17779516,Moderate
3830,0,0.16498621,Moderate
3831,0,0.28933784,High
3832,0,0.19132426,Moderate
3833,1,0.3020895,High
3834,0,0.06178873,Low
3835,1,0.6664972,Very High
3836,0,0.029954476,Low
3837,1,0.3269268,High
3838,0,0.117147185,Moderate
3839,0,0.13303788,Moderate
3840,1,0.71427083,Very High
3841,0,0.12932216,Moderate
3842,0,0.050087687,Low
3843,0,0.21973367,Moderate
3844,0,0.07624229,Low
3845,0,0.073838174,Low
3846,0,0.17517635,Moderate
3847,0,0.19077106,Moderate
3848,0,0.13074978,Moderate
3849,0,0.3742841,High
3850,0,0.11950633,Moderate
3851,1,0.39944285,High
3852,1,0.25171494,High
3853,1,0.2846927,High
3854,0,0.7362129,Very High
3855,0,0.17775823,Moderate
3856,0,0.08255958,Low
3857,0,0.04008787,Low
3858,0,0.2196025,Moderate
3859,0,0.23687656,Moderate
3860,1,0.7906068,Very High
3861,0,0.20485869,Moderate
3862,1,0.18102483,Moderate
3863,0,0.077933304,Low
3864,1,0.47413272,High
3865,0,0.16369605,Moderate
3866,0,0.075819746,Low
3867,1,0.77948767,Very High
3868,0,0.27061245,High
3869,1,0.20413738,Moderate
3870,0,0.34783214,High
3871,1,0.40751332,High
3872,1,0.64251655,Very High
3873,0,0.7954281,Very High
3874,1,0.3495025,High
3875,0,0.047295745,Low
3876,0,0.15368266,Moderate
3877,0,0.03412879,Low
3878,0,0.1306246,Moderate
3879,1,0.8435371,Very High
3880,0,0.13635035,Moderate
3881,0,0.05642306,Low
3882,0,0.05683791,Low
3883,0,0.13459192,Moderate
3884,0,0.08017365,Low
3885,1,0.39059517,High
3886,0,0.031881563,Low
3887,0,0.09740195,Low
3888,0,0.033047553,Low
3889,0,0.079691045,Low
3890,0,0.050838023,Low
3891,0,0.12812603,Moderate
3892,0,0.10643248,Moderate
3893,0,0.16104887,Moderate
3894,0,0.09501419,Low
3895,0,0.13583432,Moderate
3896,0,0.2063446,Moderate
3897,0,0.09535413,Low
3898,0,0.06480231,Low
3899,1,0.22223216,Moderate
3900,0,0.16081186,Moderate
3901,0,0.08222216,Low
3902,1,0.5783695,Very High
3903,0,0.19761352,Moderate
3904,0,0.38601285,High
3905,0,0.29619855,High
3906,0,0.1373042,Moderate
3907,0,0.03871666,Low
3908,1,0.55889225,Very High
3909,0,0.13462953,Moderate
3910,1,0.62934995,Very High
3911,1,0.3868333,High
3912,0,0.32586986,High
3913,0,0.16591643,Moderate
3914,0,0.031646382,Low
3915,0,0.10803226,Moderate
3916,0,0.1340782,Moderate
3917,1,0.65634114,Very High
3918,1,0.2044815,Moderate
3919,1,0.07340769,Low
3920,0,0.16571142,Moderate
3921,1,0.22082004,Moderate
3922,0,0.07821736,Low
3923,0,0.16940771,Moderate
3924,0,0.05688347,Low
3925,0,0.043186516,Low
3926,0,0.19882919,Moderate
3927,0,0.19494797,Moderate
3928,1,0.12069656,Moderate
3929,0,0.04656231,Low
3930,0,0.11147827,Moderate
3931,0,0.1549145,Moderate
3932,1,0.40702504,High
3933,0,0.04323898,Low
3934,0,0.20382702,Moderate
3935,0,0.13751498,Moderate
3936,0,0.77649873,Very High
3937,0,0.14293876,Moderate
3938,0,0.5268009,Very High
3939,0,0.049395546,Low
3940,0,0.04390876,Low
3941,0,0.035692934,Low
3942,1,0.22073604,Moderate
3943,0,0.49277097,High
3944,0,0.09268191,Low
3945,0,0.17393266,Moderate
3946,1,0.48617333,High
3947,0,0.24051265,Moderate
3948,0,0.37140322,High
3949,0,0.22871272,Moderate
3950,0,0.21144441,Moderate
3951,0,0.63378227,Very High
3952,0,0.102952845,Moderate
3953,0,0.060411762,Low
3954,0,0.123758376,Moderate
3955,0,0.048612665,Low
3956,0,0.02581991,Low
3957,0,0.025536098,Low
3958,0,0.18107022,Moderate
3959,1,0.46418366,High
3960,0,0.438483,High
3961,0,0.30584112,High
3962,0,0.08679649,Low
3963,1,0.41546237,High
3964,1,0.81784606,Very High
3965,0,0.12578055,Moderate
3966,0,0.04405922,Low
3967,0,0.2530512,High
3968,0,0.30823785,High
3969,0,0.17214315,Moderate
3970,0,0.07299003,Low
3971,0,0.085247084,Low
3972,1,0.7476628,Very High
3973,0,0.060364373,Low
3974,0,0.08592581,Low
3975,0,0.039296925,Low
3976,0,0.06377546,Low
3977,0,0.6567897,Very High
3978,0,0.086697064,Low
3979,0,0.16571312,Moderate
3980,0,0.06601493,Low
3981,1,0.036417663,Low
3982,0,0.2594621,High
3983,0,0.12648416,Moderate
3984,0,0.20830958,Moderate
3985,0,0.02796257,Low
3986,1,0.14644787,Moderate
3987,0,0.07020091,Low
3988,0,0.080509335,Low
3989,0,0.10927773,Moderate
3990,1,0.2770891,High
3991,1,0.5591159,Very High
3992,0,0.084897816,Low
3993,1,0.7624814,Very High
3994,1,0.20112592,Moderate
3995,0,0.104970306,Moderate
3996,0,0.15165445,Moderate
3997,1,0.1393358,Moderate
3998,0,0.11867954,Moderate
3999,1,0.8433363,Very High
4000,1,0.24708241,Moderate
4001,0,0.54425,Very High
4002,1,0.19621761,Moderate
4003,1,0.18106237,Moderate
4004,0,0.09370865,Low
4005,0,0.12389483,Moderate
4006,0,0.09064247,Low
4007,1,0.9162563,Very High
4008,0,0.25079504,High
4009,0,0.33543944,High
4010,0,0.18024911,Moderate
4011,0,0.07976222,Low
4012,0,0.15052412,Moderate
4013,0,0.06145911,Low
4014,1,0.6668429,Very High
4015,0,0.08553594,Low
4016,1,0.64933103,Very High
4017,0,0.1292042,Moderate
4018,0,0.12073753,Moderate
4019,1,0.40391576,High
4020,1,0.74311465,Very High
4021,0,0.16512829,Moderate
4022,0,0.2519144,High
4023,0,0.07325873,Low
4024,0,0.096977524,Low
4025,0,0.17046505,Moderate
4026,0,0.01403382,Low
4027,0,0.10710256,Moderate
4028,0,0.60026556,Very High
4029,0,0.09161255,Low
4030,1,0.31470925,High
4031,0,0.099400364,Low
4032,0,0.19322072,Moderate
4033,0,0.06252685,Low
4034,0,0.03234934,Low
4035,0,0.4824858,High
4036,0,0.06899603,Low
4037,1,0.6225793,Very High
4038,0,0.09081554,Low
4039,0,0.15161052,Moderate
4040,0,0.65970427,Very High
4041,0,0.25111908,High
4042,0,0.57251275,Very High
4043,0,0.08478427,Low
4044,1,0.2249886,Moderate
4045,0,0.05524821,Low
4046,0,0.12587965,Moderate
4047,0,0.23494259,Moderate
4048,1,0.8166215,Very High
4049,1,0.3418351,High
4050,0,0.20592007,Moderate
4051,0,0.13618037,Moderate
4052,0,0.044479012,Low
4053,0,0.2505093,High
4054,1,0.16001916,Moderate
4055,0,0.2745784,High
4056,0,0.09064123,Low
4057,0,0.3109357,High
4058,0,0.28077725,High
4059,0,0.06298434,Low
4060,0,0.0905561,Low
4061,0,0.026880292,Low
4062,0,0.213009,Moderate
4063,0,0.1761081,Moderate
4064,1,0.33998325,High
4065,1,0.72752315,Very High
4066,0,0.5695174,Very High
4067,0,0.08200405,Low
4068,1,0.13941112,Moderate
4069,1,0.29522464,High
4070,0,0.31271154,High
4071,0,0.06367881,Low
4072,0,0.088734984,Low
4073,0,0.06718246,Low
4074,0,0.07463685,Low
4075,0,0.09929168,Low
4076,1,0.17384943,Moderate
4077,0,0.4552764,High
4078,1,0.7272677,Very High
4079,0,0.21638499,Moderate
4080,0,0.1509552,Moderate
4081,0,0.062403157,Low
4082,0,0.07254356,Low
4083,0,0.1628817,Moderate
4084,0,0.19376905,Moderate
4085,0,0.4399972,High
4086,0,0.09535825,Low
4087,0,0.3139003,High
4088,0,0.2790473,High
4089,0,0.11564532,Moderate
4090,1,0.35171917,High
4091,0,0.124254085,Moderate
4092,1,0.26378214,High
4093,0,0.5943288,Very High
4094,1,0.545919,Very High
4095,0,0.07670109,Low
4096,0,0.3136828,High
4097,0,0.16584225,Moderate
4098,0,0.14441071,Moderate
4099,1,0.73316014,Very High
4100,0,0.082067266,Low
4101,1,0.2875561,High
4102,0,0.07765129,Low
4103,1,0.26543963,High
4104,0,0.078280464,Low
4105,1,0.6463265,Very High
4106,0,0.106033236,Moderate
4107,0,0.024244409,Low
4108,1,0.35758215,High
4109,0,0.06757225,Low
4110,0,0.20255736,Moderate
4111,0,0.089016914,Low
4112,0,0.36735156,High
4113,0,0.0532345,Low
4114,0,0.2521664,High
4115,0,0.23162526,Moderate
4116,0,0.04455044,Low
4117,1,0.11054437,Moderate
4118,0,0.113975525,Moderate
4119,0,0.20011492,Moderate
4120,0,0.09623352,Low
4121,0,0.10548997,Moderate
4122,0,0.1948419,Moderate
4123,0,0.1278043,Moderate
4124,0,0.0850256,Low
4125,1,0.5882185,Very High
4126,0,0.115856305,Moderate
4127,0,0.099128455,Low
4128,1,0.23861669,Moderate
4129,0,0.05883103,Low
4130,0,0.17338957,Moderate
4131,1,0.19490631,Moderate
4132,0,0.021299401,Low
4133,0,0.057337116,Low
4134,1,0.22706145,Moderate
4135,0,0.049351618,Low
4136,1,0.7656187,Very High
4137,0,0.05184871,Low
4138,0,0.12627919,Moderate
4139,0,0.12698679,Moderate
4140,0,0.14581574,Moderate
4141,0,0.14671123,Moderate
4142,0,0.6451158,Very High
4143,0,0.1679968,Moderate
4144,1,0.7468442,Very High
4145,1,0.32049572,High
4146,1,0.5980863,Very High
4147,0,0.077502176,Low
4148,1,0.81466925,Very High
4149,0,0.14649442,Moderate
4150,0,0.13359682,Moderate
4151,0,0.10969416,Moderate
4152,0,0.06141156,Low
4153,0,0.049200937,Low
4154,0,0.04600604,Low
4155,0,0.24928583,Moderate
4156,0,0.4213348,High
4157,0,0.1424112,Moderate
4158,0,0.07331475,Low
4159,0,0.19085823,Moderate
4160,0,0.03301362,Low
4161,0,0.33703223,High
4162,1,0.42414966,High
4163,1,0.28174734,High
4164,0,0.09623781,Low
4165,0,0.23172987,Moderate
4166,1,0.3583158,High
4167,0,0.0656813,Low
4168,0,0.043737706,Low
4169,1,0.101466306,Moderate
4170,1,0.50044686,Very High
4171,0,0.0898937,Low
4172,0,0.056072462,Low
4173,0,0.09001795,Low
4174,0,0.16470945,Moderate
4175,1,0.16821927,Moderate
4176,1,0.06979778,Low
4177,0,0.024202228,Low
4178,0,0.08708481,Low
4179,0,0.028155668,Low
4180,0,0.039685052,Low
4181,0,0.08736183,Low
4182,0,0.07378527,Low
4183,0,0.08693965,Low
4184,1,0.11115223,Moderate
4185,0,0.18998678,Moderate
4186,0,0.21726152,Moderate
4187,0,0.086258866,Low
4188,1,0.22312413,Moderate
4189,1,0.58387965,Very High
4190,0,0.5483243,Very High
4191,0,0.04251308,Low
4192,1,0.1744303,Moderate
4193,1,0.82576656,Very High
4194,0,0.6360369,Very High
4195,0,0.17055559,Moderate
4196,0,0.18500577,Moderate
4197,1,0.31823415,High
4198,0,0.041561138,Low
4199,0,0.07290142,Low
4200,0,0.25226527,High
4201,0,0.19311386,Moderate
4202,0,0.05372054,Low
4203,0,0.24313436,Moderate
4204,0,0.058234468,Low
4205,0,0.16369377,Moderate
4206,0,0.30623704,High
4207,0,0.16789104,Moderate
4208,0,0.11045061,Moderate
4209,0,0.6308961,Very High
4210,0,0.24997443,Moderate
4211,0,0.055082,Low
4212,0,0.05747279,Low
4213,0,0.54129237,Very High
4214,0,0.2046414,Moderate
4215,0,0.08945414,Low
4216,0,0.06908451,Low
4217,0,0.1981405,Moderate
4218,1,0.60868615,Very High
4219,0,0.13411932,Moderate
4220,0,0.3633127,High
4221,0,0.22668086,Moderate
4222,1,0.3058397,High
4223,0,0.67641854,Very High
4224,0,0.054609824,Low
4225,1,0.3951606,High
4226,0,0.14841324,Moderate
4227,1,0.049183343,Low
4228,0,0.12079356,Moderate
4229,0,0.038911752,Low
4230,1,0.45368075,High
4231,0,0.123918906,Moderate
4232,0,0.2431263,Moderate
4233,0,0.2041308,Moderate
4234,0,0.18323669,Moderate
4235,0,0.13763624,Moderate
4236,1,0.11329487,Moderate
4237,0,0.0788156,Low
4238,0,0.3323556,High
4239,0,0.22303873,Moderate
4240,1,0.17890999,Moderate
4241,0,0.14399266,Moderate
4242,0,0.12899932,Moderate
4243,0,0.26908296,High
4244,0,0.079587355,Low
4245,0,0.042341217,Low
4246,0,0.05251058,Low
4247,0,0.23029707,Moderate
4248,0,0.08962257,Low
4249,0,0.70867497,Very High
4250,0,0.20539257,Moderate
4251,0,0.16876975,Moderate
4252,0,0.078565314,Low
4253,0,0.15627494,Moderate
4254,0,0.16975728,Moderate
4255,0,0.09772147,Low
4256,0,0.17691463,Moderate
4257,0,0.11421961,Moderate
4258,0,0.13454238,Moderate
4259,0,0.15653057,Moderate
4260,1,0.38397712,High
4261,0,0.18147449,Moderate
4262,0,0.18758398,Moderate
4263,1,0.5630386,Very High
4264,1,0.5779766,Very High
4265,0,0.162141,Moderate
4266,0,0.03941015,Low
4267,0,0.123508304,Moderate
4268,0,0.1642784,Moderate
4269,0,0.052339524,Low
4270,1,0.28206855,High
4271,0,0.04380114,Low
4272,0,0.18776436,Moderate
4273,0,0.44407097,High
4274,1,0.2505178,High
4275,0,0.045862425,Low
4276,1,0.6047075,Very High
4277,0,0.11870922,Moderate
4278,1,0.16025403,Moderate
4279,0,0.095791265,Low
4280,0,0.11124365,Moderate
4281,0,0.16791405,Moderate
4282,0,0.27470338,High
4283,0,0.026888108,Low
4284,1,0.100140825,Moderate
4285,1,0.12669766,Moderate
4286,1,0.39102873,High
4287,0,0.1401114,Moderate
4288,0,0.08868204,Low
4289,0,0.093356624,Low
4290,0,0.12422539,Moderate
4291,0,0.12837568,Moderate
4292,0,0.22093582,Moderate
4293,0,0.19456802,Moderate
4294,0,0.026985014,Low
4295,1,0.314831,High
4296,0,0.20627177,Moderate
4297,0,0.16380164,Moderate
4298,0,0.18160433,Moderate
4299,0,0.14361547,Moderate
4300,0,0.071313635,Low
4301,1,0.34207457,High
4302,1,0.43833253,High
4303,0,0.16813755,Moderate
4304,0,0.04930268,Low
4305,0,0.11837685,Moderate
4306,0,0.18632378,Moderate
4307,0,0.16500679,Moderate
4308,0,0.05365317,Low
4309,0,0.18790078,Moderate
4310,0,0.21565853,Moderate
4311,0,0.2183764,Moderate
4312,0,0.2234864,Moderate
4313,0,0.058632597,Low
4314,0,0.07980258,Low
4315,0,0.14322948,Moderate
4316,0,0.2033626,Moderate
4317,0,0.16228026,Moderate
4318,0,0.14944035,Moderate
4319,0,0.06414656,Low
4320,0,0.10758648,Moderate
4321,1,0.04296499,Low
4322,0,0.14654784,Moderate
4323,0,0.09207961,Low
4324,0,0.65125847,Very High
4325,0,0.4393894,High
4326,0,0.033785857,Low
4327,0,0.23781243,Moderate
4328,0,0.17014173,Moderate
4329,0,0.11625451,Moderate
4330,0,0.18070243,Moderate
4331,0,0.42995793,High
4332,0,0.06693023,Low
4333,0,0.25262672,High
4334,0,0.23152785,Moderate
4335,0,0.11587246,Moderate
4336,0,0.2950735,High
4337,1,0.8266445,Very High
4338,0,0.08826715,Low
4339,0,0.7463275,Very High
4340,0,0.1271318,Moderate
4341,0,0.49856064,High
4342,0,0.17110029,Moderate
4343,0,0.07941618,Low
4344,0,0.05701252,Low
4345,0,0.15542127,Moderate
4346,0,0.07702519,Low
4347,0,0.36798203,High
4348,0,0.32708013,High
4349,0,0.3171765,High
4350,0,0.51438034,Very High
4351,1,0.24707903,Moderate
4352,1,0.21894048,Moderate
4353,0,0.112921916,Moderate
4354,1,0.5085695,Very High
4355,0,0.27158874,High
4356,0,0.08967968,Low
4357,0,0.06516277,Low
4358,0,0.31038806,High
4359,1,0.25991774,High
4360,0,0.22463794,Moderate
4361,0,0.080648094,Low
4362,0,0.22506142,Moderate
4363,0,0.12009438,Moderate
4364,0,0.14885904,Moderate
4365,0,0.07028623,Low
4366,0,0.100346446,Moderate
4367,1,0.7165049,Very High
4368,0,0.14920957,Moderate
4369,1,0.3343104,High
4370,0,0.061238497,Low
4371,0,0.053247668,Low
4372,0,0.10406076,Moderate
4373,1,0.072676964,Low
4374,0,0.1289235,Moderate
4375,1,0.5212174,Very High
4376,1,0.40343276,High
4377,0,0.37424582,High
4378,1,0.5624064,Very High
4379,1,0.75905466,Very High
4380,0,0.2298319,Moderate
4381,0,0.12550622,Moderate
4382,0,0.18918541,Moderate
4383,1,0.3532524,High
4384,0,0.04517542,Low
4385,0,0.12119555,Moderate
4386,0,0.14643587,Moderate
4387,0,0.105283484,Moderate
4388,1,0.34569237,High
4389,0,0.058430187,Low
4390,0,0.09290561,Low
4391,1,0.21208978,Moderate
4392,0,0.10936057,Moderate
4393,0,0.19119431,Moderate
4394,0,0.09788395,Low
4395,0,0.059745066,Low
4396,0,0.23409837,Moderate
4397,0,0.300438,High
4398,0,0.11243859,Moderate
4399,0,0.035055272,Low
4400,0,0.056314774,Low
4401,0,0.35573718,High
4402,0,0.21179768,Moderate
4403,0,0.5796545,Very High
4404,0,0.1561125,Moderate
4405,1,0.56945205,Very High
4406,0,0.025738794,Low
4407,0,0.17827502,Moderate
4408,0,0.15647966,Moderate
4409,0,0.30550176,High
4410,0,0.16381481,Moderate
4411,0,0.11566152,Moderate
4412,0,0.107879855,Moderate
4413,0,0.1524151,Moderate
4414,0,0.020926839,Low
4415,0,0.2557011,High
4416,0,0.36502007,High
4417,0,0.05299255,Low
4418,0,0.062207066,Low
4419,0,0.07744012,Low
4420,0,0.11129939,Moderate
4421,0,0.1857496,Moderate
4422,0,0.10832645,Moderate
4423,0,0.070337735,Low
4424,0,0.15182863,Moderate
4425,0,0.40398696,High
4426,1,0.13673979,Moderate
4427,0,0.06321366,Low
4428,0,0.07524819,Low
4429,0,0.06403096,Low
4430,0,0.11081816,Moderate
4431,0,0.036825173,Low
4432,0,0.05853114,Low
4433,0,0.7457332,Very High
4434,0,0.05735703,Low
4435,0,0.24101749,Moderate
4436,0,0.12871005,Moderate
4437,0,0.38498637,High
4438,0,0.1461808,Moderate
4439,0,0.029789064,Low
4440,0,0.0482741,Low
4441,0,0.16892248,Moderate
4442,0,0.117598586,Moderate
4443,1,0.2478567,Moderate
4444,0,0.08277174,Low
4445,0,0.47249967,High
4446,0,0.17982115,Moderate
4447,0,0.14904599,Moderate
4448,0,0.79672086,Very High
4449,1,0.15850389,Moderate
4450,0,0.023366751,Low
4451,0,0.21689574,Moderate
4452,1,0.12439403,Moderate
4453,0,0.098893866,Low
4454,0,0.1570017,Moderate
4455,1,0.43095672,High
4456,0,0.32794324,High
4457,1,0.21766646,Moderate
4458,0,0.14869452,Moderate
4459,0,0.12031878,Moderate
4460,0,0.13284731,Moderate
4461,0,0.063022524,Low
4462,1,0.10668541,Moderate
4463,0,0.07024024,Low
4464,0,0.08093357,Low
4465,0,0.1428192,Moderate
4466,0,0.53725976,Very High
4467,0,0.14021505,Moderate
4468,0,0.1254725,Moderate
4469,0,0.16568755,Moderate
4470,0,0.051434238,Low
4471,0,0.53546494,Very High
4472,0,0.063489564,Low
4473,1,0.123599574,Moderate
4474,0,0.08425813,Low
4475,0,0.7919045,Very High
4476,0,0.07896846,Low
4477,0,0.031299837,Low
4478,0,0.06493918,Low
4479,0,0.11910612,Moderate
4480,0,0.11840976,Moderate
4481,0,0.29863402,High
4482,0,0.084884465,Low
4483,0,0.09209711,Low
4484,0,0.10205631,Moderate
4485,0,0.053317122,Low
4486,0,0.16626857,Moderate
4487,0,0.054094758,Low
4488,0,0.11173934,Moderate
4489,0,0.123218164,Moderate
4490,0,0.08021779,Low
4491,0,0.085918926,Low
4492,0,0.123393066,Moderate
4493,1,0.7663089,Very High
4494,0,0.2456313,Moderate
4495,1,0.61468935,Very High
4496,0,0.11300683,Moderate
4497,0,0.4385928,High
4498,1,0.3995831,High
4499,0,0.07464848,Low
4500,0,0.11437524,Moderate
4501,1,0.05873381,Low
4502,1,0.16126123,Moderate
4503,1,0.38228723,High
4504,0,0.18679634,Moderate
4505,0,0.34910694,High
4506,0,0.679416,Very High
4507,0,0.044729356,Low
4508,1,0.5397193,Very High
4509,0,0.1956772,Moderate
4510,0,0.61527824,Very High
4511,0,0.33953184,High
4512,0,0.11287498,Moderate
4513,0,0.06493961,Low
4514,0,0.03859551,Low
4515,1,0.18178274,Moderate
4516,0,0.0715276,Low
4517,0,0.22458665,Moderate
4518,1,0.28995532,High
4519,0,0.12347414,Moderate
4520,0,0.050144296,Low
4521,0,0.18228497,Moderate
4522,0,0.19556697,Moderate
4523,0,0.5973166,Very High
4524,0,0.1255465,Moderate
4525,0,0.04876367,Low
4526,0,0.085061744,Low
4527,1,0.070284314,Low
4528,1,0.46948755,High
4529,0,0.26346278,High
4530,0,0.12611471,Moderate
4531,1,0.104619235,Moderate
4532,0,0.17516302,Moderate
4533,0,0.2180143,Moderate
4534,0,0.031658687,Low
4535,0,0.20741792,Moderate
4536,1,0.39269266,High
4537,0,0.07645623,Low
4538,0,0.25504652,High
4539,0,0.2592095,High
4540,0,0.0991618,Low
4541,0,0.10554289,Moderate
4542,0,0.17825545,Moderate
4543,0,0.7565539,Very High
4544,0,0.33503187,High
4545,0,0.1620863,Moderate
4546,0,0.14983267,Moderate
4547,1,0.8470044,Very High
4548,0,0.03460388,Low
4549,0,0.043793682,Low
4550,0,0.06976028,Low
4551,1,0.6758347,Very High
4552,0,0.085570544,Low
4553,0,0.04693846,Low
4554,0,0.06007817,Low
4555,1,0.27866647,High
4556,1,0.670116,Very High
4557,0,0.3688503,High
4558,0,0.11324112,Moderate
4559,1,0.21871994,Moderate
4560,0,0.14263627,Moderate
4561,1,0.16374074,Moderate
4562,0,0.11142875,Moderate
4563,0,0.079934485,Low
4564,0,0.061290544,Low
4565,0,0.08376514,Low
4566,1,0.12545489,Moderate
4567,0,0.14076956,Moderate
4568,0,0.04631236,Low
4569,0,0.16648608,Moderate
4570,1,0.84587044,Very High
4571,0,0.101067744,Moderate
4572,0,0.048082594,Low
4573,1,0.8610421,Very High
4574,0,0.022905944,Low
4575,1,0.25176308,High
4576,0,0.075803414,Low
4577,0,0.2335539,Moderate
4578,0,0.16681477,Moderate
4579,1,0.31580386,High
4580,1,0.64388233,Very High
4581,0,0.08861166,Low
4582,1,0.2747169,High
4583,0,0.37643525,High
4584,1,0.84755623,Very High
4585,0,0.16449325,Moderate
4586,0,0.29806283,High
4587,0,0.16119458,Moderate
4588,0,0.07105073,Low
4589,1,0.67555684,Very High
4590,0,0.0657726,Low
4591,1,0.2709589,High
4592,0,0.1951902,Moderate
4593,1,0.7291389,Very High
4594,0,0.29018387,High
4595,1,0.22680525,Moderate
4596,0,0.07290935,Low
4597,1,0.22942838,Moderate
4598,0,0.069360465,Low
4599,1,0.42914417,High
4600,0,0.035975244,Low
4601,0,0.14876525,Moderate
4602,0,0.19050324,Moderate
4603,0,0.13590208,Moderate
4604,0,0.052336603,Low
4605,0,0.15214932,Moderate
4606,0,0.08024115,Low
4607,1,0.17677318,Moderate
4608,0,0.20692593,Moderate
4609,0,0.7910855,Very High
4610,0,0.101631775,Moderate
4611,0,0.23122597,Moderate
4612,0,0.27112958,High
4613,0,0.1641576,Moderate
4614,0,0.13634592,Moderate
4615,1,0.09653517,Low
4616,1,0.64875567,Very High
4617,0,0.09467406,Low
4618,0,0.5901166,Very High
4619,0,0.11408251,Moderate
4620,0,0.07792429,Low
4621,0,0.1902939,Moderate
4622,0,0.30284855,High
4623,0,0.15542239,Moderate
4624,0,0.21389006,Moderate
4625,0,0.14550781,Moderate
4626,0,0.020390578,Low
4627,0,0.15236777,Moderate
4628,0,0.22205338,Moderate
4629,1,0.41968146,High
4630,0,0.027148014,Low
4631,1,0.50001514,Very High
4632,0,0.15023898,Moderate
4633,0,0.16587077,Moderate
4634,0,0.12481371,Moderate
4635,0,0.18057103,Moderate
4636,0,0.14349759,Moderate
4637,1,0.2131547,Moderate
4638,0,0.19185959,Moderate
4639,0,0.15206619,Moderate
4640,0,0.34093592,High
4641,0,0.7514888,Very High
4642,0,0.12955898,Moderate
4643,0,0.11440669,Moderate
4644,0,0.05048463,Low
4645,0,0.079998225,Low
4646,0,0.037396893,Low
4647,0,0.07356724,Low
4648,0,0.095427416,Low
4649,1,0.3897096,High
4650,0,0.15376529,Moderate
4651,0,0.15531228,Moderate
4652,1,0.37528905,High
4653,0,0.0921785,Low
4654,0,0.6677895,Very High
4655,0,0.14637056,Moderate
4656,0,0.22450386,Moderate
4657,0,0.10592324,Moderate
4658,0,0.16380683,Moderate
4659,0,0.06677945,Low
4660,1,0.83511055,Very High
4661,0,0.20180683,Moderate
4662,0,0.052534383,Low
4663,0,0.11469978,Moderate
4664,0,0.19908446,Moderate
4665,0,0.097193964,Low
4666,0,0.021866199,Low
4667,0,0.11845329,Moderate
4668,0,0.20414332,Moderate
4669,0,0.102822654,Moderate
4670,1,0.19909234,Moderate
4671,1,0.24376684,Moderate
4672,0,0.06607911,Low
4673,0,0.12672782,Moderate
4674,1,0.7478954,Very High
4675,1,0.79999304,Very High
4676,0,0.093451634,Low
4677,0,0.042417955,Low
4678,0,0.13395245,Moderate
4679,0,0.1183847,Moderate
4680,1,0.70421845,Very High
4681,0,0.07797393,Low
4682,0,0.09932685,Low
4683,0,0.13980557,Moderate
4684,0,0.14489295,Moderate
4685,0,0.31196144,High
4686,0,0.085933656,Low
4687,0,0.1626271,Moderate
4688,0,0.06824889,Low
4689,1,0.6894167,Very High
4690,0,0.40385237,High
4691,1,0.686658,Very High
4692,0,0.19239071,Moderate
4693,0,0.12483128,Moderate
4694,1,0.13001548,Moderate
4695,0,0.10954601,Moderate
4696,0,0.18079118,Moderate
4697,0,0.08305056,Low
4698,1,0.6798208,Very High
4699,0,0.24019228,Moderate
4700,0,0.104394,Moderate
4701,0,0.70146173,Very High
4702,0,0.037189625,Low
4703,1,0.2341092,Moderate
4704,1,0.7029332,Very High
4705,1,0.4020454,High
4706,0,0.15844274,Moderate
4707,0,0.2105876,Moderate
4708,1,0.6229503,Very High
4709,0,0.17657155,Moderate
4710,0,0.04939416,Low
4711,0,0.067441694,Low
4712,0,0.11376049,Moderate
4713,0,0.094833106,Low
4714,0,0.5226039,Very High
4715,0,0.07632004,Low
4716,0,0.055923153,Low
4717,0,0.105260916,Moderate
4718,0,0.16639948,Moderate
4719,1,0.08101307,Low
4720,0,0.65406424,Very High
4721,0,0.06411906,Low
4722,0,0.054784432,Low
4723,1,0.72895485,Very High
4724,0,0.11267816,Moderate
4725,0,0.25245097,High
4726,0,0.111698486,Moderate
4727,1,0.17086436,Moderate
4728,1,0.1566658,Moderate
4729,1,0.5417335,Very High
4730,0,0.116647296,Moderate
4731,0,0.034402557,Low
4732,0,0.40527812,High
4733,0,0.18187875,Moderate
4734,0,0.12503189,Moderate
4735,0,0.017568478,Low
4736,0,0.0179455,Low
4737,0,0.030316869,Low
4738,0,0.101509765,Moderate
4739,1,0.6604308,Very High
4740,0,0.17842722,Moderate
4741,0,0.54497397,Very High
4742,0,0.0826732,Low
4743,1,0.33816132,High
4744,0,0.028249804,Low
4745,0,0.092050456,Low
4746,0,0.4053586,High
4747,0,0.51876837,Very High
4748,0,0.34593442,High
4749,0,0.27817783,High
4750,0,0.14415838,Moderate
4751,1,0.13565235,Moderate
4752,0,0.08545355,Low
4753,1,0.6156484,Very High
4754,0,0.2202169,Moderate
4755,0,0.042983875,Low
4756,0,0.24019195,Moderate
4757,0,0.0780665,Low
4758,1,0.32425177,High
4759,0,0.025011929,Low
4760,0,0.16763389,Moderate
4761,0,0.06930665,Low
4762,0,0.07209903,Low
4763,1,0.5979715,Very High
4764,0,0.14371054,Moderate
4765,0,0.58538085,Very High
4766,0,0.013583977,Low
4767,0,0.06163155,Low
4768,1,0.5789484,Very High
4769,0,0.13401891,Moderate
4770,1,0.7544082,Very High
4771,0,0.15954547,Moderate
4772,0,0.1072605,Moderate
4773,0,0.095257945,Low
4774,0,0.12891695,Moderate
4775,1,0.8085174,Very High
4776,0,0.10249113,Moderate
4777,0,0.13206324,Moderate
4778,1,0.6485841,Very High
4779,0,0.19537635,Moderate
4780,0,0.10595917,Moderate
4781,0,0.17657168,Moderate
4782,0,0.17121963,Moderate
4783,0,0.37981588,High
4784,0,0.120446734,Moderate
4785,1,0.17277728,Moderate
4786,0,0.10847608,Moderate
4787,1,0.2813891,High
4788,0,0.08553062,Low
4789,0,0.73764175,Very High
4790,0,0.4533491,High
4791,1,0.69420403,Very High
4792,1,0.43642837,High
4793,0,0.17139511,Moderate
4794,0,0.030233614,Low
4795,0,0.060642723,Low
4796,0,0.1693899,Moderate
4797,0,0.070945896,Low
4798,0,0.040118765,Low
4799,0,0.099943876,Low
4800,0,0.20739113,Moderate
4801,0,0.16841051,Moderate
4802,1,0.7845199,Very High
4803,0,0.15866393,Moderate
4804,1,0.74411196,Very High
4805,0,0.10208093,Moderate
4806,0,0.047978856,Low
4807,0,0.14194234,Moderate
4808,0,0.052177913,Low
4809,0,0.03167387,Low
4810,0,0.11770847,Moderate
4811,0,0.030749885,Low
4812,1,0.20088144,Moderate
4813,1,0.40020755,High
4814,0,0.050253116,Low
4815,0,0.19320875,Moderate
4816,0,0.16565937,Moderate
4817,0,0.102938995,Moderate
4818,0,0.06456194,Low
4819,0,0.055150878,Low
4820,0,0.12650008,Moderate
4821,0,0.1197378,Moderate
4822,0,0.1515879,Moderate
4823,0,0.07684292,Low
4824,0,0.08034243,Low
4825,0,0.08803453,Low
4826,0,0.13139981,Moderate
4827,0,0.13124666,Moderate
4828,0,0.13430662,Moderate
4829,0,0.07700032,Low
4830,0,0.24947378,Moderate
4831,0,0.09733295,Low
4832,1,0.08624953,Low
4833,0,0.19615655,Moderate
4834,0,0.1161708,Moderate
4835,0,0.06137945,Low
4836,0,0.08109002,Low
4837,0,0.07096414,Low
4838,0,0.08101735,Low
4839,1,0.78381413,Very High
4840,0,0.13673328,Moderate
4841,1,0.6125384,Very High
4842,0,0.08398295,Low
4843,0,0.038162038,Low
4844,0,0.636201,Very High
4845,0,0.04792437,Low
4846,1,0.20913436,Moderate
4847,0,0.17052804,Moderate
4848,0,0.43291032,High
4849,0,0.09436184,Low
4850,0,0.13892469,Moderate
4851,0,0.08629698,Low
4852,1,0.46126232,High
4853,1,0.42417154,High
4854,1,0.15600678,Moderate
4855,0,0.05282725,Low
4856,1,0.16130342,Moderate
4857,0,0.11259002,Moderate
4858,1,0.52704126,Very High
4859,0,0.16214755,Moderate
4860,0,0.026686726,Low
4861,1,0.8465375,Very High
4862,0,0.11176463,Moderate
4863,1,0.7223354,Very High
4864,1,0.1128175,Moderate
4865,0,0.31169897,High
4866,0,0.036646336,Low
4867,1,0.7611595,Very High
4868,0,0.10797332,Moderate
4869,1,0.26798177,High
4870,0,0.029200906,Low
4871,1,0.1314806,Moderate
4872,0,0.114727065,Moderate
4873,0,0.14608975,Moderate
4874,0,0.07768295,Low
4875,0,0.12098187,Moderate
4876,0,0.47916394,High
4877,0,0.15447007,Moderate
4878,0,0.11134796,Moderate
4879,0,0.22381014,Moderate
4880,1,0.1363816,Moderate
4881,0,0.038922835,Low
4882,0,0.08953474,Low
4883,1,0.7361446,Very High
4884,1,0.7041937,Very High
4885,1,0.3938233,High
4886,0,0.11136861,Moderate
4887,0,0.115062445,Moderate
4888,0,0.09977879,Low
4889,0,0.1836162,Moderate
4890,0,0.10128794,Moderate
4891,0,0.1321401,Moderate
4892,0,0.17134999,Moderate
4893,0,0.13901383,Moderate
4894,1,0.7500727,Very High
4895,0,0.28118274,High
4896,0,0.16408733,Moderate
4897,0,0.062539764,Low
4898,0,0.118002884,Moderate
4899,1,0.048292562,Low
4900,0,0.10142365,Moderate
4901,1,0.20602314,Moderate
4902,0,0.32661277,High
4903,1,0.7146635,Very High
4904,0,0.044621304,Low
4905,0,0.23150414,Moderate
4906,0,0.22392963,Moderate
4907,0,0.41912872,High
4908,0,0.16847059,Moderate
4909,0,0.060034655,Low
4910,1,0.7264662,Very High
4911,0,0.41638082,High
4912,0,0.05690496,Low
4913,0,0.31441078,High
4914,0,0.19981398,Moderate
4915,0,0.6771354,Very High
4916,0,0.33015546,High
4917,0,0.35658833,High
4918,1,0.67720115,Very High
4919,0,0.02214332,Low
4920,0,0.21536666,Moderate
4921,0,0.23720852,Moderate
4922,0,0.34426728,High
4923,0,0.17614092,Moderate
4924,0,0.32559785,High
4925,1,0.71497124,Very High
4926,0,0.28245875,High
4927,0,0.37701148,High
4928,1,0.32100582,High
4929,0,0.3970789,High
4930,0,0.07881969,Low
4931,0,0.12976271,Moderate
4932,1,0.5575827,Very High
4933,0,0.14808433,Moderate
4934,0,0.024702875,Low
4935,0,0.65373707,Very High
4936,0,0.07745252,Low
4937,0,0.26986933,High
4938,0,0.09515411,Low
4939,0,0.24733266,Moderate
4940,0,0.054178618,Low
4941,0,0.1174394,Moderate
4942,0,0.09948066,Low
4943,0,0.08801483,Low
4944,0,0.09058522,Low
4945,0,0.060679838,Low
4946,1,0.15531954,Moderate
4947,1,0.17735568,Moderate
4948,0,0.060748283,Low
4949,0,0.11574039,Moderate
4950,0,0.13185292,Moderate
4951,0,0.14059915,Moderate
4952,0,0.3621635,High
4953,1,0.17619762,Moderate
4954,0,0.20631772,Moderate
4955,0,0.08423784,Low
4956,1,0.10129309,Moderate
4957,1,0.03716213,Low
4958,1,0.16591421,Moderate
4959,1,0.76384073,Very High
4960,0,0.05280151,Low
4961,0,0.07307619,Low
4962,0,0.1329424,Moderate
4963,0,0.22144608,Moderate
4964,0,0.06441869,Low
4965,0,0.05225049,Low
4966,0,0.20706363,Moderate
4967,0,0.1551812,Moderate
4968,1,0.16114283,Moderate
4969,0,0.12014265,Moderate
4970,0,0.08924057,Low
4971,0,0.17045458,Moderate
4972,0,0.18468419,Moderate
4973,0,0.17911138,Moderate
4974,0,0.2076315,Moderate
4975,0,0.5894478,Very High
4976,0,0.0740348,Low
4977,0,0.23469517,Moderate
4978,0,0.044505782,Low
4979,0,0.1281584,Moderate
4980,0,0.06828,Low
4981,0,0.06801069,Low
4982,1,0.51832944,Very High
4983,0,0.19995604,Moderate
4984,1,0.16445206,Moderate
4985,0,0.025721623,Low
4986,1,0.823566,Very High
4987,0,0.10911167,Moderate
4988,0,0.070744134,Low
4989,1,0.38824135,High
4990,0,0.15882185,Moderate
4991,0,0.33456174,High
4992,0,0.076768994,Low
4993,1,0.7897097,Very High
4994,0,0.046595,Low
4995,0,0.035063274,Low
4996,0,0.18084358,Moderate
4997,0,0.030873857,Low
4998,1,0.106896415,Moderate
4999,0,0.09006183,Low
5000,0,0.18816067,Moderate
5001,0,0.4080175,High
5002,1,0.043215312,Low
5003,0,0.16385251,Moderate
5004,0,0.095056996,Low
5005,0,0.026199602,Low
5006,0,0.045370102,Low
5007,0,0.09316408,Low
5008,0,0.51601493,Very High
5009,0,0.07191978,Low
5010,0,0.12893064,Moderate
5011,0,0.18891536,Moderate
5012,1,0.18343112,Moderate
5013,0,0.40185386,High
5014,0,0.16807026,Moderate
5015,0,0.13301337,Moderate
5016,0,0.11888015,Moderate
5017,0,0.058043648,Low
5018,0,0.23655123,Moderate
5019,0,0.08819752,Low
5020,0,0.45175296,High
5021,0,0.02611632,Low
5022,0,0.12321342,Moderate
5023,0,0.19198209,Moderate
5024,0,0.17369361,Moderate
5025,0,0.11521632,Moderate
5026,0,0.06325635,Low
5027,0,0.16526382,Moderate
5028,0,0.11254206,Moderate
5029,0,0.31991717,High
5030,0,0.053411294,Low
5031,1,0.061424304,Low
5032,1,0.78856003,Very High
5033,0,0.13071795,Moderate
5034,0,0.048821807,Low
5035,1,0.14924853,Moderate
5036,0,0.27973512,High
5037,0,0.22452457,Moderate
5038,0,0.100625746,Moderate
5039,1,0.16590336,Moderate
5040,1,0.22232343,Moderate
5041,1,0.19568038,Moderate
5042,1,0.052928336,Low
5043,0,0.094670385,Low
5044,0,0.11028241,Moderate
5045,0,0.029438462,Low
5046,0,0.07566461,Low
5047,0,0.029298194,Low
5048,0,0.05201718,Low
5049,1,0.63265383,Very High
5050,0,0.28686538,High
5051,0,0.17415915,Moderate
5052,0,0.18715937,Moderate
5053,0,0.06171375,Low
5054,0,0.033556096,Low
5055,0,0.13352828,Moderate
5056,0,0.1425214,Moderate
5057,1,0.7887726,Very High
5058,0,0.16764838,Moderate
5059,0,0.0981155,Low
5060,0,0.24979477,Moderate
5061,1,0.77934057,Very High
5062,0,0.38742027,High
5063,0,0.1717921,Moderate
5064,0,0.15743002,Moderate
5065,1,0.5363767,Very High
5066,0,0.20415764,Moderate
5067,0,0.11935273,Moderate
5068,1,0.24527536,Moderate
5069,1,0.37066734,High
5070,0,0.16003314,Moderate
5071,0,0.055675406,Low
5072,1,0.25343677,High
5073,0,0.105929404,Moderate
5074,0,0.050199956,Low
5075,0,0.11645632,Moderate
5076,1,0.5215007,Very High
5077,0,0.45967746,High
5078,1,0.08391604,Low
5079,1,0.7192946,Very High
5080,0,0.71805793,Very High
5081,1,0.36233687,High
5082,0,0.13951133,Moderate
5083,0,0.115437634,Moderate
5084,0,0.23033355,Moderate
5085,1,0.800283,Very High
5086,1,0.19645767,Moderate
5087,0,0.093264565,Low
5088,0,0.13939129,Moderate
5089,0,0.07132407,Low
5090,0,0.0775369,Low
5091,0,0.13121931,Moderate
5092,0,0.15051898,Moderate
5093,0,0.09793775,Low
5094,1,0.3601855,High
5095,0,0.039145164,Low
5096,0,0.16900086,Moderate
5097,1,0.6366148,Very High
5098,0,0.1778907,Moderate
5099,0,0.051206887,Low
5100,1,0.78393316,Very High
5101,0,0.21403596,Moderate
5102,1,0.13271262,Moderate
5103,0,0.34886384,High
5104,0,0.070400015,Low
5105,0,0.081330806,Low
5106,0,0.08825085,Low
5107,0,0.07699614,Low
5108,1,0.25927803,High
5109,0,0.11476918,Moderate
5110,0,0.105452105,Moderate
5111,0,0.108444534,Moderate
5112,1,0.29445028,High
5113,0,0.35347137,High
5114,1,0.7487857,Very High
5115,0,0.08425841,Low
5116,0,0.3394365,High
5117,0,0.65390617,Very High
5118,1,0.23426479,Moderate
5119,0,0.03822054,Low
5120,0,0.03295428,Low
5121,0,0.064750604,Low
5122,1,0.3262571,High
5123,0,0.20666105,Moderate
5124,1,0.41849777,High
5125,0,0.16988379,Moderate
5126,1,0.17996179,Moderate
5127,0,0.15584667,Moderate
5128,0,0.11076011,Moderate
5129,0,0.44028568,High
5130,0,0.054526992,Low
5131,0,0.19940633,Moderate
5132,0,0.09682722,Low
5133,0,0.12452991,Moderate
5134,0,0.20491272,Moderate
5135,0,0.55779845,Very High
5136,1,0.79346114,Very High
5137,1,0.71909666,Very High
5138,0,0.124187246,Moderate
5139,0,0.051643692,Low
5140,0,0.122962475,Moderate
5141,0,0.0848379,Low
5142,0,0.085851766,Low
5143,0,0.19202797,Moderate
5144,0,0.20072405,Moderate
5145,1,0.21272942,Moderate
5146,0,0.110806376,Moderate
5147,1,0.060768366,Low
5148,1,0.5424781,Very High
5149,1,0.4751264,High
5150,1,0.28345203,High
5151,1,0.5636116,Very High
5152,1,0.2909689,High
5153,0,0.07104597,Low
5154,0,0.11956713,Moderate
5155,0,0.04362428,Low
5156,0,0.34513012,High
5157,0,0.13884391,Moderate
5158,1,0.106336,Moderate
5159,0,0.11830984,Moderate
5160,0,0.053509984,Low
5161,0,0.06181296,Low
5162,1,0.26861966,High
5163,0,0.20800357,Moderate
5164,1,0.67213655,Very High
5165,0,0.09308352,Low
5166,0,0.08470357,Low
5167,0,0.17774822,Moderate
5168,0,0.118257284,Moderate
5169,0,0.023315247,Low
5170,1,0.2828114,High
5171,0,0.29028592,High
5172,1,0.8274864,Very High
5173,0,0.1565001,Moderate
5174,0,0.32204676,High
5175,0,0.16635443,Moderate
5176,0,0.03292501,Low
5177,0,0.03577923,Low
5178,1,0.8682458,Very High
5179,0,0.16957879,Moderate
5180,1,0.47784334,High
5181,1,0.16615836,Moderate
5182,0,0.14049779,Moderate
5183,0,0.066011444,Low
5184,0,0.14338753,Moderate
5185,1,0.25587153,High
5186,0,0.023485875,Low
5187,0,0.07118289,Low
5188,0,0.1104641,Moderate
5189,0,0.6905896,Very High
5190,0,0.17166959,Moderate
5191,0,0.23995154,Moderate
5192,1,0.44808537,High
5193,0,0.22288871,Moderate
5194,1,0.5556775,Very High
5195,0,0.052318454,Low
5196,0,0.14054555,Moderate
5197,0,0.08103697,Low
5198,0,0.14854452,Moderate
5199,0,0.27834302,High
5200,0,0.39893997,High
5201,1,0.16104598,Moderate
5202,0,0.08739509,Low
5203,0,0.53766793,Very High
5204,0,0.020019181,Low
5205,0,0.087623745,Low
5206,0,0.08545388,Low
5207,0,0.0516966,Low
5208,0,0.120890036,Moderate
5209,0,0.19754553,Moderate
5210,0,0.3065112,High
5211,1,0.43260166,High
5212,0,0.4574891,High
5213,0,0.22526728,Moderate
5214,0,0.065755285,Low
5215,0,0.13481526,Moderate
5216,0,0.056297347,Low
5217,0,0.14100137,Moderate
5218,0,0.22228457,Moderate
5219,1,0.67656815,Very High
5220,1,0.22854264,Moderate
5221,0,0.19373134,Moderate
5222,1,0.15171392,Moderate
5223,0,0.070076205,Low
5224,1,0.6402157,Very High
5225,0,0.65647274,Very High
5226,0,0.20302948,Moderate
5227,0,0.13979149,Moderate
5228,0,0.06535968,Low
5229,1,0.0929163,Low
5230,0,0.03074203,Low
5231,0,0.17204386,Moderate
5232,0,0.119008064,Moderate
5233,0,0.49430645,High
5234,0,0.7150694,Very High
5235,0,0.07103864,Low
5236,1,0.576108,Very High
5237,1,0.6771991,Very High
5238,0,0.21085797,Moderate
5239,0,0.026870847,Low
5240,0,0.14371924,Moderate
5241,0,0.09050474,Low
5242,0,0.28507313,High
5243,1,0.673675,Very High
5244,0,0.11122432,Moderate
5245,0,0.07250987,Low
5246,0,0.17531803,Moderate
5247,0,0.076348566,Low
5248,0,0.1974354,Moderate
5249,1,0.29928923,High
5250,0,0.03945459,Low
5251,0,0.26366603,High
5252,0,0.08407451,Low
5253,0,0.049015783,Low
5254,0,0.3514073,High
5255,1,0.26116747,High
5256,0,0.08829729,Low
5257,0,0.07208814,Low
5258,0,0.16415447,Moderate
5259,0,0.15297227,Moderate
5260,0,0.13712376,Moderate
5261,1,0.4986128,High
5262,0,0.121333025,Moderate
5263,0,0.06173601,Low
5264,0,0.06641055,Low
5265,0,0.12687157,Moderate
5266,0,0.0378034,Low
5267,0,0.13840921,Moderate
5268,0,0.2101844,Moderate
5269,0,0.115080185,Moderate
5270,0,0.04586378,Low
5271,0,0.047222245,Low
5272,0,0.071039535,Low
5273,0,0.10642856,Moderate
5274,1,0.43486714,High
5275,1,0.26081964,High
5276,0,0.14335176,Moderate
5277,0,0.66114676,Very High
5278,0,0.040159255,Low
5279,0,0.14123225,Moderate
5280,0,0.107734,Moderate
5281,0,0.21232359,Moderate
5282,1,0.17869197,Moderate
5283,0,0.102387965,Moderate
5284,0,0.27273944,High
5285,1,0.6933834,Very High
5286,0,0.14973156,Moderate
5287,1,0.044009443,Low
5288,0,0.05149229,Low
5289,0,0.19127697,Moderate
5290,0,0.12320628,Moderate
5291,0,0.16101041,Moderate
5292,0,0.06914104,Low
5293,0,0.1838834,Moderate
5294,0,0.18169026,Moderate
5295,1,0.24979953,Moderate
5296,0,0.03468953,Low
5297,0,0.14789447,Moderate
5298,0,0.14464515,Moderate
5299,0,0.036429882,Low
5300,0,0.16858557,Moderate
5301,0,0.050517865,Low
5302,0,0.37377352,High
5303,0,0.2943902,High
5304,0,0.0945764,Low
5305,1,0.15637167,Moderate
5306,0,0.26434174,High
5307,0,0.09083517,Low
5308,0,0.050540637,Low
5309,0,0.10654069,Moderate
5310,0,0.16115604,Moderate
5311,0,0.07878355,Low
5312,0,0.15594193,Moderate
5313,0,0.13325657,Moderate
5314,0,0.4361505,High
5315,0,0.14021635,Moderate
5316,0,0.03831267,Low
5317,1,0.72383475,Very High
5318,1,0.39007202,High
5319,0,0.044680107,Low
5320,0,0.26066175,High
5321,0,0.09010605,Low
5322,0,0.34894148,High
5323,0,0.66140735,Very High
5324,0,0.30464137,High
5325,0,0.2209119,Moderate
5326,0,0.24285214,Moderate
5327,0,0.07463343,Low
5328,0,0.049769502,Low
5329,0,0.13112876,Moderate
5330,0,0.0558988,Low
5331,0,0.19590405,Moderate
5332,0,0.27293554,High
5333,0,0.17465101,Moderate
5334,0,0.08632496,Low
5335,0,0.14894937,Moderate
5336,1,0.11137958,Moderate
5337,0,0.14508355,Moderate
5338,1,0.118186146,Moderate
5339,1,0.8166074,Very High
5340,0,0.65680236,Very High
5341,0,0.12956695,Moderate
5342,0,0.36191103,High
5343,0,0.4321017,High
5344,0,0.31442758,High
5345,0,0.051324923,Low
5346,0,0.24675575,Moderate
5347,0,0.061068118,Low
5348,0,0.020094587,Low
5349,1,0.68219244,Very High
5350,1,0.50282073,Very High
5351,1,0.34502804,High
5352,0,0.083443604,Low
5353,0,0.45491454,High
5354,0,0.16244681,Moderate
5355,0,0.055895817,Low
5356,0,0.14743732,Moderate
5357,0,0.15250123,Moderate
5358,0,0.11534228,Moderate
5359,0,0.052472398,Low
5360,0,0.072170675,Low
5361,0,0.19256774,Moderate
5362,0,0.06696812,Low
5363,0,0.06370878,Low
5364,0,0.085311756,Low
5365,0,0.6828027,Very High
5366,1,0.20570411,Moderate
5367,0,0.36935562,High
5368,0,0.102461345,Moderate
5369,0,0.16935077,Moderate
5370,0,0.049062632,Low
5371,0,0.070689276,Low
5372,1,0.6703012,Very High
5373,0,0.055633143,Low
5374,0,0.070809476,Low
5375,0,0.13426182,Moderate
5376,0,0.030121267,Low
5377,0,0.05717472,Low
5378,0,0.0744469,Low
5379,0,0.14736058,Moderate
5380,0,0.1317968,Moderate
5381,0,0.35361144,High
5382,1,0.21763432,Moderate
5383,0,0.14877868,Moderate
5384,1,0.5118687,Very High
5385,0,0.31169897,High
5386,0,0.18392576,Moderate
5387,1,0.22934327,Moderate
5388,1,0.12585765,Moderate
5389,1,0.17536256,Moderate
5390,0,0.043089245,Low
5391,1,0.8329875,Very High
5392,0,0.07350849,Low
5393,1,0.7422691,Very High
5394,0,0.15000173,Moderate
5395,0,0.23122759,Moderate
5396,0,0.12626687,Moderate
5397,0,0.16640219,Moderate
5398,0,0.0701714,Low
5399,1,0.51656026,Very High
5400,1,0.22651862,Moderate
5401,0,0.034810007,Low
5402,0,0.058771003,Low
5403,0,0.13241136,Moderate
5404,0,0.04611068,Low
5405,1,0.3433421,High
5406,0,0.1835176,Moderate
5407,0,0.13172539,Moderate
5408,0,0.072309814,Low
5409,0,0.10669035,Moderate
5410,0,0.12315362,Moderate
5411,0,0.12918025,Moderate
5412,0,0.3166363,High
5413,0,0.25094694,High
5414,0,0.067847826,Low
5415,0,0.14991432,Moderate
5416,0,0.09168806,Low
5417,0,0.1801348,Moderate
5418,0,0.10473634,Moderate
5419,0,0.15159148,Moderate
5420,1,0.612243,Very High
5421,0,0.048443157,Low
5422,0,0.071535945,Low
5423,1,0.07621887,Low
5424,0,0.11351907,Moderate
5425,0,0.4993745,High
5426,1,0.37597013,High
5427,1,0.22056852,Moderate
5428,0,0.16481408,Moderate
5429,0,0.32792053,High
5430,0,0.1292079,Moderate
5431,0,0.055371404,Low
5432,0,0.08485976,Low
5433,0,0.12700316,Moderate
5434,0,0.061850734,Low
5435,1,0.61646366,Very High
5436,0,0.10038883,Moderate
5437,0,0.08485173,Low
5438,0,0.06867467,Low
5439,0,0.1236788,Moderate
5440,0,0.7334829,Very High
5441,0,0.1869384,Moderate
5442,0,0.027196145,Low
5443,0,0.059738547,Low
5444,0,0.12303334,Moderate
5445,1,0.8102619,Very High
5446,0,0.16669454,Moderate
5447,0,0.3809964,High
5448,0,0.050271694,Low
5449,0,0.16389357,Moderate
5450,0,0.08975977,Low
5451,0,0.24742708,Moderate
5452,0,0.43256813,High
5453,1,0.17804608,Moderate
5454,0,0.1729175,Moderate
5455,0,0.29322973,High
5456,1,0.4384583,High
5457,0,0.098337874,Low
5458,1,0.66367114,Very High
5459,1,0.674262,Very High
5460,0,0.014836094,Low
5461,0,0.29826236,High
5462,0,0.13185135,Moderate
5463,0,0.028000947,Low
5464,0,0.36513034,High
5465,0,0.173889,Moderate
5466,0,0.3194471,High
5467,1,0.73510736,Very High
5468,0,0.12533252,Moderate
5469,0,0.19967036,Moderate
5470,0,0.22631127,Moderate
5471,0,0.04163019,Low
5472,1,0.2534965,High
5473,1,0.65171444,Very High
5474,0,0.06658676,Low
5475,1,0.5837762,Very High
5476,0,0.090935886,Low
5477,0,0.7631253,Very High
5478,0,0.1485406,Moderate
5479,0,0.052083336,Low
5480,0,0.050854877,Low
5481,0,0.10413966,Moderate
5482,0,0.030801712,Low
5483,0,0.23866922,Moderate
5484,0,0.17351988,Moderate
5485,0,0.082396366,Low
5486,1,0.65428513,Very High
5487,0,0.12654883,Moderate
5488,1,0.77341205,Very High
5489,0,0.1634303,Moderate
5490,0,0.091281526,Low
5491,0,0.1706357,Moderate
5492,0,0.1985405,Moderate
5493,0,0.14870529,Moderate
5494,0,0.1370171,Moderate
5495,0,0.056533992,Low
5496,0,0.31182346,High
5497,0,0.04695984,Low
5498,0,0.32082793,High
5499,0,0.1604367,Moderate
5500,0,0.036978014,Low
5501,0,0.07958214,Low
5502,1,0.3992154,High
5503,0,0.06567816,Low
5504,0,0.14071815,Moderate
5505,0,0.081717014,Low
5506,0,0.17871739,Moderate
5507,0,0.11058558,Moderate
5508,0,0.08570183,Low
5509,0,0.12672067,Moderate
5510,0,0.0918287,Low
5511,0,0.10972058,Moderate
5512,0,0.33215636,High
5513,1,0.836625,Very High
5514,0,0.15393944,Moderate
5515,0,0.08617964,Low
5516,1,0.17233108,Moderate
5517,0,0.56959784,Very High
5518,0,0.04032111,Low
5519,0,0.06260549,Low
5520,0,0.1856862,Moderate
5521,0,0.132796,Moderate
5522,0,0.1364868,Moderate
5523,0,0.14580595,Moderate
5524,0,0.04219644,Low
5525,0,0.14601168,Moderate
5526,0,0.081620134,Low
5527,0,0.03409132,Low
5528,0,0.14727746,Moderate
5529,0,0.15324731,Moderate
5530,0,0.12805499,Moderate
5531,0,0.16398238,Moderate
5532,0,0.21172771,Moderate
5533,0,0.09469665,Low
5534,1,0.18593973,Moderate
5535,1,0.24435934,Moderate
5536,0,0.037391745,Low
5537,0,0.34760568,High
5538,0,0.03795518,Low
5539,1,0.29012907,High
5540,0,0.022821886,Low
5541,0,0.25790623,High
5542,0,0.34083214,High
5543,0,0.6278965,Very High
5544,0,0.25012994,High
5545,0,0.17347519,Moderate
5546,0,0.12623079,Moderate
5547,0,0.16443723,Moderate
5548,0,0.09212144,Low
5549,0,0.04449334,Low
5550,0,0.32927772,High
5551,0,0.1329464,Moderate
5552,0,0.44673797,High
5553,0,0.13769847,Moderate
5554,0,0.19708043,Moderate
5555,0,0.11456419,Moderate
5556,0,0.06247036,Low
5557,0,0.16771388,Moderate
5558,1,0.6790131,Very High
5559,1,0.20603122,Moderate
5560,0,0.16598417,Moderate
5561,0,0.06479885,Low
5562,1,0.14612238,Moderate
5563,0,0.17915228,Moderate
5564,0,0.055133708,Low
5565,1,0.090620466,Low
5566,0,0.12052358,Moderate
5567,0,0.043924578,Low
5568,0,0.11934819,Moderate
5569,0,0.119746685,Moderate
5570,0,0.12654792,Moderate
5571,0,0.07186319,Low
5572,1,0.7806306,Very High
5573,0,0.08512286,Low
5574,0,0.052520774,Low
5575,1,0.20193788,Moderate
5576,0,0.014464457,Low
5577,1,0.16622964,Moderate
5578,0,0.17647482,Moderate
5579,0,0.066140845,Low
5580,1,0.72566086,Very High
5581,0,0.2624187,High
5582,0,0.07860406,Low
5583,0,0.14165491,Moderate
5584,0,0.25275108,High
5585,0,0.2042072,Moderate
5586,0,0.0327533,Low
5587,0,0.05808625,Low
5588,1,0.2845591,High
5589,0,0.07832254,Low
5590,0,0.15587978,Moderate
5591,0,0.1726224,Moderate
5592,0,0.19979852,Moderate
5593,0,0.7913751,Very High
5594,0,0.10708338,Moderate
5595,0,0.30504954,High
5596,0,0.11871748,Moderate
5597,0,0.024285045,Low
5598,1,0.19295987,Moderate
5599,0,0.10709967,Moderate
5600,0,0.16255951,Moderate
5601,1,0.7719165,Very High
5602,0,0.28444985,High
5603,0,0.062486906,Low
5604,0,0.05578254,Low
5605,1,0.23507869,Moderate
5606,0,0.123009585,Moderate
5607,0,0.40973285,High
5608,0,0.03531891,Low
5609,0,0.13589576,Moderate
5610,0,0.13233222,Moderate
5611,1,0.7332715,Very High
5612,0,0.14355735,Moderate
5613,0,0.17602694,Moderate
5614,0,0.13236871,Moderate
5615,0,0.14812294,Moderate
5616,0,0.014162716,Low
5617,0,0.15636712,Moderate
5618,0,0.08351564,Low
5619,0,0.0939207,Low
5620,0,0.064031884,Low
5621,0,0.050314784,Low
5622,0,0.25099266,High
5623,0,0.13150586,Moderate
5624,0,0.22401035,Moderate
5625,0,0.0810091,Low
5626,0,0.12414624,Moderate
5627,1,0.47900802,High
5628,0,0.073832564,Low
5629,0,0.61722755,Very High
5630,0,0.2525379,High
5631,1,0.25734597,High
5632,0,0.040351547,Low
5633,0,0.040250503,Low
5634,0,0.111468084,Moderate
5635,0,0.037035443,Low
5636,0,0.039724115,Low
5637,0,0.23438638,Moderate
5638,0,0.07042161,Low
5639,0,0.3296742,High
5640,0,0.114863396,Moderate
5641,0,0.046083212,Low
5642,0,0.07188166,Low
5643,0,0.44881666,High
5644,0,0.13217804,Moderate
5645,0,0.051474787,Low
5646,1,0.3883389,High
5647,0,0.110284604,Moderate
5648,1,0.69485825,Very High
5649,0,0.2455056,Moderate
5650,0,0.05525565,Low
5651,0,0.36131042,High
5652,0,0.45224267,High
5653,1,0.07983003,Low
5654,0,0.13068764,Moderate
5655,0,0.02598856,Low
5656,0,0.37917507,High
5657,0,0.06075962,Low
5658,0,0.16392179,Moderate
5659,1,0.70737267,Very High
5660,0,0.12687467,Moderate
5661,0,0.20482476,Moderate
5662,0,0.13818334,Moderate
5663,0,0.079114094,Low
5664,0,0.04924707,Low
5665,0,0.1671666,Moderate
5666,1,0.20043539,Moderate
5667,0,0.07887939,Low
5668,0,0.023358507,Low
5669,1,0.11977448,Moderate
5670,1,0.67729867,Very High
5671,0,0.39356315,High
5672,0,0.046011783,Low
5673,0,0.06885416,Low
5674,0,0.13873011,Moderate
5675,1,0.74816686,Very High
5676,0,0.20572329,Moderate
5677,0,0.1647202,Moderate
5678,0,0.24785122,Moderate
5679,0,0.05219164,Low
5680,0,0.2917866,High
5681,0,0.05415502,Low
5682,1,0.85325277,Very High
5683,1,0.71297836,Very High
5684,0,0.100060605,Moderate
5685,0,0.12709731,Moderate
5686,0,0.07414411,Low
5687,0,0.117901884,Moderate
5688,0,0.023303328,Low
5689,0,0.03252713,Low
5690,0,0.1129156,Moderate
5691,1,0.21727146,Moderate
5692,0,0.06800516,Low
5693,1,0.4386037,High
5694,0,0.243655,Moderate
5695,1,0.1530647,Moderate
5696,0,0.16600096,Moderate
5697,0,0.055637352,Low
5698,1,0.28555053,High
5699,0,0.06613787,Low
5700,0,0.08323489,Low
5701,1,0.2152817,Moderate
5702,0,0.049568173,Low
5703,0,0.13190119,Moderate
5704,0,0.09768471,Low
5705,1,0.22806409,Moderate
5706,1,0.086280346,Low
5707,0,0.037762027,Low
5708,0,0.13304958,Moderate
5709,0,0.045120727,Low
5710,0,0.12712827,Moderate
5711,1,0.14320347,Moderate
5712,0,0.18996312,Moderate
5713,0,0.059565537,Low
5714,0,0.7158798,Very High
5715,1,0.21844491,Moderate
5716,0,0.08664086,Low
5717,0,0.041997764,Low
5718,0,0.29670185,High
5719,0,0.1036894,Moderate
5720,0,0.104396105,Moderate
5721,0,0.28870153,High
5722,1,0.7928118,Very High
5723,0,0.16154532,Moderate
5724,0,0.72711754,Very High
5725,1,0.787087,Very High
5726,0,0.14228806,Moderate
5727,1,0.7843469,Very High
5728,0,0.061195146,Low
5729,0,0.0359433,Low
5730,0,0.16989101,Moderate
5731,0,0.18459289,Moderate
5732,0,0.24676232,Moderate
5733,0,0.08374615,Low
5734,0,0.039377145,Low
5735,1,0.20048317,Moderate
5736,0,0.06036647,Low
5737,1,0.74548215,Very High
5738,0,0.12958522,Moderate
5739,1,0.61578166,Very High
5740,0,0.07744881,Low
5741,0,0.0647101,Low
5742,0,0.041272603,Low
5743,1,0.7824116,Very High
5744,0,0.34348807,High
5745,0,0.050334465,Low
5746,0,0.07195605,Low
5747,1,0.80769956,Very High
5748,0,0.017555455,Low
5749,0,0.11137,Moderate
5750,0,0.16528307,Moderate
5751,1,0.88360506,Very High
5752,0,0.21245678,Moderate
5753,0,0.10278691,Moderate
5754,1,0.3408489,High
5755,1,0.67084754,Very High
5756,0,0.57597333,Very High
5757,1,0.39044276,High
5758,0,0.11081723,Moderate
5759,1,0.21519464,Moderate
5760,0,0.085433505,Low
5761,0,0.1487565,Moderate
5762,0,0.22631846,Moderate
5763,0,0.320329,High
5764,0,0.18000615,Moderate
5765,0,0.031297226,Low
5766,0,0.21314628,Moderate
5767,0,0.10326203,Moderate
5768,0,0.091676496,Low
5769,0,0.08287967,Low
5770,0,0.7411642,Very High
5771,1,0.47754157,High
5772,0,0.06597571,Low
5773,0,0.18222386,Moderate
5774,0,0.04871071,Low
5775,0,0.1343976,Moderate
5776,0,0.048754003,Low
5777,0,0.09477557,Low
5778,0,0.07280711,Low
5779,0,0.18035215,Moderate
5780,0,0.16406676,Moderate
5781,0,0.23276731,Moderate
5782,0,0.06303678,Low
5783,0,0.13763635,Moderate
5784,0,0.14619666,Moderate
5785,0,0.16512792,Moderate
5786,1,0.762049,Very High
5787,1,0.87135684,Very High
5788,0,0.29157948,High
5789,0,0.11485408,Moderate
5790,0,0.14208025,Moderate
5791,0,0.222038,Moderate
5792,0,0.051798265,Low
5793,0,0.02571559,Low
5794,0,0.50218135,Very High
5795,0,0.12740555,Moderate
5796,0,0.103302054,Moderate
5797,0,0.14423575,Moderate
5798,0,0.14567044,Moderate
5799,0,0.08352127,Low
5800,0,0.6744336,Very High
5801,1,0.37809208,High
5802,0,0.03680254,Low
5803,0,0.105898455,Moderate
5804,0,0.12877534,Moderate
5805,0,0.075672045,Low
5806,0,0.12727705,Moderate
5807,0,0.053652667,Low
5808,1,0.1286312,Moderate
5809,0,0.0449976,Low
5810,0,0.02272885,Low
5811,0,0.1384905,Moderate
5812,0,0.10963222,Moderate
5813,1,0.71413815,Very High
5814,0,0.22529927,Moderate
5815,0,0.27916682,High
5816,1,0.180499,Moderate
5817,1,0.73892945,Very High
5818,1,0.51777816,Very High
5819,0,0.15026717,Moderate
5820,1,0.74048233,Very High
5821,0,0.10707611,Moderate
5822,0,0.112627335,Moderate
5823,0,0.054860853,Low
5824,0,0.15660875,Moderate
5825,0,0.43278652,High
5826,0,0.627771,Very High
5827,1,0.20576833,Moderate
5828,1,0.04035267,Low
5829,0,0.62255424,Very High
5830,0,0.18744011,Moderate
5831,0,0.08113873,Low
5832,1,0.7800578,Very High
5833,0,0.08192825,Low
5834,0,0.5142007,Very High
5835,0,0.24917026,Moderate
5836,1,0.025369998,Low
5837,0,0.11419849,Moderate
5838,1,0.9353251,Very High
5839,0,0.5826215,Very High
5840,0,0.12928301,Moderate
5841,0,0.08187291,Low
5842,0,0.028955562,Low
5843,0,0.20044647,Moderate
5844,0,0.46297097,High
5845,0,0.13999708,Moderate
5846,0,0.29056722,High
5847,1,0.3083866,High
5848,0,0.23778857,Moderate
5849,0,0.124495804,Moderate
5850,0,0.06147585,Low
5851,0,0.2527205,High
5852,0,0.066610225,Low
5853,1,0.37868914,High
5854,1,0.1457864,Moderate
5855,0,0.24921119,Moderate
5856,0,0.032762125,Low
5857,0,0.11727818,Moderate
5858,0,0.07567553,Low
5859,0,0.12710345,Moderate
5860,0,0.42099202,High
5861,0,0.0691698,Low
5862,0,0.13244693,Moderate
5863,0,0.055284172,Low
5864,0,0.043122593,Low
5865,1,0.46342254,High
5866,0,0.07698506,Low
5867,0,0.08455251,Low
5868,0,0.5164116,Very High
5869,0,0.1854233,Moderate
5870,0,0.12738976,Moderate
5871,1,0.26088488,High
5872,0,0.06574651,Low
5873,0,0.069809675,Low
5874,0,0.20812124,Moderate
5875,1,0.8223575,Very High
5876,1,0.22093005,Moderate
5877,0,0.10040307,Moderate
5878,0,0.11838002,Moderate
5879,0,0.045762237,Low
5880,0,0.13849594,Moderate
5881,0,0.058937334,Low
5882,0,0.018396394,Low
5883,0,0.1391041,Moderate
5884,1,0.7142702,Very High
5885,1,0.6781598,Very High
5886,0,0.5353729,Very High
5887,0,0.48397326,High
5888,0,0.031362157,Low
5889,0,0.06243773,Low
5890,0,0.13392179,Moderate
5891,0,0.054387745,Low
5892,0,0.09078523,Low
5893,1,0.65188396,Very High
5894,0,0.09164903,Low
5895,1,0.33396506,High
5896,0,0.03994259,Low
5897,0,0.07452577,Low
5898,0,0.043831956,Low
5899,0,0.12863736,Moderate
5900,0,0.18617524,Moderate
5901,1,0.21102928,Moderate
5902,0,0.5252519,Very High
5903,0,0.24429001,Moderate
5904,0,0.32552764,High
5905,0,0.22637591,Moderate
5906,1,0.045232847,Low
5907,0,0.15675901,Moderate
5908,0,0.65131325,Very High
5909,0,0.059765805,Low
5910,0,0.054952342,Low
5911,0,0.17929848,Moderate
5912,0,0.20831524,Moderate
5913,1,0.1561976,Moderate
5914,0,0.053975157,Low
5915,0,0.13819736,Moderate
5916,0,0.43007505,High
5917,0,0.05381715,Low
5918,1,0.21808681,Moderate
5919,0,0.262945,High
5920,0,0.14679497,Moderate
5921,1,0.21526316,Moderate
5922,0,0.22882572,Moderate
5923,0,0.08389522,Low
5924,0,0.2067926,Moderate
5925,1,0.95230025,Very High
5926,0,0.12956077,Moderate
5927,0,0.15107188,Moderate
5928,1,0.10846768,Moderate
5929,0,0.0610369,Low
5930,0,0.12779291,Moderate
5931,1,0.6854599,Very High
5932,0,0.037562557,Low
5933,0,0.24340148,Moderate
5934,0,0.18118066,Moderate
5935,0,0.15679155,Moderate
5936,0,0.14586492,Moderate
5937,0,0.086980045,Low
5938,0,0.13044319,Moderate
5939,0,0.086617485,Low
5940,0,0.07829578,Low
5941,0,0.1281722,Moderate
5942,0,0.23647574,Moderate
5943,0,0.10866728,Moderate
5944,0,0.07409495,Low
5945,0,0.062684454,Low
5946,0,0.10673584,Moderate
5947,1,0.04320989,Low
5948,0,0.17537843,Moderate
5949,0,0.071778715,Low
5950,1,0.11889229,Moderate
5951,0,0.102562204,Moderate
5952,0,0.1885577,Moderate
5953,0,0.10441159,Moderate
5954,1,0.32678282,High
5955,0,0.047565766,Low
5956,0,0.115918726,Moderate
5957,0,0.057414573,Low
5958,0,0.119672425,Moderate
5959,0,0.08536846,Low
5960,0,0.2993638,High
5961,0,0.112608805,Moderate
5962,0,0.06184466,Low
5963,0,0.12181401,Moderate
5964,0,0.3861378,High
5965,0,0.0813207,Low
5966,0,0.15240212,Moderate
5967,0,0.074814245,Low
5968,0,0.025243679,Low
5969,0,0.069059126,Low
5970,0,0.06898672,Low
5971,1,0.21556456,Moderate
5972,1,0.07733087,Low
5973,1,0.10916451,Moderate
5974,0,0.21495135,Moderate
5975,0,0.10024058,Moderate
5976,0,0.07852566,Low
5977,0,0.186907,Moderate
5978,0,0.58769065,Very High
5979,0,0.15745589,Moderate
5980,1,0.5230914,Very High
5981,0,0.09403432,Low
5982,0,0.050717976,Low
5983,1,0.335972,High
5984,0,0.087978765,Low
5985,0,0.17139369,Moderate
5986,0,0.7516206,Very High
5987,1,0.19050044,Moderate
5988,1,0.43123224,High
5989,0,0.40554655,High
5990,0,0.053111263,Low
5991,0,0.29247782,High
5992,0,0.22661813,Moderate
5993,0,0.20475933,Moderate
5994,0,0.19997594,Moderate
5995,0,0.07752236,Low
5996,0,0.04043834,Low
5997,0,0.15694135,Moderate
5998,0,0.08493339,Low
5999,0,0.13341668,Moderate
6000,0,0.556581,Very High
6001,0,0.18929751,Moderate
6002,0,0.11426522,Moderate
6003,1,0.31184036,High
6004,0,0.07513229,Low
6005,0,0.10404545,Moderate
6006,0,0.06252821,Low
6007,1,0.27039987,High
6008,0,0.050149884,Low
6009,0,0.047478355,Low
6010,0,0.3595981,High
6011,0,0.27945867,High
6012,0,0.31018606,High
6013,1,0.16680686,Moderate
6014,0,0.13024335,Moderate
6015,1,0.32726565,High
6016,1,0.39176226,High
6017,0,0.19418983,Moderate
6018,1,0.21213253,Moderate
6019,0,0.32544482,High
6020,1,0.70666885,Very High
6021,0,0.23146243,Moderate
6022,0,0.14445098,Moderate
6023,0,0.36768016,High
6024,0,0.16230568,Moderate
6025,0,0.09057688,Low
6026,1,0.15776794,Moderate
6027,0,0.07188072,Low
6028,0,0.11031641,Moderate
6029,0,0.12892555,Moderate
6030,1,0.27548206,High
6031,0,0.062630124,Low
6032,0,0.19705717,Moderate
6033,0,0.08331197,Low
6034,0,0.03953529,Low
6035,1,0.2347435,Moderate
6036,1,0.19397266,Moderate
6037,0,0.14460473,Moderate
6038,0,0.075229265,Low
6039,0,0.63230616,Very High
6040,0,0.052522704,Low
6041,1,0.8952951,Very High
6042,0,0.045399416,Low
6043,0,0.09587821,Low
6044,0,0.14161518,Moderate
6045,1,0.8932995,Very High
6046,1,0.6399374,Very High
6047,0,0.02111423,Low
6048,1,0.42762664,High
6049,0,0.1451332,Moderate
6050,0,0.3715331,High
6051,0,0.079888046,Low
6052,1,0.21769734,Moderate
6053,0,0.4058449,High
6054,1,0.21885404,Moderate
6055,1,0.21853857,Moderate
6056,1,0.67842567,Very High
6057,0,0.04682951,Low
6058,0,0.15498653,Moderate
6059,0,0.056620568,Low
6060,0,0.1505016,Moderate
6061,0,0.33537596,High
6062,0,0.67170715,Very High
6063,0,0.09212361,Low
6064,0,0.093314394,Low
6065,0,0.07934741,Low
6066,0,0.6367198,Very High
6067,0,0.29030135,High
6068,0,0.11168478,Moderate
6069,0,0.09384605,Low
6070,0,0.13336132,Moderate
6071,0,0.10549125,Moderate
6072,0,0.068234004,Low
6073,1,0.42779902,High
6074,1,0.08412977,Low
6075,0,0.022385616,Low
6076,0,0.17197023,Moderate
6077,1,0.6117581,Very High
6078,0,0.07208024,Low
6079,1,0.7512597,Very High
6080,0,0.03012721,Low
6081,0,0.035323396,Low
6082,0,0.14766589,Moderate
6083,0,0.45385298,High
6084,1,0.6507742,Very High
6085,1,0.9079704,Very High
6086,1,0.33522487,High
6087,0,0.082530506,Low
6088,1,0.0633069,Low
6089,1,0.37050572,High
6090,0,0.5378986,Very High
6091,0,0.040794887,Low
6092,0,0.049330793,Low
6093,0,0.03885915,Low
6094,0,0.33221242,High
6095,1,0.30728456,High
6096,0,0.065133035,Low
6097,1,0.1835173,Moderate
6098,1,0.16532193,Moderate
6099,1,0.10402258,Moderate
6100,0,0.15247494,Moderate
6101,0,0.033167686,Low
6102,0,0.2080827,Moderate
6103,0,0.053044144,Low
6104,0,0.14956345,Moderate
6105,1,0.22653282,Moderate
6106,0,0.14927198,Moderate
6107,0,0.689388,Very High
6108,1,0.28624576,High
6109,1,0.6412947,Very High
6110,0,0.16382375,Moderate
6111,0,0.1326036,Moderate
6112,1,0.72216946,Very High
6113,0,0.15756063,Moderate
6114,0,0.1576562,Moderate
6115,0,0.09309766,Low
6116,0,0.044205174,Low
6117,0,0.3418479,High
6118,0,0.16204506,Moderate
6119,0,0.09667697,Low
6120,1,0.806072,Very High
6121,1,0.6692837,Very High
6122,1,0.80398816,Very High
6123,1,0.5582628,Very High
6124,0,0.18422025,Moderate
6125,0,0.37423,High
6126,0,0.062492564,Low
6127,1,0.3064243,High
6128,1,0.7231222,Very High
6129,0,0.11735728,Moderate
6130,1,0.6651721,Very High
6131,0,0.04913374,Low
6132,0,0.029034385,Low
6133,1,0.721294,Very High
6134,0,0.086010404,Low
6135,1,0.10640061,Moderate
6136,0,0.05042842,Low
6137,0,0.074756615,Low
6138,1,0.44705814,High
6139,1,0.23639958,Moderate
6140,0,0.16892302,Moderate
6141,0,0.089897,Low
6142,0,0.09025879,Low
6143,0,0.03823651,Low
6144,0,0.09833794,Low
6145,0,0.1450144,Moderate
6146,0,0.28386343,High
6147,0,0.5357633,Very High
6148,0,0.059360906,Low
6149,0,0.19139437,Moderate
6150,0,0.12707855,Moderate
6151,1,0.52486473,Very High
6152,0,0.22055309,Moderate
6153,0,0.1525208,Moderate
6154,1,0.13539895,Moderate
6155,1,0.5470634,Very High
6156,1,0.31378913,High
6157,1,0.20840497,Moderate
6158,0,0.19586205,Moderate
6159,0,0.082214214,Low
6160,0,0.63152033,Very High
6161,1,0.43860874,High
6162,0,0.022660144,Low
6163,0,0.12759134,Moderate
6164,1,0.22961316,Moderate
6165,0,0.11262362,Moderate
6166,0,0.18613945,Moderate
6167,1,0.4376418,High
6168,0,0.14646012,Moderate
6169,0,0.07628197,Low
6170,1,0.3655032,High
6171,0,0.16664636,Moderate
6172,0,0.1716858,Moderate
6173,0,0.15409203,Moderate
6174,0,0.38465616,High
6175,1,0.74215984,Very High
6176,0,0.82952195,Very High
6177,1,0.6693164,Very High
6178,1,0.18546739,Moderate
6179,0,0.13962276,Moderate
6180,0,0.08542576,Low
6181,1,0.15573281,Moderate
6182,1,0.785035,Very High
6183,1,0.68690276,Very High
6184,1,0.18789767,Moderate
6185,0,0.044711664,Low
6186,0,0.111388735,Moderate
6187,1,0.24867412,Moderate
6188,0,0.06753392,Low
6189,0,0.0946942,Low
6190,0,0.038630936,Low
6191,0,0.13854888,Moderate
6192,1,0.3595103,High
6193,0,0.17008494,Moderate
6194,0,0.4496422,High
6195,0,0.034881912,Low
6196,0,0.10134579,Moderate
6197,0,0.34277827,High
6198,0,0.10559749,Moderate
6199,0,0.376267,High
6200,0,0.10884867,Moderate
6201,0,0.14240366,Moderate
6202,1,0.08006776,Low
6203,0,0.10047243,Moderate
6204,0,0.11691505,Moderate
6205,1,0.3540449,High
6206,0,0.041237548,Low
6207,0,0.135134,Moderate
6208,0,0.043166127,Low
6209,0,0.6626969,Very High
6210,0,0.06683631,Low
6211,0,0.72797555,Very High
6212,0,0.13297294,Moderate
6213,0,0.084825076,Low
6214,0,0.03842009,Low
6215,0,0.017761996,Low
6216,0,0.3901851,High
6217,0,0.33179438,High
6218,0,0.4142953,High
6219,0,0.41474256,High
6220,0,0.17968495,Moderate
6221,0,0.30977705,High
6222,1,0.6177858,Very High
6223,0,0.09980246,Low
6224,0,0.19275315,Moderate
6225,0,0.29592872,High
6226,0,0.060955033,Low
6227,0,0.05264701,Low
6228,0,0.23066583,Moderate
6229,1,0.6909681,Very High
6230,1,0.17767555,Moderate
6231,0,0.16527595,Moderate
6232,0,0.0347588,Low
6233,0,0.666611,Very High
6234,0,0.10332797,Moderate
6235,0,0.08477526,Low
6236,0,0.24537082,Moderate
6237,0,0.15352981,Moderate
6238,1,0.05776724,Low
6239,1,0.21763091,Moderate
6240,0,0.03333446,Low
6241,1,0.7772355,Very High
6242,0,0.06629474,Low
6243,0,0.08310653,Low
6244,0,0.31356522,High
6245,0,0.037327502,Low
6246,0,0.03142474,Low
6247,0,0.064059645,Low
6248,0,0.14500721,Moderate
6249,0,0.011130911,Low
6250,0,0.42077896,High
6251,0,0.28014228,High
6252,1,0.1287336,Moderate
6253,0,0.167471,Moderate
6254,0,0.19201146,Moderate
6255,0,0.26037472,High
6256,1,0.7525856,Very High
6257,0,0.08535173,Low
6258,0,0.42903373,High
6259,0,0.03028524,Low
6260,0,0.36918205,High
6261,0,0.08443047,Low
6262,0,0.09745888,Low
6263,0,0.042280644,Low
6264,0,0.121051215,Moderate
6265,0,0.29302567,High
6266,0,0.1169534,Moderate
6267,0,0.13225178,Moderate
6268,0,0.06447423,Low
6269,1,0.51418215,Very High
6270,0,0.121972546,Moderate
6271,0,0.11038539,Moderate
6272,1,0.9330542,Very High
6273,0,0.17345715,Moderate
6274,0,0.13488671,Moderate
6275,0,0.15401243,Moderate
6276,0,0.17167747,Moderate
6277,0,0.19493517,Moderate
6278,1,0.39651906,High
6279,0,0.3818176,High
6280,0,0.06901409,Low
6281,0,0.17100315,Moderate
6282,1,0.7311755,Very High
6283,0,0.3232078,High
6284,0,0.10528622,Moderate
6285,0,0.02808082,Low
6286,0,0.5109865,Very High
6287,0,0.09846644,Low
6288,0,0.051001508,Low
6289,0,0.09500288,Low
6290,0,0.6974867,Very High
6291,0,0.11776005,Moderate
6292,1,0.084702834,Low
6293,1,0.06634266,Low
6294,0,0.17657918,Moderate
6295,0,0.018428592,Low
6296,0,0.024856905,Low
6297,0,0.06964533,Low
6298,0,0.031068252,Low
6299,0,0.054576825,Low
6300,0,0.15119986,Moderate
6301,0,0.5572163,Very High
6302,0,0.2402182,Moderate
6303,0,0.018802289,Low
6304,0,0.08266168,Low
6305,1,0.12485897,Moderate
6306,1,0.46855375,High
6307,0,0.01965946,Low
6308,0,0.040457293,Low
6309,0,0.088812225,Low
6310,0,0.09346214,Low
6311,0,0.25173092,High
6312,0,0.063471206,Low
6313,1,0.36809215,High
6314,0,0.37563315,High
6315,0,0.077895075,Low
6316,1,0.3732935,High
6317,0,0.09036815,Low
6318,0,0.105219945,Moderate
6319,1,0.75285876,Very High
6320,0,0.1693699,Moderate
6321,1,0.56794906,Very High
6322,0,0.032329135,Low
6323,0,0.10042678,Moderate
6324,0,0.08541237,Low
6325,0,0.028652702,Low
6326,0,0.204155,Moderate
6327,0,0.114554524,Moderate
6328,1,0.7766352,Very High
6329,0,0.030774591,Low
6330,0,0.050978627,Low
6331,0,0.10698968,Moderate
6332,1,0.6218351,Very High
6333,1,0.13480693,Moderate
6334,0,0.1656512,Moderate
6335,1,0.8074699,Very High
6336,0,0.044882048,Low
6337,0,0.04908543,Low
6338,0,0.52309513,Very High
6339,0,0.1555523,Moderate
6340,0,0.1195273,Moderate
6341,0,0.10573968,Moderate
6342,0,0.70899826,Very High
6343,0,0.09658361,Low
6344,1,0.7142431,Very High
6345,1,0.68513364,Very High
6346,1,0.44631034,High
6347,0,0.27135384,High
6348,0,0.3601012,High
6349,1,0.7761361,Very High
6350,0,0.4684713,High
6351,0,0.18326132,Moderate
6352,1,0.5817518,Very High
6353,0,0.6642939,Very High
6354,0,0.29294127,High
6355,0,0.08625276,Low
6356,0,0.15516338,Moderate
6357,0,0.11757648,Moderate
6358,1,0.5046177,Very High
6359,0,0.120798856,Moderate
6360,0,0.13817935,Moderate
6361,0,0.12646939,Moderate
6362,1,0.72099674,Very High
6363,0,0.36633447,High
6364,1,0.31171963,High
6365,0,0.12589979,Moderate
6366,1,0.30878648,High
6367,1,0.20712373,Moderate
6368,0,0.13351654,Moderate
6369,0,0.27334726,High
6370,0,0.11339475,Moderate
6371,0,0.7402155,Very High
6372,1,0.28267464,High
6373,0,0.31780478,High
6374,1,0.6288405,Very High
6375,0,0.20184875,Moderate
6376,0,0.118259475,Moderate
6377,0,0.10951773,Moderate
6378,0,0.13605826,Moderate
6379,1,0.4671355,High
6380,1,0.7589719,Very High
6381,0,0.10457819,Moderate
6382,0,0.11492934,Moderate
6383,0,0.3443758,High
6384,0,0.13216798,Moderate
6385,0,0.16489081,Moderate
6386,0,0.09123418,Low
6387,1,0.7432101,Very High
6388,0,0.058871053,Low
6389,0,0.19870718,Moderate
6390,0,0.18716563,Moderate
6391,0,0.037474986,Low
6392,0,0.13927473,Moderate
6393,1,0.12092906,Moderate
6394,0,0.10118071,Moderate
6395,0,0.027932756,Low
6396,1,0.401385,High
6397,0,0.092222445,Low
6398,0,0.07233078,Low
6399,0,0.13355951,Moderate
6400,1,0.6709889,Very High
6401,0,0.13337097,Moderate
6402,0,0.15250847,Moderate
6403,1,0.15639444,Moderate
6404,1,0.1536674,Moderate
6405,0,0.060138993,Low
6406,0,0.13887607,Moderate
6407,1,0.11775497,Moderate
6408,0,0.61558217,Very High
6409,0,0.116699114,Moderate
6410,0,0.12044633,Moderate
6411,0,0.2580469,High
6412,0,0.2874621,High
6413,1,0.22906138,Moderate
6414,1,0.2048499,Moderate
6415,0,0.2638483,High
6416,0,0.1147113,Moderate
6417,1,0.8378101,Very High
6418,0,0.07828427,Low
6419,0,0.2842491,High
6420,0,0.25383693,High
6421,1,0.16324212,Moderate
6422,0,0.022490334,Low
6423,0,0.0533826,Low
6424,0,0.038879156,Low
6425,0,0.029917102,Low
6426,0,0.0963029,Low
6427,1,0.86284786,Very High
6428,0,0.08235832,Low
6429,1,0.71640134,Very High
6430,1,0.18051383,Moderate
6431,0,0.15329519,Moderate
6432,0,0.11302822,Moderate
6433,0,0.19563705,Moderate
6434,0,0.17653814,Moderate
6435,0,0.45334485,High
6436,0,0.41327572,High
6437,0,0.15495251,Moderate
6438,0,0.040540405,Low
6439,0,0.30308175,High
6440,0,0.12876573,Moderate
6441,0,0.07087442,Low
6442,0,0.11727663,Moderate
6443,0,0.12052595,Moderate
6444,0,0.072665185,Low
6445,0,0.12130892,Moderate
6446,1,0.2660491,High
6447,0,0.032455843,Low
6448,0,0.053446736,Low
6449,0,0.18460107,Moderate
6450,1,0.14942487,Moderate
6451,0,0.1127569,Moderate
6452,0,0.10673669,Moderate
6453,0,0.05711849,Low
6454,0,0.29597586,High
6455,0,0.068757,Low
6456,0,0.49195325,High
6457,0,0.20195982,Moderate
6458,0,0.065076135,Low
6459,0,0.12179081,Moderate
6460,0,0.13475542,Moderate
6461,0,0.04277901,Low
6462,0,0.13388444,Moderate
6463,0,0.14545324,Moderate
6464,0,0.038196795,Low
6465,0,0.12948333,Moderate
6466,0,0.05991901,Low
6467,0,0.3835619,High
6468,0,0.08334329,Low
6469,0,0.036710143,Low
6470,0,0.18066517,Moderate
6471,0,0.3435487,High
6472,0,0.02230333,Low
6473,0,0.16435842,Moderate
6474,0,0.070500284,Low
6475,0,0.28285015,High
6476,1,0.47018585,High
6477,0,0.122629456,Moderate
6478,0,0.020405117,Low
6479,1,0.30477414,High
6480,0,0.31928742,High
6481,0,0.07291307,Low
6482,0,0.36724365,High
6483,0,0.07005563,Low
6484,1,0.22362618,Moderate
6485,0,0.095921025,Low
6486,0,0.2916445,High
6487,1,0.6064363,Very High
6488,1,0.109348126,Moderate
6489,0,0.06538387,Low
6490,1,0.10016264,Moderate
6491,0,0.069976375,Low
6492,0,0.381615,High
6493,1,0.78039485,Very High
6494,0,0.65039617,Very High
6495,0,0.09546461,Low
6496,0,0.048408605,Low
6497,0,0.2479253,Moderate
6498,0,0.2225249,Moderate
6499,0,0.1044576,Moderate
6500,0,0.1320855,Moderate
6501,1,0.44092673,High
6502,0,0.03210581,Low
6503,0,0.10417098,Moderate
6504,0,0.31938958,High
6505,0,0.03865477,Low
6506,1,0.26371962,High
6507,0,0.46840274,High
6508,0,0.10636124,Moderate
6509,0,0.041151676,Low
6510,1,0.81959045,Very High
6511,0,0.1115236,Moderate
6512,0,0.2470989,Moderate
6513,1,0.42613885,High
6514,0,0.40195054,High
6515,1,0.32484785,High
6516,1,0.18629353,Moderate
6517,0,0.24160409,Moderate
6518,0,0.4714951,High
6519,1,0.18442574,Moderate
6520,0,0.22246324,Moderate
6521,1,0.21686354,Moderate
6522,1,0.23831494,Moderate
6523,0,0.10460072,Moderate
6524,0,0.10271946,Moderate
6525,0,0.17970164,Moderate
6526,0,0.061078276,Low
6527,0,0.469501,High
6528,0,0.55412394,Very High
6529,1,0.11397279,Moderate
6530,0,0.2007809,Moderate
6531,1,0.7004309,Very High
6532,0,0.36462146,High
6533,0,0.13378195,Moderate
6534,0,0.20378709,Moderate
6535,0,0.05620095,Low
6536,0,0.12563108,Moderate
6537,0,0.18280011,Moderate
6538,0,0.07520915,Low
6539,0,0.08776744,Low
6540,1,0.37793794,High
6541,1,0.7282404,Very High
6542,0,0.18745013,Moderate
6543,0,0.08180519,Low
6544,0,0.085778676,Low
6545,0,0.030558135,Low
6546,0,0.34228918,High
6547,0,0.222792,Moderate
6548,0,0.07931338,Low
6549,0,0.14954533,Moderate
6550,0,0.14795877,Moderate
6551,1,0.4626417,High
6552,1,0.040353388,Low
6553,1,0.12099438,Moderate
6554,0,0.13110043,Moderate
6555,0,0.11985875,Moderate
6556,0,0.48530543,High
6557,1,0.7981195,Very High
6558,1,0.5609742,Very High
6559,0,0.07857522,Low
6560,1,0.05319194,Low
6561,0,0.08648492,Low
6562,0,0.51733464,Very High
6563,0,0.024985025,Low
6564,0,0.13610673,Moderate
6565,0,0.22768746,Moderate
6566,0,0.040445104,Low
6567,1,0.14813355,Moderate
6568,0,0.101386406,Moderate
6569,0,0.15361644,Moderate
6570,1,0.73374057,Very High
6571,0,0.3015378,High
6572,0,0.17531827,Moderate
6573,0,0.06504289,Low
6574,0,0.12409598,Moderate
6575,0,0.07895671,Low
6576,1,0.43881848,High
6577,0,0.1360106,Moderate
6578,0,0.067414306,Low
6579,0,0.17844205,Moderate
6580,1,0.6803253,Very High
6581,0,0.07258356,Low
6582,1,0.8687231,Very High
6583,1,0.6953267,Very High
6584,1,0.46267056,High
6585,0,0.05408618,Low
6586,0,0.46868634,High
6587,0,0.070671506,Low
6588,0,0.06476851,Low
6589,0,0.040994734,Low
6590,0,0.22434126,Moderate
6591,0,0.20205514,Moderate
6592,0,0.65918815,Very High
6593,0,0.023126943,Low
6594,0,0.14632407,Moderate
6595,0,0.16395013,Moderate
6596,0,0.61038566,Very High
6597,0,0.15776458,Moderate
6598,0,0.02140445,Low
6599,0,0.11037529,Moderate
6600,0,0.057952475,Low
6601,0,0.56629276,Very High
6602,0,0.06744537,Low
6603,0,0.13215342,Moderate
6604,0,0.06694247,Low
6605,0,0.28912425,High
6606,0,0.09271509,Low
6607,0,0.031473197,Low
6608,0,0.48874265,High
6609,0,0.39082375,High
6610,0,0.03026359,Low
6611,0,0.050922275,Low
6612,0,0.051538218,Low
6613,0,0.23824266,Moderate
6614,0,0.19679524,Moderate
6615,0,0.039790988,Low
6616,1,0.27871338,High
6617,0,0.15967958,Moderate
6618,0,0.5973822,Very High
6619,0,0.030020803,Low
6620,0,0.1222678,Moderate
6621,0,0.17330377,Moderate
6622,1,0.70733666,Very High
6623,0,0.088196866,Low
6624,1,0.4378581,High
6625,0,0.20618069,Moderate
6626,0,0.2049461,Moderate
6627,0,0.021419188,Low
6628,0,0.43310434,High
6629,0,0.058997013,Low
6630,1,0.78976,Very High
6631,0,0.07251641,Low
6632,0,0.043455806,Low
6633,0,0.1767751,Moderate
6634,0,0.059888788,Low
6635,0,0.24385136,Moderate
6636,1,0.73474157,Very High
6637,1,0.7765492,Very High
6638,0,0.064804696,Low
6639,0,0.11648413,Moderate
6640,1,0.45848367,High
6641,1,0.09312119,Low
6642,0,0.058268357,Low
6643,0,0.27926442,High
6644,0,0.2964627,High
6645,0,0.1415175,Moderate
6646,1,0.553597,Very High
6647,0,0.076592304,Low
6648,0,0.64840734,Very High
6649,0,0.11427837,Moderate
6650,0,0.026195455,Low
6651,0,0.13441274,Moderate
6652,0,0.10715512,Moderate
6653,0,0.032174516,Low
6654,1,0.09493268,Low
6655,1,0.55383646,Very High
6656,0,0.07208847,Low
6657,0,0.16242307,Moderate
6658,0,0.65336436,Very High
6659,1,0.29493514,High
6660,0,0.5968299,Very High
6661,0,0.08452291,Low
6662,0,0.058015052,Low
6663,1,0.23677364,Moderate
6664,0,0.073604986,Low
6665,0,0.09234347,Low
6666,0,0.18643185,Moderate
6667,1,0.6667135,Very High
6668,0,0.5194323,Very High
6669,0,0.1680566,Moderate
6670,0,0.06007309,Low
6671,0,0.098437384,Low
6672,0,0.2753732,High
6673,0,0.1291189,Moderate
6674,0,0.50287604,Very High
6675,0,0.03758526,Low
6676,0,0.19871096,Moderate
6677,0,0.11261168,Moderate
6678,0,0.3857728,High
6679,1,0.18961824,Moderate
6680,0,0.26189294,High
6681,0,0.13975424,Moderate
6682,0,0.1052902,Moderate
6683,1,0.4515779,High
6684,1,0.4487214,High
6685,0,0.07119103,Low
6686,0,0.064498596,Low
6687,1,0.78321743,Very High
6688,1,0.765852,Very High
6689,0,0.4474095,High
6690,0,0.06450084,Low
6691,0,0.077837296,Low
6692,0,0.046750877,Low
6693,0,0.13925017,Moderate
6694,0,0.036405545,Low
6695,0,0.24476647,Moderate
6696,0,0.1681614,Moderate
6697,0,0.12733707,Moderate
6698,0,0.078801095,Low
6699,0,0.063808635,Low
6700,0,0.2921031,High
6701,1,0.6739873,Very High
6702,0,0.15204681,Moderate
6703,1,0.59255123,Very High
6704,0,0.15863492,Moderate
6705,0,0.16671947,Moderate
6706,0,0.08040418,Low
6707,0,0.06346303,Low
6708,0,0.14918855,Moderate
6709,0,0.6342691,Very High
6710,0,0.09995132,Low
6711,0,0.10914281,Moderate
6712,0,0.18052585,Moderate
6713,0,0.12995546,Moderate
6714,0,0.021966655,Low
6715,0,0.48631617,High
6716,0,0.15035218,Moderate
6717,0,0.080250494,Low
6718,1,0.13600242,Moderate
6719,0,0.09499547,Low
6720,1,0.050154924,Low
6721,0,0.113970116,Moderate
6722,0,0.09417229,Low
6723,0,0.02210584,Low
6724,1,0.68214095,Very High
6725,0,0.13142274,Moderate
6726,1,0.41968206,High
6727,1,0.8282312,Very High
6728,0,0.08086445,Low
6729,0,0.1339843,Moderate
6730,1,0.667069,Very High
6731,0,0.10444929,Moderate
6732,0,0.08526445,Low
6733,0,0.047501426,Low
6734,0,0.14059755,Moderate
6735,0,0.031007305,Low
6736,0,0.12704186,Moderate
6737,0,0.15362042,Moderate
6738,0,0.23954108,Moderate
6739,1,0.3625095,High
6740,0,0.19113365,Moderate
6741,0,0.30931166,High
6742,0,0.12181529,Moderate
6743,0,0.019151445,Low
6744,0,0.16333815,Moderate
6745,1,0.42061463,High
6746,0,0.034419008,Low
6747,0,0.16968034,Moderate
6748,0,0.1641811,Moderate
6749,1,0.18144919,Moderate
6750,0,0.12101972,Moderate
6751,1,0.7884791,Very High
6752,1,0.18532261,Moderate
6753,1,0.8093451,Very High
6754,1,0.6847805,Very High
6755,0,0.15894833,Moderate
6756,1,0.36936575,High
6757,0,0.20289296,Moderate
6758,0,0.20959921,Moderate
6759,1,0.21376598,Moderate
6760,0,0.17633398,Moderate
6761,0,0.17017436,Moderate
6762,0,0.20080622,Moderate
6763,0,0.3474276,High
6764,0,0.13939224,Moderate
6765,0,0.120835245,Moderate
6766,0,0.061741404,Low
6767,0,0.09833069,Low
6768,1,0.059405196,Low
6769,0,0.020416858,Low
6770,0,0.098110355,Low
6771,0,0.06526912,Low
6772,0,0.33853772,High
6773,0,0.05335707,Low
6774,1,0.31661576,High
6775,0,0.097947165,Low
6776,0,0.0663426,Low
6777,0,0.1390865,Moderate
6778,0,0.31752837,High
6779,0,0.022862762,Low
6780,0,0.12837899,Moderate
6781,0,0.08208897,Low
6782,0,0.027287662,Low
6783,0,0.04022512,Low
6784,1,0.54842544,Very High
6785,0,0.43581626,High
6786,0,0.22401035,Moderate
6787,0,0.09625432,Low
6788,0,0.044754148,Low
6789,0,0.2781091,High
6790,0,0.15242814,Moderate
6791,0,0.10663324,Moderate
6792,0,0.17997006,Moderate
6793,0,0.61649823,Very High
6794,0,0.049382508,Low
6795,0,0.04156829,Low
6796,0,0.14342755,Moderate
6797,0,0.32732165,High
6798,0,0.050102193,Low
6799,0,0.08160366,Low
6800,1,0.20401071,Moderate
6801,1,0.7316384,Very High
6802,0,0.18429853,Moderate
6803,0,0.07140856,Low
6804,0,0.27551854,High
6805,0,0.31610295,High
6806,0,0.110579096,Moderate
6807,1,0.71103626,Very High
6808,0,0.19946097,Moderate
6809,0,0.094688535,Low
6810,0,0.08376776,Low
6811,0,0.2045825,Moderate
6812,0,0.02257625,Low
6813,0,0.0263885,Low
6814,0,0.14580868,Moderate
6815,0,0.08187635,Low
6816,0,0.14231342,Moderate
6817,0,0.025624478,Low
6818,0,0.048881285,Low
6819,0,0.028598003,Low
6820,0,0.07246581,Low
6821,1,0.3531582,High
6822,0,0.16289149,Moderate
6823,0,0.08440311,Low
6824,1,0.16717862,Moderate
6825,0,0.12227362,Moderate
6826,0,0.13830173,Moderate
6827,0,0.20727246,Moderate
6828,1,0.82624626,Very High
6829,1,0.67540836,Very High
6830,1,0.13427334,Moderate
6831,0,0.07715703,Low
6832,0,0.05770463,Low
6833,0,0.6680298,Very High
6834,1,0.5161773,Very High
6835,0,0.13771066,Moderate
6836,0,0.31843567,High
6837,0,0.15322758,Moderate
6838,1,0.4683455,High
6839,1,0.748286,Very High
6840,0,0.027308282,Low
6841,0,0.33332947,High
6842,0,0.08642769,Low
6843,0,0.7558732,Very High
6844,1,0.17817578,Moderate
6845,0,0.11327654,Moderate
6846,1,0.19725017,Moderate
6847,0,0.22815678,Moderate
6848,0,0.01591851,Low
6849,0,0.05806453,Low
6850,0,0.124114774,Moderate
6851,0,0.17913319,Moderate
6852,1,0.12609404,Moderate
6853,1,0.070744164,Low
6854,1,0.028349163,Low
6855,1,0.7289858,Very High
6856,0,0.24466112,Moderate
6857,0,0.049398787,Low
6858,1,0.19226748,Moderate
6859,0,0.17397851,Moderate
6860,0,0.06741441,Low
6861,0,0.0616198,Low
6862,1,0.7748365,Very High
6863,0,0.05406066,Low
6864,0,0.21128811,Moderate
6865,0,0.07652694,Low
6866,0,0.11729281,Moderate
6867,0,0.048559997,Low
6868,0,0.12638733,Moderate
6869,0,0.071739525,Low
6870,0,0.039107643,Low
6871,0,0.2560626,High
6872,0,0.04453778,Low
6873,0,0.06956285,Low
6874,0,0.38577405,High
6875,1,0.31374913,High
6876,1,0.65428585,Very High
6877,0,0.022149995,Low
6878,0,0.021601256,Low
6879,0,0.11009661,Moderate
6880,0,0.12928163,Moderate
6881,0,0.113825195,Moderate
6882,0,0.17611279,Moderate
6883,0,0.028579408,Low
6884,0,0.0877566,Low
6885,1,0.7740962,Very High
6886,0,0.0772368,Low
6887,0,0.33289665,High
6888,0,0.1845637,Moderate
6889,0,0.21117765,Moderate
6890,0,0.063219704,Low
6891,0,0.069580756,Low
6892,0,0.07750724,Low
6893,0,0.04484962,Low
6894,1,0.82772744,Very High
6895,1,0.79056954,Very High
6896,0,0.1193074,Moderate
6897,1,0.71634465,Very High
6898,1,0.53206986,Very High
6899,0,0.21302839,Moderate
6900,0,0.25758395,High
6901,0,0.089087866,Low
6902,0,0.048325382,Low
6903,0,0.086005464,Low
6904,1,0.284876,High
6905,0,0.02233666,Low
6906,1,0.73292106,Very High
6907,0,0.11795166,Moderate
6908,0,0.15002245,Moderate
6909,0,0.2564716,High
6910,1,0.70290166,Very High
6911,0,0.1556596,Moderate
6912,0,0.07853331,Low
6913,0,0.10552518,Moderate
6914,0,0.14481592,Moderate
6915,1,0.641242,Very High
6916,0,0.059863508,Low
6917,1,0.7308511,Very High
6918,1,0.807203,Very High
6919,0,0.08208816,Low
6920,0,0.050267346,Low
6921,1,0.16920534,Moderate
6922,0,0.08601035,Low
6923,0,0.11125881,Moderate
6924,0,0.053273663,Low
6925,0,0.19221337,Moderate
6926,1,0.385109,High
6927,1,0.71734726,Very High
6928,0,0.10710151,Moderate
6929,0,0.07616386,Low
6930,1,0.6949258,Very High
6931,0,0.17858914,Moderate
6932,0,0.042413123,Low
6933,1,0.16047773,Moderate
6934,0,0.10213525,Moderate
6935,0,0.05887455,Low
6936,0,0.08143562,Low
6937,0,0.024159938,Low
6938,0,0.44096947,High
6939,0,0.073242314,Low
6940,0,0.098957,Low
6941,0,0.03686052,Low
6942,0,0.11049018,Moderate
6943,1,0.41845497,High
6944,0,0.062017336,Low
6945,1,0.25201643,High
6946,1,0.40944892,High
6947,1,0.5965412,Very High
6948,0,0.051684823,Low
6949,0,0.031009095,Low
6950,1,0.11643463,Moderate
6951,0,0.3748259,High
6952,1,0.47154042,High
6953,0,0.092781775,Low
6954,0,0.09863606,Low
6955,1,0.3592276,High
6956,0,0.03199203,Low
6957,0,0.13315496,Moderate
6958,1,0.68744737,Very High
6959,0,0.07190194,Low
6960,0,0.07810396,Low
6961,0,0.15300195,Moderate
6962,0,0.63477147,Very High
6963,1,0.28077856,High
6964,1,0.7179467,Very High
6965,0,0.11248158,Moderate
6966,0,0.13938472,Moderate
6967,0,0.23258524,Moderate
6968,0,0.053233813,Low
6969,1,0.3575683,High
6970,0,0.18529448,Moderate
6971,0,0.0753995,Low
6972,0,0.07116094,Low
6973,0,0.16244017,Moderate
6974,0,0.45283738,High
6975,0,0.040625338,Low
6976,0,0.71181977,Very High
6977,0,0.17262098,Moderate
6978,0,0.05533055,Low
6979,0,0.34546804,High
6980,0,0.04684758,Low
6981,0,0.04996709,Low
6982,1,0.23909286,Moderate
6983,0,0.08721589,Low
6984,0,0.20144613,Moderate
6985,1,0.27432516,High
6986,0,0.18639436,Moderate
6987,0,0.2681264,High
6988,0,0.20204979,Moderate
6989,1,0.3268319,High
6990,0,0.42114556,High
6991,0,0.5345222,Very High
6992,0,0.24673006,Moderate
6993,0,0.0864045,Low
6994,0,0.30398583,High
6995,0,0.42129666,High
6996,1,0.35399976,High
6997,0,0.6544376,Very High
6998,0,0.29084113,High
6999,0,0.045746766,Low
7000,1,0.6389516,Very High
7001,0,0.113951944,Moderate
7002,0,0.07610788,Low
7003,0,0.7771247,Very High
7004,0,0.18904279,Moderate
7005,0,0.15693113,Moderate
7006,0,0.10292735,Moderate
7007,0,0.17267115,Moderate
7008,0,0.0408113,Low
7009,0,0.36263746,High
7010,0,0.26357165,High
7011,0,0.122065336,Moderate
7012,0,0.057348147,Low
7013,0,0.067729324,Low
7014,0,0.18661335,Moderate
7015,0,0.1469905,Moderate
7016,0,0.017621716,Low
7017,1,0.04043946,Low
7018,0,0.2068593,Moderate
7019,0,0.04133073,Low
7020,0,0.1862003,Moderate
7021,0,0.0435623,Low
7022,0,0.07489129,Low
7023,1,0.8510128,Very High
7024,0,0.13944963,Moderate
7025,0,0.05287739,Low
7026,1,0.15341254,Moderate
7027,0,0.072483785,Low
7028,0,0.106326066,Moderate
7029,1,0.42189422,High
7030,0,0.07249115,Low
7031,0,0.113930784,Moderate
7032,0,0.07310628,Low
7033,0,0.13147318,Moderate
7034,0,0.063357785,Low
7035,0,0.16101344,Moderate
7036,0,0.20411566,Moderate
7037,0,0.1628426,Moderate
7038,0,0.75443816,Very High
7039,0,0.14360048,Moderate
7040,0,0.17271358,Moderate
7041,0,0.026467532,Low
7042,0,0.14156751,Moderate
7043,0,0.31204838,High
7044,0,0.2105963,Moderate
7045,0,0.24777597,Moderate
7046,0,0.16145436,Moderate
7047,0,0.5093149,Very High
7048,1,0.27233642,High
7049,1,0.6831059,Very High
7050,0,0.14644457,Moderate
7051,1,0.20076486,Moderate
7052,0,0.26818275,High
7053,1,0.11810937,Moderate
7054,1,0.7151614,Very High
7055,0,0.14522193,Moderate
7056,1,0.6813612,Very High
7057,1,0.783705,Very High
7058,0,0.051201753,Low
7059,0,0.096207544,Low
7060,0,0.6612279,Very High
7061,0,0.3181903,High
7062,1,0.45993745,High
7063,0,0.15075985,Moderate
7064,0,0.19156104,Moderate
7065,1,0.24963872,Moderate
7066,0,0.15367453,Moderate
7067,0,0.25758937,High
7068,0,0.69611543,Very High
7069,1,0.79966,Very High
7070,0,0.079517685,Low
7071,1,0.41459695,High
7072,0,0.48239705,High
7073,0,0.0550793,Low
7074,1,0.63154703,Very High
7075,0,0.040352438,Low
7076,0,0.08977563,Low
7077,0,0.15635662,Moderate
7078,0,0.09641064,Low
7079,0,0.06830521,Low
7080,0,0.19399163,Moderate
7081,0,0.16699655,Moderate
7082,1,0.1613397,Moderate
7083,1,0.62404317,Very High
7084,0,0.039652947,Low
7085,0,0.078081,Low
7086,1,0.34990612,High
7087,0,0.3762172,High
7088,1,0.23572691,Moderate
7089,0,0.055932466,Low
7090,1,0.048006862,Low
7091,0,0.06039931,Low
7092,1,0.19164172,Moderate
7093,1,0.049227715,Low
7094,0,0.62944263,Very High
7095,1,0.1754317,Moderate
7096,0,0.2937101,High
7097,0,0.07549822,Low
7098,0,0.20146365,Moderate
7099,0,0.097581334,Low
7100,0,0.11610442,Moderate
7101,0,0.067492634,Low
7102,0,0.13033004,Moderate
7103,0,0.09006895,Low
7104,0,0.015158792,Low
7105,0,0.029126266,Low
7106,0,0.16441551,Moderate
7107,0,0.39546594,High
7108,0,0.24129863,Moderate
7109,0,0.16901888,Moderate
7110,0,0.27776393,High
7111,0,0.028158376,Low
7112,0,0.051584862,Low
7113,1,0.47846198,High
7114,0,0.0788249,Low
7115,0,0.052601438,Low
7116,0,0.17669125,Moderate
7117,0,0.13874707,Moderate
7118,0,0.27416816,High
7119,1,0.69259125,Very High
7120,0,0.06121536,Low
7121,0,0.15497309,Moderate
7122,0,0.064074256,Low
7123,1,0.72511363,Very High
7124,0,0.060376592,Low
7125,1,0.28643215,High
7126,0,0.051785924,Low
7127,0,0.1741673,Moderate
7128,0,0.017773671,Low
7129,1,0.054666422,Low
7130,0,0.16848737,Moderate
7131,1,0.77816933,Very High
7132,0,0.050942518,Low
7133,1,0.15565099,Moderate
7134,0,0.16691017,Moderate
7135,1,0.821113,Very High
7136,0,0.09510052,Low
7137,0,0.11017987,Moderate
7138,1,0.81537205,Very High
7139,0,0.15917878,Moderate
7140,0,0.22351147,Moderate
7141,0,0.14036326,Moderate
7142,0,0.1199175,Moderate
7143,0,0.16852011,Moderate
7144,1,0.32463872,High
7145,1,0.7454277,Very High
7146,0,0.75300366,Very High
7147,0,0.23398125,Moderate
7148,0,0.13085237,Moderate
7149,0,0.3654753,High
7150,0,0.12576166,Moderate
7151,0,0.16859525,Moderate
7152,1,0.1395462,Moderate
7153,0,0.043395046,Low
7154,0,0.2507003,High
7155,1,0.7981299,Very High
7156,0,0.12767129,Moderate
7157,0,0.16290164,Moderate
7158,0,0.27468774,High
7159,0,0.050127268,Low
7160,0,0.04168756,Low
7161,0,0.09008099,Low
7162,1,0.15890235,Moderate
7163,0,0.65398854,Very High
7164,0,0.25262886,High
7165,1,0.26430953,High
7166,0,0.09009737,Low
7167,0,0.039342035,Low
7168,0,0.15498571,Moderate
7169,1,0.7225557,Very High
7170,1,0.25247562,High
7171,0,0.33610392,High
7172,0,0.102773115,Moderate
7173,0,0.08702614,Low
7174,0,0.19376117,Moderate
7175,0,0.7411658,Very High
7176,0,0.087328054,Low
7177,0,0.23503537,Moderate
7178,1,0.7780321,Very High
7179,0,0.18736625,Moderate
7180,0,0.46180722,High
7181,0,0.12662917,Moderate
7182,0,0.11262895,Moderate
7183,1,0.6466576,Very High
7184,0,0.1846821,Moderate
7185,0,0.36522955,High
7186,0,0.37746784,High
7187,0,0.08936813,Low
7188,0,0.47442192,High
7189,0,0.06417232,Low
7190,0,0.063868135,Low
7191,0,0.083815366,Low
7192,0,0.19861288,Moderate
7193,1,0.47945046,High
7194,1,0.1510024,Moderate
7195,0,0.085896395,Low
7196,1,0.09312727,Low
7197,0,0.16712414,Moderate
7198,0,0.06995116,Low
7199,0,0.18586276,Moderate
7200,0,0.06257839,Low
7201,0,0.21766466,Moderate
7202,0,0.22794525,Moderate
7203,0,0.12868717,Moderate
7204,0,0.1685366,Moderate
7205,0,0.06015148,Low
7206,1,0.37411198,High
7207,0,0.24388313,Moderate
7208,0,0.1937648,Moderate
7209,0,0.16826347,Moderate
7210,0,0.051635906,Low
7211,0,0.038000267,Low
7212,0,0.11658176,Moderate
7213,1,0.16316713,Moderate
7214,0,0.34763974,High
7215,0,0.5188947,Very High
7216,1,0.7936125,Very High
7217,1,0.7766564,Very High
7218,1,0.16197181,Moderate
7219,0,0.07475929,Low
7220,1,0.14679019,Moderate
7221,0,0.11550864,Moderate
7222,0,0.11491531,Moderate
7223,0,0.08057387,Low
7224,0,0.3658907,High
7225,0,0.28765547,High
7226,0,0.041973643,Low
7227,0,0.08356085,Low
7228,1,0.16059683,Moderate
7229,1,0.117209174,Moderate
7230,0,0.14473143,Moderate
7231,0,0.2697514,High
7232,0,0.069380336,Low
7233,0,0.3382222,High
7234,0,0.30634558,High
7235,0,0.20284446,Moderate
7236,0,0.15205419,Moderate
7237,0,0.06875797,Low
7238,1,0.10584399,Moderate
7239,1,0.26089233,High
7240,1,0.7115884,Very High
7241,0,0.08417287,Low
7242,0,0.12633987,Moderate
7243,0,0.14681554,Moderate
7244,1,0.34534466,High
7245,1,0.36107907,High
7246,0,0.0964107,Low
7247,0,0.23824397,Moderate
7248,1,0.78191036,Very High
7249,0,0.61089325,Very High
7250,1,0.17375217,Moderate
7251,1,0.34910628,High
7252,0,0.2302667,Moderate
7253,0,0.058531877,Low
7254,0,0.455708,High
7255,0,0.19246334,Moderate
7256,0,0.06069941,Low
7257,0,0.15409365,Moderate
7258,1,0.12120837,Moderate
7259,0,0.0652715,Low
7260,0,0.13287467,Moderate
7261,0,0.056875758,Low
7262,0,0.53233016,Very High
7263,0,0.20208433,Moderate
7264,0,0.28268188,High
7265,1,0.33491713,High
7266,1,0.41901502,High
7267,0,0.4453441,High
7268,0,0.18203981,Moderate
7269,0,0.7192247,Very High
7270,0,0.10851535,Moderate
7271,1,0.81795377,Very High
7272,0,0.017270701,Low
7273,1,0.50722104,Very High
7274,0,0.07392682,Low
7275,0,0.118741415,Moderate
7276,0,0.21869561,Moderate
7277,0,0.38865617,High
7278,1,0.4284806,High
7279,0,0.09304668,Low
7280,0,0.06598141,Low
7281,0,0.032078024,Low
7282,0,0.061775494,Low
7283,0,0.0924503,Low
7284,1,0.42338738,High
7285,0,0.28575927,High
7286,0,0.11168385,Moderate
7287,0,0.13884105,Moderate
7288,0,0.05753776,Low
7289,0,0.12627545,Moderate
7290,0,0.17289728,Moderate
7291,0,0.08359625,Low
7292,1,0.80412626,Very High
7293,0,0.04022905,Low
7294,0,0.14105067,Moderate
7295,0,0.07200345,Low
7296,0,0.18636943,Moderate
7297,0,0.119474195,Moderate
7298,0,0.070422046,Low
7299,0,0.07838722,Low
7300,0,0.0824905,Low
7301,0,0.15002589,Moderate
7302,0,0.21275155,Moderate
7303,0,0.07155376,Low
7304,0,0.1239832,Moderate
7305,0,0.050156463,Low
7306,0,0.21908313,Moderate
7307,0,0.1250487,Moderate
7308,1,0.50557745,Very High
7309,0,0.10189579,Moderate
7310,0,0.28135404,High
7311,1,0.6917745,Very High
7312,0,0.120063715,Moderate
7313,0,0.023454035,Low
7314,1,0.23217127,Moderate
7315,1,0.061772045,Low
7316,0,0.16743267,Moderate
7317,1,0.06597715,Low
7318,0,0.100522175,Moderate
7319,0,0.018571453,Low
7320,1,0.47690466,High
7321,0,0.04815021,Low
7322,0,0.014568217,Low
7323,1,0.8457378,Very High
7324,0,0.029083518,Low
7325,0,0.12722126,Moderate
7326,0,0.053301375,Low
7327,0,0.08696388,Low
7328,1,0.18981557,Moderate
7329,0,0.11509837,Moderate
7330,1,0.38477197,High
7331,0,0.07210251,Low
7332,1,0.79306984,Very High
7333,0,0.052687135,Low
7334,0,0.14533997,Moderate
7335,0,0.29015803,High
7336,0,0.074654944,Low
7337,0,0.21822788,Moderate
7338,1,0.2485469,Moderate
7339,1,0.6813563,Very High
7340,1,0.77029896,Very High
7341,0,0.054315392,Low
7342,0,0.20266122,Moderate
7343,0,0.21675844,Moderate
7344,0,0.059655767,Low
7345,0,0.18967004,Moderate
7346,0,0.058289785,Low
7347,0,0.21259436,Moderate
7348,0,0.08007185,Low
7349,0,0.15531254,Moderate
7350,1,0.69551736,Very High
7351,0,0.032259982,Low
7352,0,0.19342816,Moderate
7353,0,0.16665596,Moderate
7354,0,0.1233075,Moderate
7355,0,0.13707589,Moderate
7356,0,0.13056827,Moderate
7357,1,0.12727553,Moderate
7358,1,0.09247514,Low
7359,0,0.15706678,Moderate
7360,0,0.18741272,Moderate
7361,0,0.35663396,High
7362,0,0.122972086,Moderate
7363,0,0.04548367,Low
7364,0,0.08456729,Low
7365,1,0.15152302,Moderate
7366,0,0.049639072,Low
7367,0,0.19652739,Moderate
7368,0,0.13978148,Moderate
7369,1,0.8116767,Very High
7370,0,0.1431036,Moderate
7371,1,0.1588322,Moderate
7372,0,0.25348312,High
7373,0,0.16038086,Moderate
7374,1,0.43700254,High
7375,1,0.14280525,Moderate
7376,0,0.69142544,Very High
7377,0,0.42361307,High
7378,0,0.7212997,Very High
7379,0,0.06313676,Low
7380,0,0.15815046,Moderate
7381,0,0.033598166,Low
7382,1,0.13204353,Moderate
7383,0,0.16806982,Moderate
7384,0,0.61711234,Very High
7385,0,0.1341663,Moderate
7386,0,0.22053306,Moderate
7387,1,0.2442982,Moderate
7388,0,0.10333508,Moderate
7389,0,0.0769032,Low
7390,0,0.07822848,Low
7391,0,0.20239359,Moderate
7392,0,0.17734174,Moderate
7393,0,0.15093291,Moderate
7394,0,0.09914351,Low
7395,1,0.78853905,Very High
7396,0,0.056644335,Low
7397,1,0.34305605,High
7398,1,0.4453441,High
7399,0,0.16125633,Moderate
7400,1,0.72496873,Very High
7401,0,0.09306953,Low
7402,0,0.17750897,Moderate
7403,1,0.14691322,Moderate
7404,0,0.11403596,Moderate
7405,1,0.16782752,Moderate
7406,0,0.091633216,Low
7407,1,0.15452203,Moderate
7408,0,0.15533313,Moderate
7409,1,0.7749404,Very High
7410,0,0.114510916,Moderate
7411,0,0.21887603,Moderate
7412,0,0.043976855,Low
7413,0,0.3395232,High
7414,0,0.14794937,Moderate
7415,1,0.64763445,Very High
7416,0,0.37616718,High
7417,0,0.66336524,Very High
7418,0,0.13636328,Moderate
7419,0,0.24340887,Moderate
7420,0,0.2693591,High
7421,0,0.16767341,Moderate
7422,0,0.0948548,Low
7423,0,0.31389716,High
7424,0,0.1518754,Moderate
7425,0,0.13792765,Moderate
7426,0,0.25264248,High
7427,0,0.09661501,Low
7428,1,0.29109544,High
7429,0,0.07009445,Low
7430,1,0.24036148,Moderate
7431,0,0.22431895,Moderate
7432,0,0.13826345,Moderate
7433,0,0.12069196,Moderate
7434,1,0.06939905,Low
7435,0,0.04784052,Low
7436,1,0.16622704,Moderate
7437,1,0.7855832,Very High
7438,0,0.16368845,Moderate
7439,0,0.2027873,Moderate
7440,1,0.4284677,High
7441,0,0.16661051,Moderate
7442,0,0.07313684,Low
7443,0,0.20526604,Moderate
7444,1,0.5446572,Very High
7445,0,0.16807754,Moderate
7446,0,0.0946196,Low
7447,0,0.12323751,Moderate
7448,1,0.62500775,Very High
7449,0,0.03328867,Low
7450,0,0.11735736,Moderate
7451,1,0.08371767,Low
7452,0,0.3623143,High
7453,1,0.36210698,High
7454,0,0.29209474,High
7455,0,0.07732585,Low
7456,1,0.4474618,High
7457,0,0.02803194,Low
7458,0,0.107620396,Moderate
7459,0,0.33415952,High
7460,0,0.029279213,Low
7461,0,0.027346453,Low
7462,0,0.09265358,Low
7463,0,0.14838834,Moderate
7464,0,0.08545856,Low
7465,0,0.104627386,Moderate
7466,1,0.11316942,Moderate
7467,0,0.04360551,Low
7468,0,0.029841973,Low
7469,1,0.653886,Very High
7470,0,0.038666833,Low
7471,0,0.06646285,Low
7472,0,0.121291876,Moderate
7473,0,0.18404783,Moderate
7474,0,0.2846098,High
7475,1,0.685727,Very High
7476,0,0.17271857,Moderate
7477,1,0.18061985,Moderate
7478,0,0.10864744,Moderate
7479,0,0.09438637,Low
7480,0,0.15100823,Moderate
7481,1,0.71961254,Very High
7482,0,0.3243519,High
7483,0,0.0761655,Low
7484,0,0.04495041,Low
7485,1,0.7377986,Very High
7486,1,0.4164363,High
7487,0,0.13350464,Moderate
7488,0,0.15125936,Moderate
7489,0,0.09824484,Low
7490,0,0.20548403,Moderate
7491,1,0.48549253,High
7492,0,0.18513082,Moderate
7493,0,0.15810823,Moderate
7494,0,0.01889109,Low
7495,0,0.042352915,Low
7496,0,0.10132221,Moderate
7497,0,0.071683735,Low
7498,0,0.092131026,Low
7499,0,0.15379898,Moderate
7500,0,0.68730134,Very High
7501,0,0.13656132,Moderate
7502,0,0.10018576,Moderate
7503,0,0.24093539,Moderate
7504,1,0.6335736,Very High
7505,1,0.8386509,Very High
7506,1,0.29717988,High
7507,1,0.38870084,High
7508,0,0.0786416,Low
7509,0,0.10685986,Moderate
7510,0,0.055785492,Low
7511,0,0.03665821,Low
7512,0,0.09415348,Low
7513,0,0.088087775,Low
7514,0,0.058972057,Low
7515,0,0.07812224,Low
7516,1,0.19642515,Moderate
7517,0,0.44367954,High
7518,0,0.13923289,Moderate
7519,0,0.082382485,Low
7520,0,0.12561563,Moderate
7521,0,0.04236871,Low
7522,0,0.314963,High
7523,0,0.0916424,Low
7524,0,0.085926466,Low
7525,0,0.09827868,Low
7526,0,0.15448518,Moderate
7527,0,0.043351915,Low
7528,0,0.4518287,High
7529,1,0.32697478,High
7530,0,0.11788941,Moderate
7531,1,0.7295761,Very High
7532,1,0.80626684,Very High
7533,0,0.059682082,Low
7534,0,0.11513495,Moderate
7535,0,0.36690706,High
7536,1,0.8209398,Very High
7537,1,0.12980314,Moderate
7538,0,0.30128154,High
7539,0,0.24535027,Moderate
7540,0,0.08390433,Low
7541,0,0.058205444,Low
7542,1,0.36607623,High
7543,1,0.26610932,High
7544,0,0.035938095,Low
7545,0,0.13642374,Moderate
7546,0,0.060507074,Low
7547,0,0.31604078,High
7548,0,0.12083278,Moderate
7549,0,0.76483214,Very High
7550,0,0.06862051,Low
7551,0,0.20147824,Moderate
7552,0,0.05373246,Low
7553,0,0.19220021,Moderate
7554,0,0.20916234,Moderate
7555,0,0.29206023,High
7556,1,0.56810504,Very High
7557,0,0.13565993,Moderate
7558,1,0.18481925,Moderate
7559,0,0.032552347,Low
7560,0,0.26754192,High
7561,1,0.7347022,Very High
7562,0,0.17361909,Moderate
7563,0,0.17107946,Moderate
7564,0,0.05344512,Low
7565,1,0.19301285,Moderate
7566,0,0.06543237,Low
7567,0,0.25681672,High
7568,0,0.059532125,Low
7569,1,0.7549403,Very High
7570,0,0.07509749,Low
7571,0,0.17245698,Moderate
7572,0,0.049204532,Low
7573,0,0.37903312,High
7574,0,0.30529106,High
7575,0,0.16766222,Moderate
7576,0,0.059403945,Low
7577,1,0.13118887,Moderate
7578,0,0.028488478,Low
7579,0,0.1602561,Moderate
7580,1,0.5686468,Very High
7581,0,0.044108603,Low
7582,0,0.12871462,Moderate
7583,1,0.3108943,High
7584,0,0.09234235,Low
7585,0,0.33402812,High
7586,0,0.024973636,Low
7587,0,0.10581044,Moderate
7588,0,0.19375396,Moderate
7589,0,0.12686789,Moderate
7590,0,0.66948605,Very High
7591,0,0.11281746,Moderate
7592,1,0.86632663,Very High
7593,0,0.19312845,Moderate
7594,0,0.14418606,Moderate
7595,0,0.13403088,Moderate
7596,0,0.33719128,High
7597,0,0.029839668,Low
7598,1,0.292348,High
7599,0,0.28836033,High
7600,0,0.1320446,Moderate
7601,0,0.43109533,High
7602,0,0.1263543,Moderate
7603,1,0.22569014,Moderate
7604,0,0.18319923,Moderate
7605,0,0.15610349,Moderate
7606,0,0.10460423,Moderate
7607,1,0.0954273,Low
7608,0,0.2341951,Moderate
7609,1,0.3741752,High
7610,0,0.20683853,Moderate
7611,0,0.4966545,High
7612,0,0.07423539,Low
7613,0,0.04156956,Low
7614,0,0.1153724,Moderate
7615,0,0.096038036,Low
7616,0,0.21460377,Moderate
7617,1,0.5955363,Very High
7618,1,0.35800344,High
7619,0,0.17323118,Moderate
7620,0,0.15195203,Moderate
7621,0,0.11360316,Moderate
7622,0,0.12140333,Moderate
7623,0,0.14360541,Moderate
7624,0,0.46661767,High
7625,0,0.29059136,High
7626,0,0.17835914,Moderate
7627,0,0.04261246,Low
7628,1,0.22843961,Moderate
7629,1,0.607661,Very High
7630,0,0.037769195,Low
7631,0,0.19454141,Moderate
7632,0,0.15216865,Moderate
7633,0,0.31552595,High
7634,1,0.10756459,Moderate
7635,0,0.1490649,Moderate
7636,0,0.28337672,High
7637,0,0.09248847,Low
7638,0,0.08288482,Low
7639,0,0.4260538,High
7640,1,0.4053441,High
7641,0,0.15445964,Moderate
7642,0,0.053839672,Low
7643,0,0.154669,Moderate
7644,0,0.22435261,Moderate
7645,0,0.115892306,Moderate
7646,1,0.1235666,Moderate
7647,0,0.17878507,Moderate
7648,0,0.4009496,High
7649,0,0.13064273,Moderate
7650,0,0.07315378,Low
7651,1,0.12169947,Moderate
7652,0,0.09675473,Low
7653,0,0.19905922,Moderate
7654,0,0.20661351,Moderate
7655,0,0.15823437,Moderate
7656,0,0.10012935,Moderate
7657,0,0.32110542,High
7658,0,0.18708265,Moderate
7659,0,0.43360782,High
7660,0,0.6763457,Very High
7661,1,0.7687586,Very High
7662,1,0.20381084,Moderate
7663,1,0.8433731,Very High
7664,0,0.06859552,Low
7665,0,0.1215834,Moderate
7666,0,0.103921495,Moderate
7667,1,0.7849732,Very High
7668,0,0.2230277,Moderate
7669,0,0.16170754,Moderate
7670,0,0.028995119,Low
7671,0,0.1492023,Moderate
7672,0,0.10298984,Moderate
7673,1,0.22492073,Moderate
7674,0,0.099369414,Low
7675,0,0.066788964,Low
7676,1,0.101604156,Moderate
7677,0,0.1761359,Moderate
7678,0,0.34498188,High
7679,0,0.060702052,Low
7680,1,0.78205293,Very High
7681,0,0.08694074,Low
7682,1,0.6182555,Very High
7683,0,0.06665102,Low
7684,0,0.42202398,High
7685,0,0.28898662,High
7686,0,0.17345934,Moderate
7687,0,0.08339558,Low
7688,0,0.022422416,Low
7689,1,0.29238608,High
7690,1,0.10869704,Moderate
7691,0,0.24736552,Moderate
7692,0,0.11189905,Moderate
7693,0,0.7490588,Very High
7694,1,0.3710896,High
7695,0,0.098420635,Low
7696,0,0.053640053,Low
7697,1,0.07823907,Low
7698,0,0.030902369,Low
7699,0,0.08084081,Low
7700,0,0.12240753,Moderate
7701,1,0.13329914,Moderate
7702,0,0.15412427,Moderate
7703,0,0.09590877,Low
7704,0,0.08793398,Low
7705,0,0.44716287,High
7706,0,0.66946936,Very High
7707,0,0.09517168,Low
7708,0,0.27398592,High
7709,0,0.15884516,Moderate
7710,1,0.21918485,Moderate
7711,0,0.051368207,Low
7712,0,0.30894226,High
7713,0,0.10888872,Moderate
7714,0,0.031080348,Low
7715,0,0.30568236,High
7716,0,0.1599868,Moderate
7717,0,0.11695778,Moderate
7718,0,0.14720172,Moderate
7719,1,0.23472367,Moderate
7720,0,0.06280508,Low
7721,0,0.16352288,Moderate
7722,1,0.38600847,High
7723,0,0.17732528,Moderate
7724,0,0.0873531,Low
7725,1,0.43000358,High
7726,0,0.36573726,High
7727,1,0.33998325,High
7728,0,0.19710934,Moderate
7729,0,0.034526896,Low
7730,0,0.23179902,Moderate
7731,0,0.13665816,Moderate
7732,0,0.04467634,Low
7733,1,0.68005633,Very High
7734,0,0.09306817,Low
7735,1,0.78870606,Very High
7736,0,0.0961043,Low
7737,1,0.28797388,High
7738,0,0.031246249,Low
7739,1,0.70492387,Very High
7740,0,0.04065975,Low
7741,0,0.117863216,Moderate
7742,1,0.21332352,Moderate
7743,0,0.04895204,Low
7744,1,0.7660725,Very High
7745,0,0.1443445,Moderate
7746,0,0.071066566,Low
7747,0,0.29054466,High
7748,0,0.055137362,Low
7749,0,0.04822061,Low
7750,1,0.051260892,Low
7751,0,0.100219205,Moderate
7752,0,0.41451123,High
7753,1,0.7846886,Very High
7754,0,0.08632276,Low
7755,0,0.112937994,Moderate
7756,0,0.48521093,High
7757,0,0.025647227,Low
7758,0,0.18180035,Moderate
7759,1,0.15503107,Moderate
7760,0,0.5233821,Very High
7761,1,0.40143993,High
7762,0,0.06389777,Low
7763,0,0.21437003,Moderate
7764,0,0.06682642,Low
7765,0,0.04647451,Low
7766,0,0.059560478,Low
7767,0,0.23494232,Moderate
7768,0,0.23937593,Moderate
7769,1,0.46235502,High
7770,0,0.09068184,Low
7771,0,0.07785931,Low
7772,0,0.054105088,Low
7773,0,0.18677844,Moderate
7774,0,0.17266093,Moderate
7775,1,0.78317165,Very High
7776,0,0.47318897,High
7777,1,0.43565524,High
7778,1,0.058947675,Low
7779,0,0.05545363,Low
7780,0,0.17047374,Moderate
7781,1,0.09099036,Low
7782,0,0.06852102,Low
7783,1,0.3372357,High
7784,0,0.144672,Moderate
7785,1,0.41327548,High
7786,1,0.48488092,High
7787,1,0.75994873,Very High
7788,0,0.08544787,Low
7789,1,0.9296171,Very High
7790,0,0.046554208,Low
7791,0,0.32182655,High
7792,0,0.19216146,Moderate
7793,1,0.7709457,Very High
7794,0,0.08849043,Low
7795,0,0.13209285,Moderate
7796,0,0.10049724,Moderate
7797,0,0.12527059,Moderate
7798,0,0.16063263,Moderate
7799,0,0.27671543,High
7800,0,0.1540312,Moderate
7801,0,0.069758065,Low
7802,1,0.13519949,Moderate
7803,1,0.8096697,Very High
7804,0,0.068136685,Low
7805,0,0.11722162,Moderate
7806,0,0.143301,Moderate
7807,0,0.10666201,Moderate
7808,0,0.122270584,Moderate
7809,0,0.10918471,Moderate
7810,0,0.15545632,Moderate
7811,1,0.9270148,Very High
7812,0,0.12193263,Moderate
7813,0,0.13603973,Moderate
7814,0,0.08429797,Low
7815,0,0.11945952,Moderate
7816,0,0.06777138,Low
7817,0,0.5043394,Very High
7818,0,0.5352741,Very High
7819,0,0.12944242,Moderate
7820,0,0.117816366,Moderate
7821,0,0.065075405,Low
7822,1,0.5370626,Very High
7823,0,0.07063658,Low
7824,0,0.14408672,Moderate
7825,0,0.135332,Moderate
7826,0,0.30221048,High
7827,0,0.11003791,Moderate
7828,0,0.08729881,Low
7829,0,0.17433177,Moderate
7830,1,0.5986252,Very High
7831,1,0.20186588,Moderate
7832,0,0.06717348,Low
7833,0,0.045881487,Low
7834,0,0.10106651,Moderate
7835,0,0.06462859,Low
7836,0,0.29841253,High
7837,0,0.160172,Moderate
7838,0,0.037764315,Low
7839,0,0.15185575,Moderate
7840,0,0.54239756,Very High
7841,0,0.09169177,Low
7842,0,0.13440044,Moderate
7843,1,0.337308,High
7844,0,0.04410986,Low
7845,0,0.12232755,Moderate
7846,0,0.15120412,Moderate
7847,1,0.4765152,High
7848,0,0.13827823,Moderate
7849,1,0.21533495,Moderate
7850,0,0.0768449,Low
7851,0,0.56783503,Very High
7852,0,0.24805956,Moderate
7853,1,0.66841346,Very High
7854,0,0.038640678,Low
7855,0,0.04804102,Low
7856,0,0.17734241,Moderate
7857,1,0.7821091,Very High
7858,0,0.23969111,Moderate
7859,0,0.18181443,Moderate
7860,0,0.28184623,High
7861,1,0.73947155,Very High
7862,0,0.021374423,Low
7863,0,0.11563649,Moderate
7864,0,0.10739057,Moderate
7865,0,0.09057411,Low
7866,0,0.22152103,Moderate
7867,0,0.031028708,Low
7868,0,0.15098222,Moderate
7869,1,0.381901,High
7870,0,0.018975964,Low
7871,0,0.25691617,High
7872,0,0.13764046,Moderate
7873,0,0.058808696,Low
7874,0,0.12199545,Moderate
7875,0,0.07442384,Low
7876,0,0.08109105,Low
7877,1,0.7969021,Very High
7878,0,0.04295309,Low
7879,0,0.11087639,Moderate
7880,0,0.18651776,Moderate
7881,1,0.8691475,Very High
7882,0,0.27620825,High
7883,1,0.1519182,Moderate
7884,0,0.08956153,Low
7885,0,0.08898947,Low
7886,1,0.14402544,Moderate
7887,0,0.06184339,Low
7888,0,0.2630724,High
7889,0,0.034134336,Low
7890,0,0.20332482,Moderate
7891,0,0.048428178,Low
7892,0,0.047494195,Low
7893,0,0.14026882,Moderate
7894,0,0.12417399,Moderate
7895,0,0.086752094,Low
7896,0,0.0738153,Low
7897,1,0.25272983,High
7898,1,0.24086551,Moderate
7899,1,0.7428325,Very High
7900,0,0.106395416,Moderate
7901,0,0.08243766,Low
7902,1,0.7800093,Very High
7903,1,0.2225089,Moderate
7904,0,0.15480663,Moderate
7905,0,0.08944635,Low
7906,0,0.14879192,Moderate
7907,0,0.103998676,Moderate
7908,0,0.34529212,High
7909,0,0.11648515,Moderate
7910,0,0.105780184,Moderate
7911,0,0.02413324,Low
7912,1,0.7641726,Very High
7913,0,0.061622698,Low
7914,0,0.11179004,Moderate
7915,0,0.021109978,Low
7916,0,0.03132807,Low
7917,0,0.11115866,Moderate
7918,0,0.12960185,Moderate
7919,0,0.079337776,Low
7920,0,0.09954881,Low
7921,1,0.07820306,Low
7922,1,0.23235795,Moderate
7923,1,0.38788053,High
7924,0,0.24590424,Moderate
7925,0,0.07359502,Low
7926,1,0.7983691,Very High
7927,0,0.14872104,Moderate
7928,0,0.13295558,Moderate
7929,1,0.11525341,Moderate
7930,0,0.23593894,Moderate
7931,1,0.27758935,High
7932,0,0.1283827,Moderate
7933,1,0.73002905,Very High
7934,0,0.115609616,Moderate
7935,1,0.26640546,High
7936,0,0.10984047,Moderate
7937,0,0.07774782,Low
7938,0,0.10305078,Moderate
7939,0,0.1054372,Moderate
7940,1,0.47719017,High
7941,0,0.09064554,Low
7942,0,0.12820981,Moderate
7943,0,0.034085814,Low
7944,0,0.22137785,Moderate
7945,1,0.7868173,Very High
7946,1,0.24636176,Moderate
7947,1,0.6698787,Very High
7948,0,0.3797745,High
7949,0,0.2092439,Moderate
7950,0,0.2129375,Moderate
7951,0,0.106919885,Moderate
7952,0,0.120220356,Moderate
7953,0,0.058764856,Low
7954,0,0.26298225,High
7955,0,0.091933794,Low
7956,0,0.6006765,Very High
7957,0,0.21390243,Moderate
7958,0,0.17183629,Moderate
7959,0,0.06502237,Low
7960,0,0.6639615,Very High
7961,0,0.1620518,Moderate
7962,1,0.64752007,Very High
7963,0,0.18274988,Moderate
7964,0,0.13736326,Moderate
7965,0,0.18856189,Moderate
7966,1,0.062621675,Low
7967,0,0.115953006,Moderate
7968,0,0.13143092,Moderate
7969,1,0.55072093,Very High
7970,0,0.08924385,Low
7971,0,0.14277105,Moderate
7972,0,0.06888821,Low
7973,0,0.053507898,Low
7974,0,0.453451,High
7975,0,0.105624914,Moderate
7976,0,0.10009222,Moderate
7977,0,0.12280445,Moderate
7978,1,0.10931619,Moderate
7979,1,0.24256511,Moderate
7980,0,0.063756056,Low
7981,0,0.12374916,Moderate
7982,0,0.15128109,Moderate
7983,0,0.4078726,High
7984,0,0.06390047,Low
7985,0,0.6532278,Very High
7986,0,0.02098155,Low
7987,0,0.15773368,Moderate
7988,1,0.7843143,Very High
7989,0,0.11060927,Moderate
7990,0,0.13089071,Moderate
7991,0,0.15917602,Moderate
7992,0,0.28454113,High
7993,1,0.78002405,Very High
7994,0,0.11183482,Moderate
7995,1,0.25499755,High
7996,0,0.064124815,Low
7997,0,0.14096104,Moderate
7998,0,0.045459207,Low
7999,0,0.058143124,Low
8000,1,0.19044644,Moderate
8001,0,0.1677928,Moderate
8002,0,0.056357194,Low
8003,0,0.016756115,Low
8004,0,0.121285506,Moderate
8005,1,0.06981721,Low
8006,0,0.14027381,Moderate
8007,1,0.12075933,Moderate
8008,1,0.19992971,Moderate
8009,0,0.266632,High
8010,0,0.17925271,Moderate
8011,0,0.069931075,Low
8012,0,0.049396113,Low
8013,0,0.17234355,Moderate
8014,0,0.19351725,Moderate
8015,0,0.16133496,Moderate
8016,1,0.37236714,High
8017,0,0.67747056,Very High
8018,0,0.22118022,Moderate
8019,0,0.099706694,Low
8020,1,0.45053494,High
8021,1,0.14224124,Moderate
8022,1,0.7595603,Very High
8023,0,0.12732394,Moderate
8024,0,0.04513734,Low
8025,0,0.16083813,Moderate
8026,0,0.33429492,High
8027,0,0.19408621,Moderate
8028,0,0.18959592,Moderate
8029,0,0.12791196,Moderate
8030,0,0.053400703,Low
8031,0,0.1471682,Moderate
8032,0,0.12809822,Moderate
8033,1,0.42442223,High
8034,0,0.061358843,Low
8035,0,0.03337061,Low
8036,0,0.036198616,Low
8037,0,0.17117086,Moderate
8038,0,0.08941678,Low
8039,0,0.1707723,Moderate
8040,0,0.30422372,High
8041,1,0.12926473,Moderate
8042,1,0.7859515,Very High
8043,1,0.72327834,Very High
8044,1,0.07552123,Low
8045,0,0.11704895,Moderate
8046,0,0.25700763,High
8047,0,0.773676,Very High
8048,0,0.08101213,Low
8049,1,0.8024237,Very High
8050,0,0.099664815,Low
8051,0,0.044746168,Low
8052,0,0.47480893,High
8053,0,0.14644486,Moderate
8054,0,0.5209848,Very High
8055,0,0.052898802,Low
8056,1,0.09840326,Low
8057,0,0.13674508,Moderate
8058,0,0.064752914,Low
8059,0,0.12495055,Moderate
8060,0,0.07280442,Low
8061,0,0.0967739,Low
8062,0,0.14154263,Moderate
8063,0,0.17524545,Moderate
8064,0,0.22193508,Moderate
8065,0,0.1944336,Moderate
8066,0,0.14438362,Moderate
8067,0,0.09597304,Low
8068,0,0.2696833,High
8069,0,0.061984453,Low
8070,0,0.09613527,Low
8071,0,0.09523612,Low
8072,0,0.22137772,Moderate
8073,0,0.11291445,Moderate
8074,0,0.15268086,Moderate
8075,0,0.18897006,Moderate
8076,0,0.3128669,High
8077,1,0.2632621,High
8078,0,0.027068323,Low
8079,0,0.24889973,Moderate
8080,0,0.32559115,High
8081,0,0.06913298,Low
8082,0,0.13295485,Moderate
8083,1,0.62472177,Very High
8084,0,0.060798362,Low
8085,1,0.7273652,Very High
8086,0,0.031066831,Low
8087,0,0.19928609,Moderate
8088,0,0.05533743,Low
8089,0,0.14552726,Moderate
8090,1,0.7380122,Very High
8091,1,0.60950774,Very High
8092,0,0.34895453,High
8093,0,0.026786307,Low
8094,1,0.058400985,Low
8095,0,0.13954625,Moderate
8096,0,0.06304882,Low
8097,0,0.18853681,Moderate
8098,0,0.051179737,Low
8099,0,0.15169933,Moderate
8100,1,0.15556312,Moderate
8101,0,0.0816277,Low
8102,0,0.15214531,Moderate
8103,0,0.11634757,Moderate
8104,0,0.033507675,Low
8105,1,0.9143782,Very High
8106,1,0.55633307,Very High
8107,0,0.1843435,Moderate
8108,0,0.17909361,Moderate
8109,0,0.3652481,High
8110,1,0.10298619,Moderate
8111,0,0.7369538,Very High
8112,1,0.35618085,High
8113,0,0.16628145,Moderate
8114,1,0.41824427,High
8115,0,0.3617271,High
8116,0,0.14495772,Moderate
8117,0,0.20062315,Moderate
8118,1,0.7302547,Very High
8119,1,0.1887745,Moderate
8120,0,0.039400224,Low
8121,0,0.10439782,Moderate
8122,0,0.07577903,Low
8123,0,0.17511201,Moderate
8124,0,0.03947525,Low
8125,1,0.8680995,Very High
8126,0,0.059944708,Low
8127,0,0.055006083,Low
8128,0,0.14207675,Moderate
8129,0,0.14718723,Moderate
8130,0,0.7538313,Very High
8131,0,0.07282929,Low
8132,0,0.036969684,Low
8133,0,0.19004682,Moderate
8134,0,0.0801638,Low
8135,1,0.7642898,Very High
8136,0,0.1061323,Moderate
8137,0,0.05835973,Low
8138,0,0.06737913,Low
8139,1,0.5675181,Very High
8140,1,0.5499387,Very High
8141,0,0.2619654,High
8142,0,0.10654735,Moderate
8143,1,0.48093385,High
8144,0,0.3471734,High
8145,0,0.31494933,High
8146,0,0.15606491,Moderate
8147,0,0.10686045,Moderate
8148,1,0.19965085,Moderate
8149,1,0.37599155,High
8150,0,0.044900425,Low
8151,0,0.037078977,Low
8152,0,0.11028269,Moderate
8153,0,0.0700016,Low
8154,0,0.06556714,Low
8155,0,0.115639634,Moderate
8156,0,0.057034507,Low
8157,0,0.4332325,High
8158,0,0.06349892,Low
8159,0,0.026532624,Low
8160,0,0.25917947,High
8161,0,0.24820898,Moderate
8162,1,0.3909116,High
8163,0,0.10543106,Moderate
8164,1,0.7511922,Very High
8165,0,0.12147842,Moderate
8166,0,0.12114297,Moderate
8167,0,0.04653773,Low
8168,0,0.48735628,High
8169,0,0.08388923,Low
8170,0,0.15615134,Moderate
8171,0,0.03528679,Low
8172,1,0.23591593,Moderate
8173,1,0.45964894,High
8174,0,0.0711204,Low
8175,1,0.6116313,Very High
8176,1,0.11219717,Moderate
8177,0,0.08847011,Low
8178,1,0.8481923,Very High
8179,1,0.75640625,Very High
8180,0,0.050429206,Low
8181,1,0.13524958,Moderate
8182,0,0.09821538,Low
8183,1,0.22166489,Moderate
8184,0,0.19038285,Moderate
8185,0,0.2030631,Moderate
8186,1,0.37287942,High
8187,0,0.027524035,Low
8188,1,0.17357591,Moderate
8189,0,0.3225165,High
8190,1,0.21515033,Moderate
8191,1,0.8464382,Very High
8192,0,0.10602516,Moderate
8193,0,0.16148914,Moderate
8194,0,0.07068812,Low
8195,0,0.15204397,Moderate
8196,0,0.3757523,High
8197,0,0.1474797,Moderate
8198,0,0.0751766,Low
8199,0,0.28329366,High
8200,0,0.046040826,Low
8201,0,0.22704552,Moderate
8202,0,0.059490718,Low
8203,0,0.755751,Very High
8204,0,0.28870445,High
8205,0,0.12520997,Moderate
8206,0,0.053151608,Low
8207,0,0.11604915,Moderate
8208,0,0.15167227,Moderate
8209,1,0.08750776,Low
8210,0,0.20394824,Moderate
8211,0,0.0858386,Low
8212,0,0.019199442,Low
8213,0,0.2524561,High
8214,0,0.111273736,Moderate
8215,0,0.30155334,High
8216,1,0.5141748,Very High
8217,1,0.43800464,High
8218,0,0.25372744,High
8219,0,0.16533674,Moderate
8220,1,0.3349089,High
8221,0,0.07154976,Low
8222,1,0.762188,Very High
8223,0,0.13432452,Moderate
8224,0,0.6947795,Very High
8225,0,0.45732877,High
8226,0,0.47643676,High
8227,0,0.37572306,High
8228,1,0.13385516,Moderate
8229,0,0.08346045,Low
8230,0,0.12127456,Moderate
8231,1,0.6746831,Very High
8232,0,0.09833327,Low
8233,0,0.33498394,High
8234,0,0.10801889,Moderate
8235,0,0.17589626,Moderate
8236,0,0.20731093,Moderate
8237,0,0.08359918,Low
8238,0,0.41149703,High
8239,1,0.64187706,Very High
8240,0,0.09843984,Low
8241,0,0.29339227,High
8242,1,0.69112515,Very High
8243,0,0.43152443,High
8244,0,0.19944403,Moderate
8245,0,0.06513393,Low
8246,0,0.1349283,Moderate
8247,1,0.18890229,Moderate
8248,0,0.050854333,Low
8249,1,0.30277336,High
8250,1,0.14245977,Moderate
8251,0,0.6977587,Very High
8252,0,0.2708926,High
8253,0,0.034434535,Low
8254,0,0.15232748,Moderate
8255,0,0.23816058,Moderate
8256,0,0.19982322,Moderate
8257,0,0.23897831,Moderate
8258,0,0.08000128,Low
8259,0,0.04124125,Low
8260,1,0.19141272,Moderate
8261,0,0.1370915,Moderate
8262,0,0.049633812,Low
8263,1,0.19726878,Moderate
8264,0,0.12393406,Moderate
8265,0,0.07497507,Low
8266,1,0.30225012,High
8267,0,0.028203435,Low
8268,0,0.27632383,High
8269,1,0.2899065,High
8270,1,0.71983516,Very High
8271,0,0.03810114,Low
8272,0,0.10460179,Moderate
8273,0,0.14402372,Moderate
8274,0,0.19587779,Moderate
8275,0,0.31167218,High
8276,0,0.32953992,High
8277,0,0.32426512,High
8278,1,0.13443588,Moderate
8279,0,0.29076672,High
8280,0,0.10904021,Moderate
8281,0,0.25267267,High
8282,0,0.17061011,Moderate
8283,0,0.040617727,Low
8284,0,0.1661028,Moderate
8285,0,0.16767056,Moderate
8286,0,0.3003317,High
8287,0,0.080494635,Low
8288,0,0.09837507,Low
8289,1,0.07595277,Low
8290,0,0.11687536,Moderate
8291,0,0.04107618,Low
8292,0,0.17475511,Moderate
8293,1,0.20752183,Moderate
8294,1,0.7340753,Very High
8295,1,0.21103555,Moderate
8296,1,0.78579193,Very High
8297,0,0.22474946,Moderate
8298,0,0.33788416,High
8299,1,0.31194896,High
8300,0,0.1395097,Moderate
8301,0,0.09146019,Low
8302,0,0.13331352,Moderate
8303,0,0.50952554,Very High
8304,0,0.062051482,Low
8305,0,0.11671454,Moderate
8306,1,0.34358245,High
8307,0,0.13271298,Moderate
8308,1,0.10012037,Moderate
8309,0,0.23389801,Moderate
8310,0,0.12995474,Moderate
8311,0,0.036968444,Low
8312,0,0.061807275,Low
8313,0,0.0972015,Low
8314,0,0.0689903,Low
8315,0,0.018461931,Low
8316,0,0.12571436,Moderate
8317,0,0.08826876,Low
8318,0,0.1648679,Moderate
8319,0,0.087623574,Low
8320,1,0.17003784,Moderate
8321,1,0.4453441,High
8322,0,0.10471671,Moderate
8323,0,0.047376383,Low
8324,1,0.75287944,Very High
8325,0,0.05131056,Low
8326,0,0.060108628,Low
8327,0,0.10137983,Moderate
8328,1,0.11428447,Moderate
8329,0,0.06513186,Low
8330,0,0.1360718,Moderate
8331,0,0.1951264,Moderate
8332,0,0.10449224,Moderate
8333,0,0.120563015,Moderate
8334,0,0.107473426,Moderate
8335,0,0.048418477,Low
8336,0,0.3102466,High
8337,0,0.04078397,Low
8338,0,0.75556684,Very High
8339,1,0.38373145,High
8340,0,0.2289522,Moderate
8341,1,0.7209417,Very High
8342,1,0.34944654,High
8343,0,0.08592636,Low
8344,0,0.13420533,Moderate
8345,0,0.04406176,Low
8346,1,0.6673182,Very High
8347,0,0.0650824,Low
8348,0,0.085705206,Low
8349,1,0.27619222,High
8350,0,0.23313127,Moderate
8351,0,0.23205301,Moderate
8352,0,0.18173555,Moderate
8353,0,0.08366417,Low
8354,0,0.09154035,Low
8355,0,0.079823665,Low
8356,0,0.027132215,Low
8357,0,0.19020624,Moderate
8358,0,0.047652144,Low
8359,0,0.11142079,Moderate
8360,0,0.08619742,Low
8361,0,0.19549143,Moderate
8362,1,0.2756108,High
8363,1,0.16531523,Moderate
8364,0,0.10775014,Moderate
8365,0,0.14179324,Moderate
8366,0,0.10059938,Moderate
8367,0,0.11020778,Moderate
8368,0,0.07516812,Low
8369,1,0.66693294,Very High
8370,0,0.09067173,Low
8371,1,0.7143763,Very High
8372,0,0.13902864,Moderate
8373,0,0.050318666,Low
8374,0,0.40687332,High
8375,0,0.101515,Moderate
8376,0,0.14568858,Moderate
8377,0,0.16633788,Moderate
8378,1,0.47771278,High
8379,0,0.11391028,Moderate
8380,0,0.08044418,Low
8381,0,0.04189894,Low
8382,0,0.21735704,Moderate
8383,0,0.15707459,Moderate
8384,1,0.17627844,Moderate
8385,0,0.0621123,Low
8386,0,0.15199822,Moderate
8387,0,0.103712805,Moderate
8388,0,0.18011394,Moderate
8389,1,0.23097456,Moderate
8390,0,0.52716494,Very High
8391,1,0.7637295,Very High
8392,0,0.029418746,Low
8393,1,0.24224871,Moderate
8394,0,0.29095948,High
8395,0,0.16406758,Moderate
8396,0,0.028317979,Low
8397,0,0.16750598,Moderate
8398,0,0.266665,High
8399,0,0.38766745,High
8400,0,0.11029636,Moderate
8401,0,0.74317944,Very High
8402,0,0.37268758,High
8403,0,0.115959816,Moderate
8404,0,0.03143824,Low
8405,0,0.058726482,Low
8406,0,0.2644086,High
8407,0,0.08430915,Low
8408,0,0.8257316,Very High
8409,1,0.17364097,Moderate
8410,0,0.07068481,Low
8411,1,0.23835823,Moderate
8412,0,0.16037272,Moderate
8413,0,0.13925442,Moderate
8414,0,0.18855426,Moderate
8415,0,0.12766029,Moderate
8416,0,0.12469274,Moderate
8417,0,0.17629744,Moderate
8418,0,0.079186454,Low
8419,0,0.052405145,Low
8420,1,0.23221667,Moderate
8421,0,0.18516217,Moderate
8422,0,0.12433998,Moderate
8423,0,0.068890385,Low
8424,0,0.059221923,Low
8425,0,0.12276866,Moderate
8426,0,0.62008876,Very High
8427,0,0.19738233,Moderate
8428,0,0.062727205,Low
8429,0,0.46351308,High
8430,0,0.09773809,Low
8431,0,0.8513859,Very High
8432,0,0.12351824,Moderate
8433,0,0.24991772,Moderate
8434,0,0.1131595,Moderate
8435,0,0.14971,Moderate
8436,0,0.025505893,Low
8437,0,0.039245415,Low
8438,0,0.31520525,High
8439,0,0.083105646,Low
8440,1,0.19569959,Moderate
8441,0,0.12185151,Moderate
8442,0,0.22227526,Moderate
8443,0,0.11419496,Moderate
8444,0,0.6064061,Very High
8445,0,0.086430155,Low
8446,0,0.1674219,Moderate
8447,1,0.19174455,Moderate
8448,1,0.0701106,Low
8449,0,0.04476583,Low
8450,0,0.023588557,Low
8451,0,0.02760765,Low
8452,0,0.060826365,Low
8453,1,0.43471947,High
8454,1,0.10143238,Moderate
8455,1,0.23412684,Moderate
8456,1,0.62662685,Very High
8457,0,0.018304074,Low
8458,0,0.072667696,Low
8459,0,0.18019475,Moderate
8460,1,0.15622944,Moderate
8461,0,0.037069637,Low
8462,0,0.2097356,Moderate
8463,0,0.18149358,Moderate
8464,0,0.107552126,Moderate
8465,0,0.03156374,Low
8466,0,0.11313616,Moderate
8467,1,0.059263833,Low
8468,1,0.8852758,Very High
8469,1,0.7336113,Very High
8470,1,0.12076369,Moderate
8471,1,0.75838923,Very High
8472,1,0.7582714,Very High
8473,1,0.13172412,Moderate
8474,0,0.18926898,Moderate
8475,0,0.037628684,Low
8476,0,0.22026633,Moderate
8477,0,0.098314814,Low
8478,0,0.03414744,Low
8479,0,0.14797172,Moderate
8480,0,0.2203806,Moderate
8481,0,0.18245642,Moderate
8482,0,0.08403601,Low
8483,0,0.10707716,Moderate
8484,0,0.33777723,High
8485,0,0.13365203,Moderate
8486,0,0.15579922,Moderate
8487,0,0.06836655,Low
8488,0,0.5126173,Very High
8489,0,0.07866456,Low
8490,0,0.16431277,Moderate
8491,0,0.3761145,High
8492,1,0.38584292,High
8493,1,0.66295385,Very High
8494,0,0.14056893,Moderate
8495,0,0.6541769,Very High
8496,0,0.19918168,Moderate
8497,0,0.2761011,High
8498,0,0.14635614,Moderate
8499,0,0.23121962,Moderate
8500,0,0.15197042,Moderate
8501,0,0.22543584,Moderate
8502,0,0.08409146,Low
8503,0,0.6011606,Very High
8504,0,0.071631655,Low
8505,0,0.16480823,Moderate
8506,0,0.34315798,High
8507,0,0.18967392,Moderate
8508,0,0.51658493,Very High
8509,1,0.34787846,High
8510,0,0.25437477,High
8511,0,0.07480396,Low
8512,0,0.1180061,Moderate
8513,0,0.33702156,High
8514,1,0.08265979,Low
8515,0,0.4897932,High
8516,0,0.029277945,Low
8517,0,0.11542984,Moderate
8518,0,0.031570207,Low
8519,0,0.10859225,Moderate
8520,0,0.15045872,Moderate
8521,1,0.74971664,Very High
8522,0,0.6803656,Very High
8523,0,0.29419312,High
8524,1,0.828762,Very High
8525,0,0.025802057,Low
8526,0,0.23461954,Moderate
8527,0,0.08905618,Low
8528,0,0.13681622,Moderate
8529,0,0.051656254,Low
8530,0,0.05141483,Low
8531,0,0.13573793,Moderate
8532,0,0.1425555,Moderate
8533,0,0.4454065,High
8534,0,0.30093792,High
8535,1,0.70537513,Very High
8536,0,0.11326949,Moderate
8537,0,0.035726674,Low
8538,1,0.7892122,Very High
8539,1,0.12266237,Moderate
8540,0,0.23127325,Moderate
8541,0,0.068523884,Low
8542,1,0.05289001,Low
8543,1,0.71586573,Very High
8544,0,0.20394094,Moderate
8545,1,0.22366586,Moderate
8546,1,0.6657529,Very High
8547,0,0.35808578,High
8548,0,0.043341048,Low
8549,0,0.5643832,Very High
8550,0,0.17909437,Moderate
8551,0,0.085750446,Low
8552,0,0.07199064,Low
8553,0,0.11516087,Moderate
8554,1,0.4156478,High
8555,0,0.04245261,Low
8556,0,0.12880598,Moderate
8557,0,0.0343682,Low
8558,0,0.043182004,Low
8559,0,0.07940392,Low
8560,0,0.06549214,Low
8561,0,0.29777506,High
8562,0,0.23096667,Moderate
8563,1,0.2567614,High
8564,1,0.5849807,Very High
8565,0,0.1010733,Moderate
8566,0,0.06628544,Low
8567,0,0.088893026,Low
8568,1,0.21412078,Moderate
8569,0,0.12152503,Moderate
8570,0,0.0456183,Low
8571,0,0.12206396,Moderate
8572,0,0.04778097,Low
8573,0,0.12949038,Moderate
8574,1,0.6784742,Very High
8575,1,0.30931166,High
8576,0,0.38364854,High
8577,0,0.27132088,High
8578,0,0.7209268,Very High
8579,1,0.20663172,Moderate
8580,0,0.19589512,Moderate
8581,0,0.047454834,Low
8582,0,0.07091892,Low
8583,1,0.7044095,Very High
8584,0,0.21575043,Moderate
8585,1,0.26466018,High
8586,0,0.13438071,Moderate
8587,0,0.05290174,Low
8588,0,0.14087784,Moderate
8589,0,0.32578662,High
8590,0,0.12354764,Moderate
8591,0,0.12702098,Moderate
8592,0,0.5988327,Very High
8593,0,0.6817929,Very High
8594,0,0.049937423,Low
8595,0,0.2891615,High
8596,0,0.5593529,Very High
8597,0,0.054818247,Low
8598,0,0.09122838,Low
8599,1,0.30283967,High
8600,1,0.43828756,High
8601,1,0.40058875,High
8602,0,0.19589466,Moderate
8603,0,0.70912164,Very High
8604,0,0.077548526,Low
8605,0,0.12824711,Moderate
8606,0,0.03604352,Low
8607,1,0.15922633,Moderate
8608,0,0.74696404,Very High
8609,0,0.67577016,Very High
8610,0,0.119369954,Moderate
8611,0,0.37516928,High
8612,0,0.40307498,High
8613,0,0.3378341,High
8614,0,0.14263979,Moderate
8615,0,0.12127397,Moderate
8616,0,0.15338232,Moderate
8617,1,0.15534712,Moderate
8618,0,0.26291773,High
8619,0,0.07430027,Low
8620,0,0.09420828,Low
8621,0,0.10696884,Moderate
8622,0,0.14265548,Moderate
8623,0,0.15034422,Moderate
8624,1,0.2707928,High
8625,0,0.23826496,Moderate
8626,0,0.04309015,Low
8627,0,0.34070402,High
8628,0,0.34075752,High
8629,0,0.043761574,Low
8630,0,0.073601194,Low
8631,1,0.45329693,High
8632,0,0.09905803,Low
8633,0,0.5658377,Very High
8634,0,0.07408307,Low
8635,0,0.19343507,Moderate
8636,1,0.6125612,Very High
8637,0,0.0881253,Low
8638,0,0.09200184,Low
8639,0,0.07853601,Low
8640,0,0.18731019,Moderate
8641,0,0.06572012,Low
8642,1,0.5510526,Very High
8643,0,0.056711286,Low
8644,0,0.13860694,Moderate
8645,0,0.20355812,Moderate
8646,0,0.06513598,Low
8647,0,0.048477095,Low
8648,0,0.120534234,Moderate
8649,0,0.09982304,Low
8650,1,0.41615584,High
8651,0,0.1865893,Moderate
8652,0,0.19148733,Moderate
8653,0,0.07989117,Low
8654,0,0.10692043,Moderate
8655,1,0.90553683,Very High
8656,0,0.30182633,High
8657,0,0.6136126,Very High
8658,1,0.06154304,Low
8659,0,0.023543537,Low
8660,0,0.33788416,High
8661,0,0.0967869,Low
8662,0,0.12839933,Moderate
8663,0,0.061905887,Low
8664,0,0.1693209,Moderate
8665,0,0.053627454,Low
8666,0,0.09896653,Low
8667,1,0.1764606,Moderate
8668,1,0.20081697,Moderate
8669,0,0.039236195,Low
8670,1,0.064926974,Low
8671,0,0.012449155,Low
8672,0,0.11194251,Moderate
8673,0,0.12179689,Moderate
8674,0,0.114265636,Moderate
8675,0,0.07471367,Low
8676,0,0.027287353,Low
8677,0,0.035498876,Low
8678,0,0.011896404,Low
8679,0,0.04937517,Low
8680,1,0.17948475,Moderate
8681,0,0.12653963,Moderate
8682,0,0.10347155,Moderate
8683,1,0.7083867,Very High
8684,0,0.044852704,Low
8685,0,0.12466405,Moderate
8686,0,0.12896843,Moderate
8687,0,0.17444938,Moderate
8688,0,0.11720632,Moderate
8689,0,0.120908104,Moderate
8690,1,0.16705978,Moderate
8691,0,0.078692324,Low
8692,0,0.07118671,Low
8693,0,0.14433,Moderate
8694,0,0.3449726,High
8695,0,0.06360816,Low
8696,0,0.13151027,Moderate
8697,0,0.7354581,Very High
8698,0,0.05330467,Low
8699,0,0.15759017,Moderate
8700,0,0.26927218,High
8701,0,0.034439377,Low
8702,1,0.33042818,High
8703,0,0.06928749,Low
8704,0,0.029811189,Low
8705,0,0.13747926,Moderate
8706,0,0.044099577,Low
8707,0,0.034819916,Low
8708,1,0.69433147,Very High
8709,1,0.51973164,Very High
8710,0,0.22847635,Moderate
8711,0,0.14648488,Moderate
8712,0,0.13809204,Moderate
8713,0,0.16736545,Moderate
8714,1,0.23163903,Moderate
8715,0,0.1709701,Moderate
8716,0,0.05610138,Low
8717,1,0.64835083,Very High
8718,0,0.07309917,Low
8719,0,0.15874803,Moderate
8720,0,0.09160271,Low
8721,0,0.260118,High
8722,0,0.030207986,Low
8723,0,0.1360604,Moderate
8724,0,0.7275001,Very High
8725,0,0.09232978,Low
8726,1,0.07276484,Low
8727,0,0.16204704,Moderate
8728,1,0.60201365,Very High
8729,0,0.20238802,Moderate
8730,0,0.24351077,Moderate
8731,0,0.2480078,Moderate
8732,0,0.044786643,Low
8733,0,0.15688843,Moderate
8734,0,0.036208082,Low
8735,0,0.103606746,Moderate
8736,0,0.40822646,High
8737,1,0.071652904,Low
8738,0,0.06686259,Low
8739,0,0.094770506,Low
8740,0,0.27162352,High
8741,0,0.04330984,Low
8742,1,0.76617837,Very High
8743,0,0.03449877,Low
8744,0,0.05281978,Low
8745,0,0.07384727,Low
8746,0,0.1410604,Moderate
8747,0,0.07906113,Low
8748,0,0.16864096,Moderate
8749,0,0.083294235,Low
8750,0,0.22483374,Moderate
8751,0,0.029572373,Low
8752,0,0.107731685,Moderate
8753,1,0.15762925,Moderate
8754,0,0.046685796,Low
8755,0,0.115508005,Moderate
8756,1,0.3734495,High
8757,0,0.28285593,High
8758,0,0.18945923,Moderate
8759,1,0.07397897,Low
8760,0,0.13263051,Moderate
8761,0,0.12405085,Moderate
8762,0,0.1957129,Moderate
8763,0,0.058224477,Low
8764,0,0.03695255,Low
8765,0,0.0823458,Low
8766,1,0.2391647,Moderate
8767,0,0.16616721,Moderate
8768,0,0.30136663,High
8769,1,0.7006465,Very High
8770,0,0.066221654,Low
8771,0,0.18460168,Moderate
8772,0,0.034889188,Low
8773,1,0.78071356,Very High
8774,1,0.15444112,Moderate
8775,0,0.12801094,Moderate
8776,0,0.022559574,Low
8777,0,0.06977154,Low
8778,0,0.0831313,Low
8779,0,0.07818116,Low
8780,0,0.11098362,Moderate
8781,0,0.6694141,Very High
8782,1,0.38498828,High
8783,0,0.046573553,Low
8784,0,0.21262003,Moderate
8785,0,0.11365197,Moderate
8786,0,0.041470498,Low
8787,0,0.089504234,Low
8788,0,0.032504883,Low
8789,1,0.65640205,Very High
8790,0,0.050036117,Low
8791,0,0.12691236,Moderate
8792,0,0.26157075,High
8793,0,0.12699328,Moderate
8794,0,0.099519156,Low
8795,1,0.24257731,Moderate
8796,0,0.16033703,Moderate
8797,1,0.044430338,Low
8798,1,0.8201803,Very High
8799,0,0.059428208,Low
8800,0,0.054570176,Low
8801,1,0.16906756,Moderate
8802,1,0.3175051,High
8803,0,0.6148006,Very High
8804,0,0.39829236,High
8805,0,0.16465732,Moderate
8806,0,0.13494202,Moderate
8807,1,0.13634287,Moderate
8808,0,0.12979257,Moderate
8809,1,0.53996867,Very High
8810,0,0.1343388,Moderate
8811,1,0.44880697,High
8812,1,0.5823378,Very High
8813,1,0.25580835,High
8814,0,0.065976776,Low
8815,0,0.5261815,Very High
8816,1,0.2380927,Moderate
8817,0,0.083748944,Low
8818,1,0.22465868,Moderate
8819,0,0.037457723,Low
8820,0,0.1405085,Moderate
8821,1,0.20688114,Moderate
8822,1,0.7235866,Very High
8823,0,0.19337435,Moderate
8824,0,0.07214253,Low
8825,1,0.22982337,Moderate
8826,0,0.15852247,Moderate
8827,0,0.07930067,Low
8828,0,0.12034156,Moderate
8829,0,0.24469875,Moderate
8830,0,0.08233292,Low
8831,0,0.65141195,Very High
8832,1,0.44016406,High
8833,0,0.07622851,Low
8834,0,0.436736,High
8835,0,0.12368276,Moderate
8836,0,0.07442648,Low
8837,0,0.018018648,Low
8838,0,0.061891846,Low
8839,0,0.2964398,High
8840,0,0.082780555,Low
8841,0,0.18088193,Moderate
8842,0,0.12159097,Moderate
8843,0,0.23828803,Moderate
8844,0,0.39710176,High
8845,0,0.22252612,Moderate
8846,0,0.06618131,Low
8847,1,0.72979623,Very High
8848,0,0.1242352,Moderate
8849,0,0.11524889,Moderate
8850,0,0.09104185,Low
8851,0,0.15444708,Moderate
8852,0,0.12304651,Moderate
8853,0,0.21050388,Moderate
8854,0,0.1301409,Moderate
8855,0,0.14775068,Moderate
8856,1,0.10717246,Moderate
8857,1,0.7194686,Very High
8858,1,0.5151993,Very High
8859,1,0.30000752,High
8860,1,0.19128647,Moderate
8861,0,0.15385175,Moderate
8862,0,0.08269148,Low
8863,0,0.15076862,Moderate
8864,0,0.07815151,Low
8865,1,0.32977563,High
8866,1,0.438643,High
8867,0,0.05401899,Low
8868,1,0.6976217,Very High
8869,0,0.33673388,High
8870,1,0.19051506,Moderate
8871,0,0.0733554,Low
8872,0,0.38525674,High
8873,0,0.024168704,Low
8874,0,0.057346925,Low
8875,0,0.10748918,Moderate
8876,0,0.15670893,Moderate
8877,0,0.1301962,Moderate
8878,1,0.6323889,Very High
8879,0,0.05598557,Low
8880,0,0.1948241,Moderate
8881,0,0.17638169,Moderate
8882,0,0.13216293,Moderate
8883,0,0.04223854,Low
8884,1,0.55428964,Very High
8885,0,0.1364493,Moderate
8886,0,0.08122699,Low
8887,1,0.35077304,High
8888,0,0.19564818,Moderate
8889,1,0.18177563,Moderate
8890,0,0.10733743,Moderate
8891,0,0.049487352,Low
8892,1,0.22363605,Moderate
8893,0,0.10673523,Moderate
8894,0,0.12459357,Moderate
8895,0,0.11065661,Moderate
8896,0,0.2272055,Moderate
8897,0,0.15571289,Moderate
8898,0,0.24555227,Moderate
8899,1,0.66062844,Very High
8900,0,0.04630838,Low
8901,0,0.20409675,Moderate
8902,0,0.15662712,Moderate
8903,0,0.112651564,Moderate
8904,0,0.030167181,Low
8905,0,0.124971636,Moderate
8906,0,0.5943968,Very High
8907,0,0.04987646,Low
8908,0,0.12013975,Moderate
8909,0,0.20606358,Moderate
8910,0,0.11321123,Moderate
8911,0,0.5970942,Very High
8912,0,0.11478705,Moderate
8913,0,0.12115028,Moderate
8914,0,0.22021672,Moderate
8915,0,0.035225887,Low
8916,1,0.09456914,Low
8917,0,0.084983565,Low
8918,1,0.1346257,Moderate
8919,0,0.052672036,Low
8920,1,0.80065566,Very High
8921,0,0.13799685,Moderate
8922,0,0.09872315,Low
8923,0,0.027293023,Low
8924,0,0.03575832,Low
8925,0,0.056777872,Low
8926,1,0.44235575,High
8927,0,0.13053805,Moderate
8928,0,0.10200755,Moderate
8929,0,0.0740441,Low
8930,1,0.8520274,Very High
8931,0,0.0747825,Low
8932,0,0.117852606,Moderate
8933,1,0.40314263,High
8934,0,0.04585781,Low
8935,0,0.1797045,Moderate
8936,0,0.064144365,Low
8937,0,0.63767695,Very High
8938,1,0.6502417,Very High
8939,0,0.08056302,Low
8940,0,0.061440535,Low
8941,0,0.067202814,Low
8942,0,0.03432051,Low
8943,0,0.0970955,Low
8944,0,0.048956305,Low
8945,1,0.7102736,Very High
8946,0,0.17917058,Moderate
8947,0,0.2719714,High
8948,1,0.27649307,High
8949,1,0.12449062,Moderate
8950,0,0.08488672,Low
8951,0,0.036561865,Low
8952,0,0.43195644,High
8953,0,0.08673987,Low
8954,1,0.5998428,Very High
8955,0,0.041594762,Low
8956,0,0.09309159,Low
8957,0,0.08198366,Low
8958,0,0.0693862,Low
8959,1,0.028253939,Low
8960,0,0.3752855,High
8961,0,0.12675203,Moderate
8962,0,0.023307072,Low
8963,0,0.041912634,Low
8964,0,0.0465947,Low
8965,0,0.11708835,Moderate
8966,1,0.30329055,High
8967,1,0.63478625,Very High
8968,0,0.047679927,Low
8969,0,0.14523745,Moderate
8970,0,0.047045927,Low
8971,0,0.05806765,Low
8972,1,0.38728333,High
8973,1,0.14557026,Moderate
8974,0,0.6667355,Very High
8975,1,0.6359712,Very High
8976,0,0.048591807,Low
8977,0,0.1811191,Moderate
8978,0,0.042524435,Low
8979,0,0.07624765,Low
8980,0,0.050961222,Low
8981,0,0.11374391,Moderate
8982,0,0.23191883,Moderate
8983,0,0.06330079,Low
8984,1,0.27958143,High
8985,1,0.3884653,High
8986,0,0.1385649,Moderate
8987,0,0.09961966,Low
8988,1,0.43311465,High
8989,1,0.40043718,High
8990,0,0.08346209,Low
8991,0,0.09000118,Low
8992,1,0.3001123,High
8993,0,0.077017896,Low
8994,0,0.15403052,Moderate
8995,0,0.33196184,High
8996,0,0.2961632,High
8997,0,0.14033806,Moderate
8998,0,0.2702227,High
8999,1,0.58963895,Very High
9000,0,0.1971982,Moderate
9001,0,0.16979371,Moderate
9002,0,0.09126357,Low
9003,1,0.3065852,High
9004,0,0.32281378,High
9005,0,0.585522,Very High
9006,0,0.14332162,Moderate
9007,1,0.70863605,Very High
9008,0,0.093819365,Low
9009,0,0.13823792,Moderate
9010,0,0.36977515,High
9011,0,0.12861912,Moderate
9012,1,0.6619,Very High
9013,0,0.50075644,Very High
9014,0,0.17766218,Moderate
9015,0,0.13397981,Moderate
9016,0,0.10515401,Moderate
9017,0,0.7381283,Very High
9018,0,0.7073454,Very High
9019,0,0.061955404,Low
9020,1,0.8115165,Very High
9021,0,0.0520093,Low
9022,0,0.062066644,Low
9023,0,0.2837289,High
9024,1,0.64212596,Very High
9025,0,0.0565174,Low
9026,0,0.18460116,Moderate
9027,0,0.14349608,Moderate
9028,0,0.03491712,Low
9029,0,0.23163971,Moderate
9030,0,0.44246566,High
9031,0,0.13169125,Moderate
9032,1,0.38035566,High
9033,0,0.09036701,Low
9034,0,0.7645381,Very High
9035,0,0.21485466,Moderate
9036,0,0.22033587,Moderate
9037,0,0.18803903,Moderate
9038,0,0.3661463,High
9039,0,0.08514762,Low
9040,0,0.05896049,Low
9041,1,0.5839433,Very High
9042,0,0.107802294,Moderate
9043,0,0.099444374,Low
9044,1,0.25992647,High
9045,0,0.060079217,Low
9046,0,0.03737714,Low
9047,0,0.07726054,Low
9048,0,0.495083,High
9049,0,0.1548787,Moderate
9050,0,0.056548085,Low
9051,0,0.35610768,High
9052,1,0.13014509,Moderate
9053,0,0.0377741,Low
9054,0,0.29225314,High
9055,1,0.24647456,Moderate
9056,0,0.023887455,Low
9057,0,0.15150885,Moderate
9058,0,0.20355806,Moderate
9059,0,0.11208797,Moderate
9060,0,0.08351928,Low
9061,0,0.12678938,Moderate
9062,0,0.75228506,Very High
9063,1,0.7912102,Very High
9064,0,0.22689894,Moderate
9065,0,0.07924174,Low
9066,0,0.07473497,Low
9067,0,0.46725717,High
9068,0,0.17941724,Moderate
9069,0,0.1148593,Moderate
9070,1,0.19311665,Moderate
9071,0,0.21092269,Moderate
9072,0,0.07796713,Low
9073,0,0.1437115,Moderate
9074,0,0.43793893,High
9075,0,0.73696524,Very High
9076,1,0.1350034,Moderate
9077,1,0.2763887,High
9078,1,0.45933273,High
9079,1,0.2751488,High
9080,0,0.2657234,High
9081,1,0.21021299,Moderate
9082,0,0.17060909,Moderate
9083,0,0.31529695,High
9084,0,0.0692488,Low
9085,1,0.7524731,Very High
9086,0,0.21778166,Moderate
9087,0,0.16781457,Moderate
9088,0,0.24942037,Moderate
9089,0,0.04937734,Low
9090,1,0.47476867,High
9091,0,0.04944629,Low
9092,0,0.17988749,Moderate
9093,0,0.12373331,Moderate
9094,1,0.7468196,Very High
9095,0,0.17314366,Moderate
9096,1,0.38270643,High
9097,0,0.07143188,Low
9098,0,0.1922413,Moderate
9099,1,0.81439847,Very High
9100,0,0.16960159,Moderate
9101,1,0.23748192,Moderate
9102,0,0.15149935,Moderate
9103,1,0.83589643,Very High
9104,0,0.06240119,Low
9105,0,0.14030735,Moderate
9106,1,0.078905605,Low
9107,1,0.6095822,Very High
9108,1,0.77734256,Very High
9109,0,0.15866616,Moderate
9110,0,0.03215848,Low
9111,1,0.8438503,Very High
9112,0,0.053202674,Low
9113,0,0.14062075,Moderate
9114,0,0.055764172,Low
9115,0,0.09020845,Low
9116,0,0.13708724,Moderate
9117,0,0.024627337,Low
9118,0,0.039513137,Low
9119,1,0.47174048,High
9120,0,0.11321836,Moderate
9121,0,0.11630353,Moderate
9122,0,0.13384585,Moderate
9123,0,0.38964203,High
9124,1,0.70652884,Very High
9125,1,0.09518387,Low
9126,0,0.111763366,Moderate
9127,0,0.046467885,Low
9128,0,0.1958688,Moderate
9129,0,0.17778045,Moderate
9130,0,0.04477605,Low
9131,1,0.69245696,Very High
9132,1,0.09871481,Low
9133,0,0.059754282,Low
9134,0,0.27739954,High
9135,0,0.047242224,Low
9136,0,0.2843604,High
9137,0,0.094688736,Low
9138,0,0.057850074,Low
9139,0,0.022184217,Low
9140,0,0.19878808,Moderate
9141,0,0.047265828,Low
9142,0,0.05141671,Low
9143,1,0.5974918,Very High
9144,0,0.11254856,Moderate
9145,0,0.3791032,High
9146,0,0.0831492,Low
9147,1,0.7256001,Very High
9148,1,0.49816138,High
9149,1,0.63814396,Very High
9150,0,0.12992477,Moderate
9151,0,0.08800268,Low
9152,1,0.36949965,High
9153,0,0.27731442,High
9154,0,0.28753707,High
9155,0,0.016648404,Low
9156,0,0.08238001,Low
9157,0,0.05844908,Low
9158,0,0.03233156,Low
9159,0,0.28197032,High
9160,0,0.084971406,Low
9161,0,0.07398348,Low
9162,0,0.01910817,Low
9163,0,0.15442549,Moderate
9164,0,0.1737276,Moderate
9165,1,0.7430436,Very High
9166,0,0.11689735,Moderate
9167,1,0.7037614,Very High
9168,1,0.39867967,High
9169,0,0.10931946,Moderate
9170,0,0.10974921,Moderate
9171,1,0.7253552,Very High
9172,0,0.33480924,High
9173,0,0.03771732,Low
9174,0,0.20236462,Moderate
9175,1,0.4431825,High
9176,0,0.05844157,Low
9177,0,0.22395736,Moderate
9178,0,0.09835828,Low
9179,0,0.17015876,Moderate
9180,0,0.118055254,Moderate
9181,0,0.15802358,Moderate
9182,0,0.10780638,Moderate
9183,0,0.12845832,Moderate
9184,0,0.07169372,Low
9185,1,0.1328549,Moderate
9186,0,0.08762224,Low
9187,0,0.26998425,High
9188,1,0.7167281,Very High
9189,0,0.3617072,High
9190,1,0.4112617,High
9191,1,0.7491097,Very High
9192,0,0.71722025,Very High
9193,1,0.77261055,Very High
9194,0,0.6050981,Very High
9195,1,0.860551,Very High
9196,1,0.21582761,Moderate
9197,1,0.13046303,Moderate
9198,1,0.744374,Very High
9199,0,0.07828506,Low
9200,0,0.05679667,Low
9201,0,0.18420714,Moderate
9202,0,0.16012646,Moderate
9203,0,0.06693943,Low
9204,0,0.13122638,Moderate
9205,0,0.067960806,Low
9206,0,0.14778107,Moderate
9207,0,0.044301227,Low
9208,0,0.13446166,Moderate
9209,0,0.16154103,Moderate
9210,0,0.11289437,Moderate
9211,1,0.22923267,Moderate
9212,0,0.08391835,Low
9213,0,0.5105078,Very High
9214,0,0.035193037,Low
9215,1,0.5352372,Very High
9216,1,0.3028884,High
9217,1,0.15170707,Moderate
9218,1,0.37049124,High
9219,1,0.22464593,Moderate
9220,0,0.15137596,Moderate
9221,0,0.06543291,Low
9222,1,0.4106742,High
9223,1,0.5150233,Very High
9224,0,0.17712949,Moderate
9225,0,0.17199224,Moderate
9226,0,0.09112395,Low
9227,0,0.25021115,High
9228,1,0.72718465,Very High
9229,1,0.23026957,Moderate
9230,0,0.049208235,Low
9231,0,0.34787846,High
9232,0,0.28308743,High
9233,0,0.1311344,Moderate
9234,0,0.62047935,Very High
9235,0,0.37840533,High
9236,0,0.17226765,Moderate
9237,0,0.21683246,Moderate
9238,0,0.10164853,Moderate
9239,0,0.029507274,Low
9240,0,0.10173396,Moderate
9241,0,0.101361364,Moderate
9242,1,0.15813012,Moderate
9243,0,0.03322449,Low
9244,0,0.022165602,Low
9245,0,0.2117272,Moderate
9246,0,0.08343474,Low
9247,1,0.31354964,High
9248,1,0.13896315,Moderate
9249,0,0.112192966,Moderate
9250,0,0.10144793,Moderate
9251,0,0.17632023,Moderate
9252,0,0.37866956,High
9253,1,0.10608025,Moderate
9254,0,0.076193325,Low
9255,0,0.1043734,Moderate
9256,1,0.15879537,Moderate
9257,1,0.58713245,Very High
9258,0,0.09484747,Low
9259,0,0.14925186,Moderate
9260,0,0.07356947,Low
9261,0,0.10510696,Moderate
9262,0,0.048088346,Low
9263,0,0.19275397,Moderate
9264,0,0.15686698,Moderate
9265,0,0.37436837,High
9266,0,0.095473975,Low
9267,0,0.07214145,Low
9268,0,0.07944489,Low
9269,0,0.06838637,Low
9270,0,0.10351701,Moderate
9271,0,0.12801158,Moderate
9272,1,0.7751058,Very High
9273,1,0.8129495,Very High
9274,0,0.028020719,Low
9275,0,0.14238691,Moderate
9276,0,0.05089045,Low
9277,0,0.057319757,Low
9278,0,0.199011,Moderate
9279,0,0.10768911,Moderate
9280,1,0.31644434,High
9281,0,0.28796494,High
9282,0,0.09255128,Low
9283,0,0.086876325,Low
9284,0,0.24051519,Moderate
9285,0,0.17606114,Moderate
9286,0,0.0874848,Low
9287,1,0.8226337,Very High
9288,1,0.6073908,Very High
9289,1,0.18852143,Moderate
9290,1,0.4065644,High
9291,0,0.033787016,Low
9292,0,0.06942559,Low
9293,1,0.3223895,High
9294,0,0.15444233,Moderate
9295,0,0.22895132,Moderate
9296,1,0.39925188,High
9297,0,0.13348499,Moderate
9298,0,0.1261635,Moderate
9299,0,0.18926512,Moderate
9300,0,0.1781768,Moderate
9301,1,0.10112871,Moderate
9302,1,0.35846305,High
9303,0,0.12983532,Moderate
9304,0,0.016763665,Low
9305,0,0.17963476,Moderate
9306,1,0.5852439,Very High
9307,0,0.2024936,Moderate
9308,1,0.4002164,High
9309,0,0.5686285,Very High
9310,0,0.035678264,Low
9311,1,0.08999825,Low
9312,0,0.018058078,Low
9313,0,0.03837486,Low
9314,1,0.36224204,High
9315,1,0.12385197,Moderate
9316,0,0.1893889,Moderate
9317,1,0.2947529,High
9318,0,0.14751154,Moderate
9319,0,0.6503404,Very High
9320,0,0.051856734,Low
9321,0,0.064765416,Low
9322,0,0.028821567,Low
9323,0,0.1981999,Moderate
9324,1,0.36185306,High
9325,0,0.038107764,Low
9326,0,0.3062053,High
9327,0,0.05610628,Low
9328,0,0.036033086,Low
9329,1,0.74246454,Very High
9330,0,0.18128245,Moderate
9331,0,0.12217048,Moderate
9332,0,0.031413157,Low
9333,0,0.058191933,Low
9334,0,0.023742909,Low
9335,1,0.14580737,Moderate
9336,0,0.056144916,Low
9337,1,0.48055834,High
9338,1,0.1592004,Moderate
9339,0,0.12322361,Moderate
9340,1,0.5521938,Very High
9341,1,0.6748742,Very High
9342,0,0.13536909,Moderate
9343,0,0.18866384,Moderate
9344,1,0.669854,Very High
9345,0,0.21398973,Moderate
9346,0,0.018236712,Low
9347,1,0.27296707,High
9348,0,0.09906879,Low
9349,0,0.24053015,Moderate
9350,0,0.098240025,Low
9351,0,0.04212757,Low
9352,0,0.12104217,Moderate
9353,0,0.20643345,Moderate
9354,0,0.10617949,Moderate
9355,0,0.15064183,Moderate
9356,0,0.027875096,Low
9357,1,0.054409303,Low
9358,0,0.14610867,Moderate
9359,0,0.04818486,Low
9360,0,0.021693071,Low
9361,0,0.083860725,Low
9362,0,0.23550254,Moderate
9363,0,0.027141701,Low
9364,0,0.08821975,Low
9365,1,0.067477494,Low
9366,0,0.19018745,Moderate
9367,0,0.13507816,Moderate
9368,0,0.10634273,Moderate
9369,1,0.100008495,Moderate
9370,0,0.06439851,Low
9371,1,0.13996181,Moderate
9372,0,0.08883549,Low
9373,0,0.26701212,High
9374,0,0.5351139,Very High
9375,0,0.14601673,Moderate
9376,1,0.141233,Moderate
9377,1,0.26355144,High
9378,1,0.18577492,Moderate
9379,0,0.041822083,Low
9380,1,0.36496118,High
9381,0,0.059162967,Low
9382,0,0.35415748,High
9383,0,0.06315429,Low
9384,0,0.35252172,High
9385,0,0.47903728,High
9386,1,0.63516027,Very High
9387,0,0.10282005,Moderate
9388,0,0.17185472,Moderate
9389,0,0.08478688,Low
9390,0,0.52143556,Very High
9391,0,0.04242154,Low
9392,1,0.4203737,High
9393,0,0.3392041,High
9394,0,0.071142286,Low
9395,0,0.0402035,Low
9396,1,0.24944898,Moderate
9397,0,0.5511725,Very High
9398,0,0.14555301,Moderate
9399,0,0.03307053,Low
9400,1,0.116338335,Moderate
9401,1,0.14386025,Moderate
9402,0,0.09835566,Low
9403,0,0.18655927,Moderate
9404,0,0.05660693,Low
9405,0,0.08944287,Low
9406,0,0.22322148,Moderate
9407,1,0.23081009,Moderate
9408,0,0.2362936,Moderate
9409,0,0.3512398,High
9410,0,0.07408022,Low
9411,0,0.055425413,Low
9412,0,0.14004332,Moderate
9413,0,0.35067713,High
9414,1,0.82264805,Very High
9415,0,0.05919964,Low
9416,0,0.32556412,High
9417,0,0.09189764,Low
9418,0,0.09378909,Low
9419,0,0.26213974,High
9420,0,0.5889896,Very High
9421,0,0.08966394,Low
9422,0,0.13128506,Moderate
9423,0,0.023854796,Low
9424,0,0.07760723,Low
9425,1,0.23616287,Moderate
9426,0,0.29042387,High
9427,0,0.15243536,Moderate
9428,0,0.18608993,Moderate
9429,1,0.3774038,High
9430,0,0.5458817,Very High
9431,0,0.18668932,Moderate
9432,0,0.043805305,Low
9433,0,0.18474863,Moderate
9434,1,0.19447584,Moderate
9435,0,0.23829502,Moderate
9436,0,0.47057724,High
9437,0,0.07561953,Low
9438,1,0.70206535,Very High
9439,0,0.16833422,Moderate
9440,1,0.20045169,Moderate
9441,0,0.2568043,High
9442,0,0.09785027,Low
9443,0,0.07261169,Low
9444,0,0.11380731,Moderate
9445,0,0.15999003,Moderate
9446,1,0.3312555,High
9447,0,0.17614415,Moderate
9448,0,0.1925247,Moderate
9449,0,0.10237633,Moderate
9450,1,0.18988898,Moderate
9451,0,0.029414484,Low
9452,1,0.81054395,Very High
9453,0,0.12303475,Moderate
9454,0,0.17163302,Moderate
9455,0,0.14322627,Moderate
9456,0,0.16088527,Moderate
9457,0,0.025546838,Low
9458,1,0.5844795,Very High
9459,1,0.08930539,Low
9460,0,0.05908003,Low
9461,1,0.093457356,Low
9462,0,0.043211438,Low
9463,1,0.79165554,Very High
9464,0,0.3680749,High
9465,0,0.09978935,Low
9466,0,0.21701685,Moderate
9467,0,0.034038663,Low
9468,0,0.1983085,Moderate
9469,1,0.3230652,High
9470,0,0.13093257,Moderate
9471,0,0.06920746,Low
9472,0,0.056316413,Low
9473,1,0.6972812,Very High
9474,0,0.085157424,Low
9475,0,0.06260134,Low
9476,1,0.33012938,High
9477,0,0.2728694,High
9478,1,0.16029127,Moderate
9479,0,0.03909065,Low
9480,1,0.360396,High
9481,1,0.43733636,High
9482,0,0.25499082,High
9483,0,0.11123174,Moderate
9484,1,0.7859246,Very High
9485,0,0.04400381,Low
9486,0,0.30868906,High
9487,0,0.033135913,Low
9488,0,0.023650456,Low
9489,1,0.21367878,Moderate
9490,0,0.16441262,Moderate
9491,0,0.14097916,Moderate
9492,0,0.159526,Moderate
9493,1,0.519126,Very High
9494,1,0.16553271,Moderate
9495,1,0.6853085,Very High
9496,0,0.13561614,Moderate
9497,0,0.093469836,Low
9498,0,0.03426775,Low
9499,0,0.13465835,Moderate
9500,0,0.2102282,Moderate
9501,0,0.10694049,Moderate
9502,0,0.04358374,Low
9503,0,0.13199532,Moderate
9504,0,0.22841588,Moderate
9505,0,0.09072473,Low
9506,0,0.077630326,Low
9507,0,0.23109093,Moderate
9508,0,0.36513925,High
9509,0,0.16812275,Moderate
9510,0,0.100550376,Moderate
9511,0,0.0420436,Low
9512,0,0.14040846,Moderate
9513,0,0.02799421,Low
9514,0,0.07650492,Low
9515,0,0.13558784,Moderate
9516,0,0.06783348,Low
9517,0,0.046532433,Low
9518,1,0.5209504,Very High
9519,0,0.042655848,Low
9520,0,0.524185,Very High
9521,0,0.16670765,Moderate
9522,0,0.68332857,Very High
9523,0,0.040236413,Low
9524,0,0.16861875,Moderate
9525,0,0.08946583,Low
9526,0,0.06506054,Low
9527,0,0.059096266,Low
9528,1,0.27099937,High
9529,0,0.14140044,Moderate
9530,0,0.024183635,Low
9531,0,0.063493855,Low
9532,1,0.28144756,High
9533,1,0.18819068,Moderate
9534,1,0.4732278,High
9535,0,0.06188702,Low
9536,0,0.12175464,Moderate
9537,1,0.09472613,Low
9538,1,0.75412035,Very High
9539,0,0.106817044,Moderate
9540,0,0.14248285,Moderate
9541,0,0.09147796,Low
9542,0,0.22610791,Moderate
9543,0,0.11976233,Moderate
9544,1,0.18976909,Moderate
9545,0,0.18028699,Moderate
9546,0,0.054705385,Low
9547,0,0.15776363,Moderate
9548,0,0.023985606,Low
9549,0,0.2523866,High
9550,0,0.35161668,High
9551,0,0.74953645,Very High
9552,0,0.17150737,Moderate
9553,0,0.14278316,Moderate
9554,0,0.2127935,Moderate
9555,0,0.28402415,High
9556,0,0.021914188,Low
9557,1,0.39133447,High
9558,0,0.15602213,Moderate
9559,0,0.09711033,Low
9560,1,0.21312551,Moderate
9561,0,0.09533443,Low
9562,0,0.1055709,Moderate
9563,1,0.80254215,Very High
9564,0,0.106861934,Moderate
9565,0,0.061010785,Low
9566,0,0.02540633,Low
9567,1,0.49682817,High
9568,0,0.10209649,Moderate
9569,1,0.19583635,Moderate
9570,0,0.43089882,High
9571,0,0.6406948,Very High
9572,0,0.22981662,Moderate
9573,0,0.16422437,Moderate
9574,0,0.28956383,High
9575,0,0.15329717,Moderate
9576,0,0.025890883,Low
9577,1,0.44811073,High
9578,0,0.13405213,Moderate
9579,0,0.122257166,Moderate
9580,0,0.27282333,High
9581,0,0.07062853,Low
9582,0,0.12757905,Moderate
9583,1,0.7509619,Very High
9584,1,0.8557761,Very High
9585,1,0.7580281,Very High
9586,0,0.25733218,High
9587,1,0.19234526,Moderate
9588,0,0.2965565,High
9589,0,0.074420065,Low
9590,1,0.22069332,Moderate
9591,0,0.18802038,Moderate
9592,0,0.16643487,Moderate
9593,0,0.028921036,Low
9594,1,0.72396916,Very High
9595,0,0.06429348,Low
9596,0,0.24009758,Moderate
9597,0,0.4328375,High
9598,0,0.048699785,Low
9599,0,0.022956137,Low
9600,0,0.37006134,High
9601,0,0.32762265,High
9602,0,0.063980244,Low
9603,0,0.058343682,Low
9604,0,0.2580831,High
9605,1,0.20311032,Moderate
9606,0,0.05045868,Low
9607,0,0.06489807,Low
9608,0,0.27034765,High
9609,0,0.09950868,Low
9610,1,0.36833724,High
9611,0,0.06130466,Low
9612,0,0.067041926,Low
9613,0,0.034962974,Low
9614,1,0.7988155,Very High
9615,0,0.21642384,Moderate
9616,0,0.23974833,Moderate
9617,0,0.38289902,High
9618,0,0.24611719,Moderate
9619,0,0.08610927,Low
9620,1,0.38809046,High
9621,0,0.089168966,Low
9622,0,0.17632538,Moderate
9623,0,0.14951244,Moderate
9624,0,0.11732531,Moderate
9625,0,0.39060166,High
9626,1,0.45123944,High
9627,0,0.14629652,Moderate
9628,0,0.01906477,Low
9629,1,0.24790455,Moderate
9630,0,0.105289474,Moderate
9631,0,0.66570306,Very High
9632,0,0.05049931,Low
9633,1,0.6711258,Very High
9634,0,0.16911323,Moderate
9635,0,0.19626018,Moderate
9636,0,0.13608363,Moderate
9637,0,0.22914445,Moderate
9638,0,0.31110564,High
9639,0,0.24678595,Moderate
9640,0,0.029856846,Low
9641,1,0.5009496,Very High
9642,0,0.04571754,Low
9643,0,0.09804793,Low
9644,0,0.1463935,Moderate
9645,0,0.16729642,Moderate
9646,0,0.06210386,Low
9647,0,0.44404778,High
9648,0,0.06280334,Low
9649,0,0.024154143,Low
9650,0,0.09812965,Low
9651,1,0.7539012,Very High
9652,0,0.08876363,Low
9653,0,0.1866608,Moderate
9654,0,0.15409867,Moderate
9655,0,0.06993728,Low
9656,0,0.17377862,Moderate
9657,0,0.2313986,Moderate
9658,0,0.08218277,Low
9659,0,0.20819893,Moderate
9660,0,0.33083308,High
9661,1,0.7878787,Very High
9662,1,0.79520327,Very High
9663,0,0.19628756,Moderate
9664,0,0.1396996,Moderate
9665,1,0.34137607,High
9666,1,0.09563994,Low
9667,0,0.114554316,Moderate
9668,1,0.3750219,High
9669,0,0.054857787,Low
9670,0,0.129267,Moderate
9671,0,0.07874888,Low
9672,0,0.87523705,Very High
9673,0,0.03207749,Low
9674,0,0.07081956,Low
9675,1,0.26661602,High
9676,0,0.17365536,Moderate
9677,0,0.67983276,Very High
9678,0,0.067148,Low
9679,0,0.090995274,Low
9680,0,0.11393142,Moderate
9681,0,0.5455398,Very High
9682,0,0.016797109,Low
9683,0,0.057460714,Low
9684,0,0.16069134,Moderate
9685,1,0.74179196,Very High
9686,0,0.13061228,Moderate
9687,0,0.12457908,Moderate
9688,0,0.07702627,Low
9689,0,0.07105911,Low
9690,0,0.34735772,High
9691,0,0.061300445,Low
9692,0,0.5306036,Very High
9693,1,0.13076742,Moderate
9694,0,0.12170707,Moderate
9695,1,0.7427779,Very High
9696,0,0.17726889,Moderate
9697,1,0.574806,Very High
9698,0,0.14029147,Moderate
9699,0,0.21542017,Moderate
9700,1,0.56827474,Very High
9701,0,0.061242286,Low
9702,0,0.23496851,Moderate
9703,0,0.13975881,Moderate
9704,0,0.18557608,Moderate
9705,0,0.21158174,Moderate
9706,0,0.28010058,High
9707,1,0.76315415,Very High
9708,1,0.16872089,Moderate
9709,0,0.18055913,Moderate
9710,0,0.10918158,Moderate
9711,0,0.18584372,Moderate
9712,0,0.14958964,Moderate
9713,0,0.07933663,Low
9714,0,0.24165125,Moderate
9715,0,0.74998313,Very High
9716,0,0.38767105,High
9717,0,0.09792467,Low
9718,0,0.12272219,Moderate
9719,1,0.2764954,High
9720,0,0.07680713,Low
9721,0,0.09029593,Low
9722,1,0.17985335,Moderate
9723,0,0.075157985,Low
9724,0,0.041793726,Low
9725,0,0.16030279,Moderate
9726,0,0.11566703,Moderate
9727,1,0.25029606,High
9728,0,0.05578066,Low
9729,0,0.04624525,Low
9730,0,0.037941758,Low
9731,0,0.494125,High
9732,1,0.6760361,Very High
9733,1,0.6967713,Very High
9734,0,0.08702711,Low
9735,0,0.12967932,Moderate
9736,0,0.24038573,Moderate
9737,0,0.08922536,Low
9738,0,0.10772974,Moderate
9739,0,0.0895343,Low
9740,0,0.24221453,Moderate
9741,0,0.14898011,Moderate
9742,0,0.16666219,Moderate
9743,0,0.061243333,Low
9744,0,0.26771864,High
9745,0,0.16225994,Moderate
9746,0,0.083076276,Low
9747,0,0.05128751,Low
9748,0,0.09895441,Low
9749,0,0.17957434,Moderate
9750,0,0.17425258,Moderate
9751,0,0.049776446,Low
9752,0,0.04821634,Low
9753,0,0.097442955,Low
9754,0,0.08602572,Low
9755,0,0.17439136,Moderate
9756,0,0.77269036,Very High
9757,0,0.13033752,Moderate
9758,0,0.061651725,Low
9759,0,0.10080679,Moderate
9760,1,0.13653398,Moderate
9761,0,0.052014768,Low
9762,0,0.18404298,Moderate
9763,1,0.088287644,Low
9764,0,0.018166518,Low
9765,1,0.6429175,Very High
9766,0,0.07154334,Low
9767,0,0.22422653,Moderate
9768,0,0.14345197,Moderate
9769,1,0.54034626,Very High
9770,0,0.02653694,Low
9771,1,0.2926169,High
9772,0,0.05224233,Low
9773,0,0.43459705,High
9774,0,0.09836096,Low
9775,0,0.06724997,Low
9776,0,0.13228957,Moderate
9777,0,0.11100093,Moderate
9778,0,0.07421202,Low
9779,1,0.70414776,Very High
9780,0,0.26514068,High
9781,0,0.13936168,Moderate
9782,1,0.7189673,Very High
9783,0,0.16557442,Moderate
9784,0,0.14518148,Moderate
9785,0,0.06318954,Low
9786,1,0.36782873,High
9787,0,0.10744665,Moderate
9788,1,0.79781103,Very High
9789,0,0.3593447,High
9790,0,0.07657047,Low
9791,0,0.23637107,Moderate
9792,1,0.6268476,Very High
9793,0,0.057530727,Low
9794,0,0.026085887,Low
9795,0,0.4625171,High
9796,1,0.046690606,Low
9797,0,0.16211827,Moderate
9798,0,0.0580799,Low
9799,1,0.42508847,High
9800,1,0.12821922,Moderate
9801,0,0.10392809,Moderate
9802,1,0.04796466,Low
9803,0,0.4132977,High
9804,0,0.25923544,High
9805,0,0.041923247,Low
9806,0,0.06756712,Low
9807,0,0.06718391,Low
9808,0,0.11522223,Moderate
9809,0,0.12926507,Moderate
9810,0,0.06947229,Low
9811,0,0.16103442,Moderate
9812,1,0.8138832,Very High
9813,0,0.25524244,High
9814,0,0.07352773,Low
9815,0,0.41632447,High
9816,0,0.521566,Very High
9817,0,0.20580244,Moderate
9818,0,0.29445028,High
9819,0,0.10041411,Moderate
9820,0,0.19401588,Moderate
9821,0,0.566075,Very High
9822,0,0.5504309,Very High
9823,0,0.13988405,Moderate
9824,1,0.332981,High
9825,0,0.18498817,Moderate
9826,0,0.12328713,Moderate
9827,1,0.18598641,Moderate
9828,0,0.112381734,Moderate
9829,1,0.24639392,Moderate
9830,0,0.18025145,Moderate
9831,0,0.106026836,Moderate
9832,0,0.113738775,Moderate
9833,1,0.763209,Very High
9834,0,0.10527841,Moderate
9835,0,0.14511119,Moderate
9836,0,0.24673444,Moderate
9837,0,0.09701912,Low
9838,0,0.06445795,Low
9839,1,0.6757123,Very High
9840,0,0.1289249,Moderate
9841,1,0.3639828,High
9842,1,0.19188555,Moderate
9843,1,0.5713396,Very High
9844,0,0.034170717,Low
9845,0,0.088103116,Low
9846,0,0.13712737,Moderate
9847,0,0.035528757,Low
9848,1,0.0627389,Low
9849,0,0.020186502,Low
9850,0,0.07950332,Low
9851,0,0.04724055,Low
9852,1,0.11637522,Moderate
9853,0,0.12229421,Moderate
9854,0,0.13621135,Moderate
9855,0,0.14244178,Moderate
9856,1,0.29199937,High
9857,1,0.61795384,Very High
9858,1,0.76534754,Very High
9859,0,0.2178055,Moderate
9860,0,0.15313226,Moderate
9861,0,0.040349327,Low
9862,0,0.069480106,Low
9863,0,0.11046464,Moderate
9864,0,0.19430862,Moderate
9865,0,0.09707359,Low
9866,1,0.16795161,Moderate
9867,0,0.40749052,High
9868,0,0.12198814,Moderate
9869,0,0.6877449,Very High
9870,1,0.1947838,Moderate
9871,1,0.80198437,Very High
9872,0,0.05150073,Low
9873,0,0.19883177,Moderate
9874,0,0.13953206,Moderate
9875,0,0.12614213,Moderate
9876,0,0.094886884,Low
9877,0,0.42409572,High
9878,0,0.029137284,Low
9879,0,0.13451755,Moderate
9880,0,0.09748188,Low
9881,1,0.7808634,Very High
9882,0,0.03926349,Low
9883,0,0.21945313,Moderate
9884,0,0.040053938,Low
9885,0,0.20053974,Moderate
9886,0,0.07160692,Low
9887,0,0.10582534,Moderate
9888,0,0.04406345,Low
9889,0,0.27343875,High
9890,0,0.3389199,High
9891,0,0.17292473,Moderate
9892,0,0.18873668,Moderate
9893,1,0.34593487,High
9894,0,0.102179244,Moderate
9895,0,0.0850784,Low
9896,0,0.12483963,Moderate
9897,0,0.06766517,Low
9898,1,0.15561943,Moderate
9899,0,0.06391613,Low
9900,0,0.06611481,Low
9901,0,0.3430364,High
9902,1,0.5782457,Very High
9903,1,0.6106339,Very High
9904,0,0.37764192,High
9905,1,0.24165292,Moderate
9906,0,0.4459291,High
9907,0,0.0352612,Low
9908,0,0.14189655,Moderate
9909,0,0.15183128,Moderate
9910,1,0.7427188,Very High
9911,0,0.17390361,Moderate
9912,0,0.23649094,Moderate
9913,0,0.043727364,Low
9914,0,0.62645143,Very High
9915,1,0.44395572,High
9916,0,0.27782756,High
9917,0,0.062177446,Low
9918,0,0.41996342,High
9919,1,0.7493043,Very High
9920,0,0.1346513,Moderate
9921,0,0.22913729,Moderate
9922,0,0.1675712,Moderate
9923,0,0.7049701,Very High
9924,0,0.14067672,Moderate
9925,0,0.11897115,Moderate
9926,0,0.066814214,Low
9927,0,0.11798064,Moderate
9928,1,0.31675065,High
9929,0,0.05426998,Low
9930,0,0.3191108,High
9931,0,0.11875325,Moderate
9932,0,0.036341988,Low
9933,1,0.6682159,Very High
9934,1,0.11653905,Moderate
9935,1,0.20893814,Moderate
9936,0,0.16983238,Moderate
9937,0,0.16996937,Moderate
9938,0,0.23566212,Moderate
9939,0,0.19951963,Moderate
9940,0,0.2657308,High
9941,1,0.47105736,High
9942,0,0.21011744,Moderate
9943,0,0.27100515,High
9944,0,0.09207473,Low
9945,0,0.29485962,High
9946,0,0.10232654,Moderate
9947,1,0.7025388,Very High
9948,0,0.059093248,Low
9949,1,0.119022466,Moderate
9950,0,0.57899004,Very High
9951,0,0.5828972,Very High
9952,1,0.11617291,Moderate
9953,1,0.770355,Very High
9954,0,0.09249968,Low
9955,1,0.3864087,High
9956,0,0.30412906,High
9957,0,0.065563515,Low
9958,1,0.75316095,Very High
9959,0,0.17053923,Moderate
9960,0,0.09447034,Low
9961,0,0.0827265,Low
9962,0,0.14255896,Moderate
9963,0,0.7510575,Very High
9964,0,0.01960765,Low
9965,1,0.12258747,Moderate
9966,0,0.040133845,Low
9967,0,0.05317367,Low
9968,0,0.23903668,Moderate
9969,0,0.12717624,Moderate
9970,0,0.13352682,Moderate
9971,1,0.19581516,Moderate
9972,0,0.123196624,Moderate
9973,1,0.10324593,Moderate
9974,0,0.04107,Low
9975,0,0.07613445,Low
9976,0,0.099466816,Low
9977,0,0.19308206,Moderate
9978,0,0.07887614,Low
9979,0,0.24324377,Moderate
9980,1,0.54954827,Very High
9981,0,0.036833823,Low
9982,0,0.13144414,Moderate
9983,0,0.20400824,Moderate
9984,0,0.082104295,Low
9985,0,0.225102,Moderate
9986,0,0.041460358,Low
9987,0,0.06717447,Low
9988,0,0.20520861,Moderate
9989,0,0.08106105,Low
9990,0,0.068228066,Low
9991,0,0.038868956,Low
9992,1,0.5257395,Very High
9993,1,0.7152649,Very High
9994,1,0.14347664,Moderate
9995,1,0.18994428,Moderate
9996,0,0.20694023,Moderate
9997,0,0.1721318,Moderate
9998,0,0.111728795,Moderate
9999,1,0.40532786,High
10000,0,0.058195453,Low
10001,0,0.17685977,Moderate
10002,0,0.23470226,Moderate
10003,0,0.3499193,High
10004,0,0.1433278,Moderate
10005,0,0.1293999,Moderate
10006,0,0.033445235,Low
10007,0,0.14027676,Moderate
10008,0,0.7292936,Very High
10009,1,0.3991717,High
10010,1,0.07868755,Low
10011,0,0.21593611,Moderate
10012,0,0.10709023,Moderate
10013,0,0.09974336,Low
10014,0,0.37204129,High
10015,0,0.063467145,Low
10016,0,0.05278984,Low
10017,0,0.06742946,Low
10018,0,0.33209977,High
10019,0,0.10128182,Moderate
10020,1,0.22967702,Moderate
10021,0,0.12022161,Moderate
10022,0,0.03323014,Low
10023,0,0.11956713,Moderate
10024,0,0.8958927,Very High
10025,1,0.08998229,Low
10026,1,0.14861703,Moderate
10027,0,0.1641643,Moderate
10028,0,0.1677704,Moderate
10029,0,0.06976721,Low
10030,0,0.026585609,Low
10031,0,0.037326433,Low
10032,0,0.21471508,Moderate
10033,1,0.14126684,Moderate
10034,0,0.037062123,Low
10035,1,0.15233792,Moderate
10036,0,0.095101096,Low
10037,0,0.053980175,Low
10038,0,0.11772187,Moderate
10039,0,0.12972298,Moderate
10040,0,0.25813252,High
10041,0,0.12139186,Moderate
10042,0,0.05207346,Low
10043,1,0.7963703,Very High
10044,0,0.30106473,High
10045,0,0.28131893,High
10046,0,0.14769194,Moderate
10047,1,0.12764476,Moderate
10048,0,0.0717466,Low
10049,0,0.20914382,Moderate
10050,0,0.12184912,Moderate
10051,0,0.052462537,Low
10052,0,0.14606693,Moderate
10053,0,0.12872712,Moderate
10054,1,0.20659423,Moderate
10055,0,0.18350762,Moderate
10056,0,0.036099378,Low
10057,0,0.18682352,Moderate
10058,0,0.08638117,Low
10059,0,0.32423136,High
10060,0,0.11191582,Moderate
10061,0,0.32752815,High
10062,0,0.2212964,Moderate
10063,0,0.3109752,High
10064,0,0.16567945,Moderate
10065,1,0.19528408,Moderate
10066,1,0.23267798,Moderate
10067,0,0.60277534,Very High
10068,0,0.11888183,Moderate
10069,0,0.033309765,Low
10070,1,0.6858841,Very High
10071,0,0.084850974,Low
10072,0,0.042735305,Low
10073,0,0.12198889,Moderate
10074,0,0.047917265,Low
10075,0,0.10401123,Moderate
10076,1,0.1541264,Moderate
10077,0,0.14154963,Moderate
10078,0,0.15666384,Moderate
10079,0,0.096246704,Low
10080,1,0.1338529,Moderate
10081,0,0.15130661,Moderate
10082,0,0.041768003,Low
10083,0,0.13522325,Moderate
10084,0,0.72676057,Very High
10085,0,0.08179323,Low
10086,0,0.081217565,Low
10087,1,0.47339818,High
10088,0,0.13175455,Moderate
10089,1,0.34352186,High
10090,0,0.06429225,Low
10091,0,0.05201726,Low
10092,1,0.6930837,Very High
10093,0,0.05497442,Low
10094,0,0.18691817,Moderate
10095,0,0.1709393,Moderate
10096,0,0.49913782,High
10097,0,0.12833771,Moderate
10098,0,0.29976574,High
10099,1,0.7175919,Very High
10100,1,0.1818498,Moderate
10101,0,0.10328783,Moderate
10102,0,0.12888213,Moderate
10103,1,0.8067202,Very High
10104,0,0.18027252,Moderate
10105,0,0.15637803,Moderate
10106,0,0.58373505,Very High
10107,0,0.40573075,High
10108,1,0.19877282,Moderate
10109,0,0.16688026,Moderate
10110,0,0.05686503,Low
10111,0,0.39694297,High
10112,1,0.4368292,High
10113,0,0.06899231,Low
10114,0,0.15129378,Moderate
10115,0,0.10638293,Moderate
10116,1,0.66263294,Very High
10117,1,0.37995705,High
10118,0,0.15262239,Moderate
10119,0,0.043201,Low
10120,0,0.23251644,Moderate
10121,1,0.7373843,Very High
10122,0,0.18412921,Moderate
10123,0,0.14619607,Moderate
10124,0,0.2061408,Moderate
10125,0,0.8385158,Very High
10126,0,0.1360437,Moderate
10127,0,0.04466461,Low
10128,1,0.14692628,Moderate
10129,1,0.4408068,High
10130,0,0.2365197,Moderate
10131,0,0.038145788,Low
10132,0,0.013349795,Low
10133,0,0.66424394,Very High
10134,0,0.35236123,High
10135,0,0.21935497,Moderate
10136,1,0.3799388,High
10137,0,0.1374131,Moderate
10138,0,0.08611585,Low
10139,1,0.29657367,High
10140,1,0.068021886,Low
10141,1,0.3252573,High
10142,0,0.08538251,Low
10143,0,0.8184347,Very High
10144,0,0.095991075,Low
10145,0,0.2345657,Moderate
10146,0,0.1096601,Moderate
10147,1,0.068236634,Low
10148,0,0.2894146,High
10149,0,0.32778916,High
10150,1,0.10179241,Moderate
10151,0,0.12676401,Moderate
10152,1,0.7644755,Very High
10153,0,0.088505216,Low
10154,0,0.11318283,Moderate
10155,0,0.1672846,Moderate
10156,1,0.5297205,Very High
10157,1,0.10667811,Moderate
10158,1,0.1812705,Moderate
10159,0,0.022839352,Low
10160,0,0.20162298,Moderate
10161,0,0.106895916,Moderate
10162,0,0.18014279,Moderate
10163,0,0.2686322,High
10164,0,0.09769472,Low
10165,1,0.17024298,Moderate
10166,0,0.13312246,Moderate
10167,1,0.2127568,Moderate
10168,1,0.3128921,High
10169,0,0.038931157,Low
10170,0,0.20988604,Moderate
10171,0,0.13384514,Moderate
10172,0,0.08460011,Low
10173,0,0.017307935,Low
10174,0,0.12475874,Moderate
10175,0,0.19056523,Moderate
10176,0,0.19957681,Moderate
10177,0,0.30787796,High
10178,0,0.14921077,Moderate
10179,0,0.16172601,Moderate
10180,0,0.13058557,Moderate
10181,1,0.68013424,Very High
10182,0,0.093239866,Low
10183,0,0.16943535,Moderate
10184,1,0.5359255,Very High
10185,0,0.54314274,Very High
10186,1,0.049127538,Low
10187,1,0.7031915,Very High
10188,0,0.03607428,Low
10189,1,0.18047443,Moderate
10190,0,0.047640406,Low
10191,0,0.15755707,Moderate
10192,0,0.10328101,Moderate
10193,0,0.24967201,Moderate
10194,0,0.1694392,Moderate
10195,1,0.65705305,Very High
10196,0,0.16105616,Moderate
10197,0,0.7822092,Very High
10198,0,0.05113005,Low
10199,1,0.1589527,Moderate
10200,0,0.1675356,Moderate
10201,0,0.11444391,Moderate
10202,0,0.3293453,High
10203,0,0.075598516,Low
10204,0,0.07171998,Low
10205,0,0.21249893,Moderate
10206,0,0.025702821,Low
10207,0,0.116592936,Moderate
10208,0,0.079544336,Low
10209,0,0.120617844,Moderate
10210,0,0.45933202,High
10211,0,0.28710717,High
10212,1,0.11927397,Moderate
10213,0,0.6177611,Very High
10214,0,0.20926599,Moderate
10215,0,0.119732715,Moderate
10216,0,0.58066154,Very High
10217,1,0.6375879,Very High
10218,0,0.16669238,Moderate
10219,0,0.15838076,Moderate
10220,0,0.14902471,Moderate
10221,0,0.06847086,Low
10222,0,0.13601157,Moderate
10223,0,0.08553664,Low
10224,0,0.11546716,Moderate
10225,0,0.14886859,Moderate
10226,0,0.14696182,Moderate
10227,0,0.057033855,Low
10228,0,0.37837347,High
10229,0,0.16369368,Moderate
10230,0,0.044606376,Low
10231,0,0.5776299,Very High
10232,0,0.13745992,Moderate
10233,1,0.32059252,High
10234,0,0.043610543,Low
10235,0,0.17594709,Moderate
10236,0,0.05757166,Low
10237,0,0.04872879,Low
10238,0,0.3503031,High
10239,0,0.15497209,Moderate
10240,0,0.2532045,High
10241,1,0.51596594,Very High
10242,0,0.19447725,Moderate
10243,0,0.11790821,Moderate
10244,0,0.16990137,Moderate
10245,0,0.16112459,Moderate
10246,0,0.07534622,Low
10247,0,0.080469385,Low
10248,1,0.34161675,High
10249,0,0.15019618,Moderate
10250,0,0.07222258,Low
10251,0,0.33719128,High
10252,1,0.29953888,High
10253,0,0.15469342,Moderate
10254,0,0.14531077,Moderate
10255,1,0.21905793,Moderate
10256,0,0.13962501,Moderate
10257,0,0.35221922,High
10258,0,0.04914898,Low
10259,0,0.100442916,Moderate
10260,0,0.09405718,Low
10261,0,0.08249006,Low
10262,0,0.10143836,Moderate
10263,0,0.14191775,Moderate
10264,0,0.21253327,Moderate
10265,0,0.40809804,High
10266,0,0.14858887,Moderate
10267,0,0.15912527,Moderate
10268,0,0.08753674,Low
10269,0,0.052526373,Low
10270,0,0.24298471,Moderate
10271,0,0.6185101,Very High
10272,0,0.14591143,Moderate
10273,0,0.32426178,High
10274,0,0.18252954,Moderate
10275,0,0.25215074,High
10276,0,0.01610292,Low
10277,0,0.035528276,Low
10278,0,0.14416595,Moderate
10279,1,0.24661143,Moderate
10280,0,0.23153031,Moderate
10281,0,0.039395347,Low
10282,0,0.4598611,High
10283,0,0.13409209,Moderate
10284,0,0.053447653,Low
10285,0,0.071737915,Low
10286,0,0.023256402,Low
10287,0,0.13771142,Moderate
10288,1,0.17118749,Moderate
10289,0,0.05649254,Low
10290,0,0.11585213,Moderate
10291,0,0.15115845,Moderate
10292,0,0.07818455,Low
10293,0,0.17706208,Moderate
10294,0,0.044392496,Low
10295,0,0.2280121,Moderate
10296,0,0.047906924,Low
10297,0,0.12345026,Moderate
10298,0,0.15243532,Moderate
10299,0,0.081044175,Low
10300,0,0.27450067,High
10301,0,0.06657901,Low
10302,0,0.101210706,Moderate
10303,0,0.3481105,High
10304,0,0.18708585,Moderate
10305,0,0.20540425,Moderate
10306,0,0.10648276,Moderate
10307,0,0.116355784,Moderate
10308,0,0.07791201,Low
10309,0,0.17032707,Moderate
10310,1,0.44148868,High
10311,0,0.09765485,Low
10312,0,0.09570116,Low
10313,0,0.04911807,Low
10314,0,0.14203493,Moderate
10315,1,0.47648814,High
10316,1,0.21912216,Moderate
10317,1,0.5306789,Very High
10318,0,0.140655,Moderate
10319,0,0.074935116,Low
10320,0,0.061871506,Low
10321,0,0.12658158,Moderate
10322,0,0.24881068,Moderate
10323,0,0.42346972,High
10324,0,0.44812253,High
10325,0,0.06978344,Low
10326,1,0.36907926,High
10327,1,0.21552287,Moderate
10328,0,0.06368961,Low
10329,0,0.21116345,Moderate
10330,0,0.66027755,Very High
10331,1,0.4268909,High
10332,0,0.16902077,Moderate
10333,1,0.13074045,Moderate
10334,0,0.17999972,Moderate
10335,0,0.051211346,Low
10336,0,0.1035951,Moderate
10337,0,0.14062227,Moderate
10338,1,0.7863967,Very High
10339,1,0.53665465,Very High
10340,0,0.044118233,Low
10341,0,0.23745789,Moderate
10342,0,0.077301666,Low
10343,0,0.10056595,Moderate
10344,0,0.10466668,Moderate
10345,0,0.11468661,Moderate
10346,0,0.1868449,Moderate
10347,0,0.05797076,Low
10348,1,0.3200478,High
10349,0,0.061958954,Low
10350,1,0.20717625,Moderate
10351,1,0.22414388,Moderate
10352,0,0.13424914,Moderate
10353,0,0.15613867,Moderate
10354,1,0.8122865,Very High
10355,1,0.77652264,Very High
10356,0,0.08845215,Low
10357,0,0.5240474,Very High
10358,0,0.09208507,Low
10359,0,0.04622105,Low
10360,0,0.37395582,High
10361,1,0.6952527,Very High
10362,0,0.112359665,Moderate
10363,0,0.09789774,Low
10364,0,0.3129037,High
10365,0,0.64808434,Very High
10366,0,0.13654445,Moderate
10367,0,0.2163859,Moderate
10368,1,0.1120512,Moderate
10369,0,0.17915103,Moderate
10370,1,0.7320836,Very High
10371,0,0.12008726,Moderate
10372,0,0.08247272,Low
10373,0,0.17595041,Moderate
10374,0,0.099167354,Low
10375,0,0.22757252,Moderate
10376,0,0.10316144,Moderate
10377,0,0.15511614,Moderate
10378,0,0.13938868,Moderate
10379,0,0.09221504,Low
10380,0,0.09790982,Low
10381,1,0.29731476,High
10382,0,0.1256985,Moderate
10383,0,0.0726577,Low
10384,0,0.06820734,Low
10385,0,0.15115869,Moderate
10386,0,0.18682325,Moderate
10387,0,0.2414893,Moderate
10388,1,0.1407599,Moderate
10389,1,0.27846748,High
10390,1,0.8146963,Very High
10391,1,0.8336872,Very High
10392,0,0.25274107,High
10393,1,0.13225056,Moderate
10394,0,0.18157957,Moderate
10395,0,0.22379075,Moderate
10396,0,0.35601604,High
10397,1,0.25250566,High
10398,0,0.06627911,Low
10399,0,0.14498667,Moderate
10400,1,0.25568062,High
10401,0,0.18738018,Moderate
10402,0,0.14326172,Moderate
10403,1,0.6380469,Very High
10404,0,0.06267597,Low
10405,0,0.19150494,Moderate
10406,1,0.59237075,Very High
10407,0,0.027013594,Low
10408,0,0.07241791,Low
10409,1,0.70405257,Very High
10410,0,0.30590764,High
10411,1,0.47025242,High
10412,0,0.18845211,Moderate
10413,0,0.325213,High
10414,0,0.150372,Moderate
10415,0,0.32281345,High
10416,0,0.051502526,Low
10417,0,0.13226101,Moderate
10418,0,0.067266434,Low
10419,1,0.53590566,Very High
10420,0,0.5127268,Very High
10421,0,0.12190347,Moderate
10422,0,0.3188197,High
10423,0,0.0318347,Low
10424,0,0.025777623,Low
10425,1,0.74389315,Very High
10426,0,0.09185511,Low
10427,0,0.18632616,Moderate
10428,0,0.14588879,Moderate
10429,0,0.09632351,Low
10430,0,0.0917104,Low
10431,0,0.14536609,Moderate
10432,1,0.13313071,Moderate
10433,1,0.32210082,High
10434,0,0.17803864,Moderate
10435,0,0.14332399,Moderate
10436,0,0.20395161,Moderate
10437,0,0.13417985,Moderate
10438,0,0.14106305,Moderate
10439,0,0.10628462,Moderate
10440,1,0.35942376,High
10441,0,0.08752177,Low
10442,0,0.16778158,Moderate
10443,0,0.022525866,Low
10444,0,0.03523491,Low
10445,0,0.18087508,Moderate
10446,0,0.07274572,Low
10447,1,0.36616996,High
10448,1,0.40562958,High
10449,0,0.09089092,Low
10450,0,0.25966692,High
10451,0,0.07551915,Low
10452,0,0.06998039,Low
10453,0,0.17065516,Moderate
10454,0,0.14566681,Moderate
10455,0,0.033139214,Low
10456,0,0.14472425,Moderate
10457,1,0.46267736,High
10458,0,0.11866894,Moderate
10459,0,0.26383784,High
10460,1,0.7687462,Very High
10461,0,0.2462653,Moderate
10462,0,0.11150095,Moderate
10463,0,0.026095953,Low
10464,0,0.036174517,Low
10465,0,0.17540765,Moderate
10466,0,0.02658448,Low
10467,0,0.22284408,Moderate
10468,0,0.6775968,Very High
10469,0,0.05247151,Low
10470,0,0.08183145,Low
10471,0,0.20925547,Moderate
10472,0,0.067197554,Low
10473,0,0.52338535,Very High
10474,0,0.056130007,Low
10475,0,0.14268449,Moderate
10476,0,0.13559976,Moderate
10477,1,0.14836526,Moderate
10478,0,0.2837957,High
10479,0,0.08795541,Low
10480,0,0.16543286,Moderate
10481,1,0.23544659,Moderate
10482,0,0.026757434,Low
10483,1,0.18024407,Moderate
10484,0,0.068994924,Low
10485,1,0.32264704,High
10486,0,0.23425649,Moderate
10487,0,0.26482958,High
10488,1,0.09567706,Low
10489,0,0.04094385,Low
10490,0,0.27691555,High
10491,0,0.3151472,High
10492,0,0.093410395,Low
10493,0,0.101518594,Moderate
10494,0,0.14570211,Moderate
10495,0,0.12533478,Moderate
10496,1,0.10762477,Moderate
10497,0,0.14199652,Moderate
10498,0,0.72352695,Very High
10499,0,0.13411018,Moderate
10500,0,0.43807408,High
10501,0,0.13583428,Moderate
10502,0,0.17675279,Moderate
10503,1,0.32628402,High
10504,0,0.104988545,Moderate
10505,0,0.11029023,Moderate
10506,0,0.12131555,Moderate
10507,1,0.52375865,Very High
10508,1,0.40257832,High
10509,0,0.053708363,Low
10510,1,0.7830171,Very High
10511,1,0.27290192,High
10512,0,0.19668612,Moderate
10513,0,0.3323157,High
10514,0,0.076184295,Low
10515,0,0.14226678,Moderate
10516,0,0.100215524,Moderate
10517,0,0.073373765,Low
10518,0,0.09064123,Low
10519,0,0.10897502,Moderate
10520,0,0.025043026,Low
10521,0,0.29371294,High
10522,1,0.6534322,Very High
10523,0,0.101615496,Moderate
10524,1,0.19961086,Moderate
10525,1,0.6272819,Very High
10526,0,0.28848737,High
10527,0,0.14064811,Moderate
10528,1,0.13936017,Moderate
10529,0,0.3425468,High
10530,0,0.08561037,Low
10531,0,0.1561605,Moderate
10532,0,0.04989257,Low
10533,0,0.10906634,Moderate
10534,0,0.8027686,Very High
10535,0,0.07705797,Low
10536,0,0.1066778,Moderate
10537,0,0.33358252,High
10538,0,0.08628888,Low
10539,0,0.16111438,Moderate
10540,1,0.903549,Very High
10541,0,0.047378737,Low
10542,1,0.17953643,Moderate
10543,0,0.11183068,Moderate
10544,0,0.37386447,High
10545,0,0.11298171,Moderate
10546,0,0.28518113,High
10547,1,0.8074841,Very High
10548,1,0.84255403,Very High
10549,0,0.070004724,Low
10550,1,0.21939586,Moderate
10551,0,0.04598275,Low
10552,0,0.15416059,Moderate
10553,0,0.088451184,Low
10554,1,0.81798184,Very High
10555,0,0.11789485,Moderate
10556,0,0.07074912,Low
10557,0,0.060822386,Low
10558,0,0.18478979,Moderate
10559,0,0.16147545,Moderate
10560,0,0.09623064,Low
10561,0,0.18929498,Moderate
10562,0,0.16678958,Moderate
10563,0,0.068836756,Low
10564,0,0.09611043,Low
10565,0,0.23989768,Moderate
10566,0,0.1232037,Moderate
10567,0,0.10826241,Moderate
10568,1,0.13030618,Moderate
10569,0,0.13563319,Moderate
10570,0,0.35285038,High
10571,0,0.079485476,Low
10572,1,0.09402949,Low
10573,0,0.14848445,Moderate
10574,0,0.21125062,Moderate
10575,0,0.18600033,Moderate
10576,1,0.738779,Very High
10577,0,0.12777287,Moderate
10578,1,0.3129411,High
10579,0,0.14572488,Moderate
10580,0,0.03855581,Low
10581,0,0.029143613,Low
10582,0,0.10242622,Moderate
10583,0,0.062465552,Low
10584,0,0.33997172,High
10585,0,0.12698756,Moderate
10586,0,0.053165782,Low
10587,1,0.6643013,Very High
10588,0,0.0364441,Low
10589,0,0.11257442,Moderate
10590,1,0.15160748,Moderate
10591,0,0.18352358,Moderate
10592,0,0.15997966,Moderate
10593,0,0.18518208,Moderate
10594,0,0.45942888,High
10595,1,0.28268692,High
10596,0,0.13588326,Moderate
10597,1,0.17932537,Moderate
10598,1,0.7369978,Very High
10599,0,0.07935315,Low
10600,0,0.33166915,High
10601,1,0.48960292,High
10602,0,0.0827842,Low
10603,0,0.12679702,Moderate
10604,0,0.17441623,Moderate
10605,0,0.11173809,Moderate
10606,0,0.1592083,Moderate
10607,0,0.15910116,Moderate
10608,0,0.17579763,Moderate
10609,0,0.21794768,Moderate
10610,0,0.048157357,Low
10611,0,0.1845279,Moderate
10612,0,0.20822144,Moderate
10613,0,0.11063097,Moderate
10614,0,0.16965403,Moderate
10615,0,0.2076358,Moderate
10616,0,0.029575035,Low
10617,0,0.057115715,Low
10618,0,0.055653527,Low
10619,0,0.033911496,Low
10620,0,0.15421622,Moderate
10621,0,0.12592359,Moderate
10622,0,0.11741281,Moderate
10623,1,0.18662162,Moderate
10624,0,0.20738964,Moderate
10625,1,0.20561184,Moderate
10626,0,0.1804438,Moderate
10627,0,0.022738833,Low
10628,0,0.13292861,Moderate
10629,1,0.67966807,Very High
10630,0,0.15265384,Moderate
10631,0,0.46135288,High
10632,0,0.21312508,Moderate
10633,1,0.5651772,Very High
10634,0,0.09259006,Low
10635,0,0.19586758,Moderate
10636,0,0.10353677,Moderate
10637,0,0.31711623,High
10638,0,0.102473974,Moderate
10639,0,0.047415737,Low
10640,0,0.066144936,Low
10641,0,0.30724442,High
10642,1,0.075524494,Low
10643,0,0.13861087,Moderate
10644,0,0.23178136,Moderate
10645,0,0.021763809,Low
10646,1,0.17647462,Moderate
10647,0,0.39862883,High
10648,0,0.0324955,Low
10649,0,0.36665663,High
10650,1,0.041544627,Low
10651,0,0.061445452,Low
10652,0,0.12771785,Moderate
10653,0,0.16428347,Moderate
10654,0,0.060569625,Low
10655,0,0.11842651,Moderate
10656,1,0.43255597,High
10657,0,0.14155972,Moderate
10658,0,0.14163284,Moderate
10659,0,0.3238154,High
10660,1,0.33816132,High
10661,0,0.027640322,Low
10662,0,0.022691792,Low
10663,1,0.72428954,Very High
10664,1,0.76298594,Very High
10665,0,0.07638576,Low
10666,0,0.06818023,Low
10667,0,0.75088775,Very High
10668,0,0.08899618,Low
10669,0,0.14514026,Moderate
10670,0,0.32718003,High
10671,1,0.03377669,Low
10672,0,0.20251252,Moderate
10673,0,0.43462726,High
10674,0,0.12636003,Moderate
10675,0,0.12354426,Moderate
10676,1,0.20065384,Moderate
10677,0,0.059216585,Low
10678,0,0.44626978,High
10679,0,0.14851934,Moderate
10680,0,0.03992388,Low
10681,0,0.22635789,Moderate
10682,0,0.11801262,Moderate
10683,0,0.012618544,Low
10684,0,0.18479621,Moderate
10685,1,0.34762803,High
10686,0,0.0733679,Low
10687,0,0.31532338,High
10688,0,0.21642748,Moderate
10689,0,0.11151845,Moderate
10690,0,0.11108347,Moderate
10691,0,0.2766539,High
10692,0,0.033067923,Low
10693,0,0.20899954,Moderate
10694,0,0.013307073,Low
10695,0,0.052628987,Low
10696,1,0.7660371,Very High
10697,1,0.3661681,High
10698,0,0.45248228,High
10699,1,0.35171917,High
10700,0,0.07850663,Low
10701,0,0.07433054,Low
10702,1,0.8173666,Very High
10703,0,0.14039195,Moderate
10704,0,0.28561106,High
10705,0,0.057754364,Low
10706,0,0.18623802,Moderate
10707,1,0.16803406,Moderate
10708,1,0.70470977,Very High
10709,0,0.034490656,Low
10710,0,0.29274687,High
10711,1,0.6415253,Very High
10712,0,0.15307844,Moderate
10713,1,0.24763519,Moderate
10714,1,0.23288101,Moderate
10715,0,0.33371183,High
10716,1,0.6107189,Very High
10717,0,0.043889027,Low
10718,0,0.13879459,Moderate
10719,0,0.14822733,Moderate
10720,0,0.059389796,Low
10721,0,0.027211718,Low
10722,0,0.18574406,Moderate
10723,1,0.41273963,High
10724,0,0.030250601,Low
10725,0,0.11349345,Moderate
10726,0,0.06072024,Low
10727,0,0.09512473,Low
10728,0,0.12006955,Moderate
10729,0,0.7232554,Very High
10730,1,0.1557953,Moderate
10731,0,0.13688041,Moderate
10732,0,0.13082525,Moderate
10733,1,0.02010195,Low
10734,0,0.043575045,Low
10735,0,0.073064096,Low
10736,0,0.08086643,Low
10737,0,0.2133559,Moderate
10738,0,0.25167182,High
10739,0,0.13098292,Moderate
10740,1,0.6298461,Very High
10741,1,0.43451744,High
10742,1,0.4453441,High
10743,0,0.10560805,Moderate
10744,0,0.2177271,Moderate
10745,1,0.9185387,Very High
10746,0,0.11679475,Moderate
10747,0,0.2169576,Moderate
10748,0,0.039224375,Low
10749,1,0.2813941,High
10750,0,0.4554861,High
10751,1,0.2684889,High
10752,1,0.20653276,Moderate
10753,0,0.035691015,Low
10754,1,0.05594884,Low
10755,0,0.092443,Low
10756,0,0.19207302,Moderate
10757,1,0.74323934,Very High
10758,0,0.15160604,Moderate
10759,0,0.80724597,Very High
10760,0,0.38498828,High
10761,0,0.16024125,Moderate
10762,1,0.14208998,Moderate
10763,1,0.1592363,Moderate
10764,0,0.2891615,High
10765,0,0.19980423,Moderate
10766,0,0.670799,Very High
10767,0,0.10150873,Moderate
10768,0,0.12980491,Moderate
10769,1,0.7140578,Very High
10770,0,0.17314982,Moderate
10771,0,0.65606165,Very High
10772,0,0.60752624,Very High
10773,0,0.35583535,High
10774,0,0.4041553,High
10775,0,0.10332883,Moderate
10776,1,0.7368637,Very High
10777,0,0.4671627,High
10778,0,0.165649,Moderate
10779,0,0.06663813,Low
10780,0,0.1284075,Moderate
10781,0,0.27689946,High
10782,0,0.061959546,Low
10783,0,0.23740426,Moderate
10784,0,0.094116256,Low
10785,0,0.73489803,Very High
10786,0,0.11581716,Moderate
10787,0,0.15736371,Moderate
10788,0,0.15539362,Moderate
10789,0,0.13307111,Moderate
10790,0,0.21769692,Moderate
10791,0,0.14949825,Moderate
10792,0,0.17117727,Moderate
10793,1,0.19425672,Moderate
10794,1,0.24099159,Moderate
10795,0,0.25308803,High
10796,0,0.068060726,Low
10797,0,0.068065144,Low
10798,0,0.137148,Moderate
10799,0,0.097974956,Low
10800,0,0.13521339,Moderate
10801,0,0.0675038,Low
10802,1,0.8822325,Very High
10803,1,0.046417966,Low
10804,1,0.83088964,Very High
10805,0,0.10365003,Moderate
10806,0,0.037956066,Low
10807,0,0.10307606,Moderate
10808,0,0.14860755,Moderate
10809,0,0.1073986,Moderate
10810,0,0.2198124,Moderate
10811,0,0.043039326,Low
10812,0,0.07428003,Low
10813,0,0.06743762,Low
10814,0,0.069343604,Low
10815,1,0.12649843,Moderate
10816,1,0.6129348,Very High
10817,0,0.10738548,Moderate
10818,0,0.47499084,High
10819,1,0.7657243,Very High
10820,0,0.19411843,Moderate
10821,0,0.11260215,Moderate
10822,0,0.25631413,High
10823,1,0.7473868,Very High
10824,0,0.119397305,Moderate
10825,0,0.13895018,Moderate
10826,0,0.103162006,Moderate
10827,0,0.35690463,High
10828,0,0.23933977,Moderate
10829,0,0.11470791,Moderate
10830,0,0.11211956,Moderate
10831,1,0.6989964,Very High
10832,0,0.16753577,Moderate
10833,0,0.0662402,Low
10834,1,0.15406144,Moderate
10835,0,0.11674564,Moderate
10836,0,0.2898264,High
10837,0,0.12542027,Moderate
10838,0,0.19520162,Moderate
10839,0,0.43822774,High
10840,0,0.10777971,Moderate
10841,0,0.030631104,Low
10842,1,0.35869434,High
10843,1,0.7325272,Very High
10844,0,0.15715188,Moderate
10845,0,0.1686084,Moderate
10846,0,0.10936227,Moderate
10847,1,0.29224533,High
10848,0,0.15830436,Moderate
10849,0,0.12204253,Moderate
10850,0,0.05414382,Low
10851,1,0.1510294,Moderate
10852,0,0.11802121,Moderate
10853,1,0.14233531,Moderate
10854,1,0.19657645,Moderate
10855,0,0.107122116,Moderate
10856,0,0.11876111,Moderate
10857,0,0.0759022,Low
10858,0,0.08724452,Low
10859,0,0.09594795,Low
10860,1,0.329419,High
10861,0,0.19613597,Moderate
10862,1,0.602411,Very High
10863,0,0.2098606,Moderate
10864,0,0.10063062,Moderate
10865,0,0.10038987,Moderate
10866,0,0.13617964,Moderate
10867,0,0.052974693,Low
10868,0,0.1956697,Moderate
10869,0,0.11359514,Moderate
10870,1,0.18518533,Moderate
10871,1,0.7581482,Very High
10872,0,0.061567735,Low
10873,0,0.12130651,Moderate
10874,1,0.712173,Very High
10875,1,0.11791613,Moderate
10876,1,0.121466056,Moderate
10877,1,0.34457338,High
10878,0,0.18789317,Moderate
10879,0,0.46970427,High
10880,0,0.17520301,Moderate
10881,0,0.11866826,Moderate
10882,0,0.029552942,Low
10883,0,0.019745797,Low
10884,0,0.28544322,High
10885,0,0.11536294,Moderate
10886,0,0.40294603,High
10887,0,0.06993697,Low
10888,0,0.109139614,Moderate
10889,0,0.06630596,Low
10890,0,0.055311583,Low
10891,1,0.29016715,High
10892,0,0.10426936,Moderate
10893,0,0.11196161,Moderate
10894,0,0.27976713,High
10895,0,0.120459184,Moderate
10896,1,0.3337224,High
10897,0,0.100803785,Moderate
10898,0,0.17063594,Moderate
10899,0,0.15670298,Moderate
10900,0,0.63866293,Very High
10901,0,0.39315525,High
10902,0,0.08506857,Low
10903,0,0.172882,Moderate
10904,0,0.08982187,Low
10905,0,0.29545805,High
10906,0,0.23828475,Moderate
10907,0,0.12300114,Moderate
10908,1,0.7946436,Very High
10909,0,0.20384698,Moderate
10910,0,0.058799956,Low
10911,1,0.17914407,Moderate
10912,0,0.1043853,Moderate
10913,1,0.63078403,Very High
10914,0,0.14287432,Moderate
10915,1,0.16353998,Moderate
10916,0,0.035724416,Low
10917,0,0.26651686,High
10918,0,0.35072216,High
10919,0,0.03547485,Low
10920,0,0.093145736,Low
10921,1,0.27962768,High
10922,0,0.087647595,Low
10923,0,0.093134195,Low
10924,1,0.19195236,Moderate
10925,0,0.116754144,Moderate
10926,0,0.22804475,Moderate
10927,0,0.13117573,Moderate
10928,0,0.07358722,Low
10929,1,0.32765657,High
10930,0,0.090396,Low
10931,0,0.014844091,Low
10932,0,0.08175995,Low
10933,0,0.45047188,High
10934,0,0.1893729,Moderate
10935,0,0.19660115,Moderate
10936,0,0.25519195,High
10937,1,0.84528095,Very High
10938,0,0.029454805,Low
10939,0,0.09009419,Low
10940,0,0.042280838,Low
10941,0,0.16861087,Moderate
10942,0,0.109754734,Moderate
10943,1,0.31304386,High
10944,0,0.07116726,Low
10945,1,0.77810526,Very High
10946,0,0.03227261,Low
10947,0,0.10206299,Moderate
10948,0,0.09630337,Low
10949,1,0.1899327,Moderate
10950,1,0.130941,Moderate
10951,0,0.13627169,Moderate
10952,0,0.38079917,High
10953,0,0.11592328,Moderate
10954,0,0.15974459,Moderate
10955,0,0.033874474,Low
10956,0,0.033400036,Low
10957,0,0.25744283,High
10958,0,0.07196308,Low
10959,1,0.81529367,Very High
10960,0,0.10026335,Moderate
10961,0,0.14557542,Moderate
10962,0,0.08541715,Low
10963,1,0.14759268,Moderate
10964,1,0.8189593,Very High
10965,0,0.047912993,Low
10966,0,0.08950738,Low
10967,0,0.06151713,Low
10968,0,0.3690972,High
10969,1,0.65597343,Very High
10970,0,0.07687868,Low
10971,1,0.16164061,Moderate
10972,0,0.058887843,Low
10973,0,0.14216225,Moderate
10974,0,0.23224658,Moderate
10975,0,0.7361396,Very High
10976,0,0.054797757,Low
10977,0,0.32615167,High
10978,1,0.7050527,Very High
10979,0,0.10946888,Moderate
10980,1,0.56569815,Very High
10981,0,0.36363107,High
10982,0,0.048417248,Low
10983,0,0.5636314,Very High
10984,0,0.13457198,Moderate
10985,0,0.08421717,Low
10986,0,0.2140282,Moderate
10987,0,0.17745645,Moderate
10988,0,0.13871711,Moderate
10989,1,0.2600116,High
10990,0,0.28088397,High
10991,0,0.057446953,Low
10992,0,0.39956665,High
10993,0,0.14291117,Moderate
10994,0,0.029982256,Low
10995,1,0.4952733,High
10996,0,0.079771146,Low
10997,0,0.16691585,Moderate
10998,0,0.06313312,Low
10999,1,0.15659243,Moderate
11000,0,0.11945537,Moderate
11001,0,0.17320591,Moderate
11002,0,0.25761166,High
11003,0,0.08401782,Low
11004,0,0.24746908,Moderate
11005,0,0.10716559,Moderate
11006,1,0.25136054,High
11007,0,0.4234484,High
11008,0,0.057055473,Low
11009,0,0.57641035,Very High
11010,0,0.094808415,Low
11011,1,0.13902941,Moderate
11012,0,0.19231068,Moderate
11013,0,0.21246529,Moderate
11014,0,0.08590729,Low
11015,0,0.1708217,Moderate
11016,0,0.1501569,Moderate
11017,0,0.044808988,Low
11018,0,0.15016192,Moderate
11019,0,0.079669625,Low
11020,1,0.24024385,Moderate
11021,0,0.10653561,Moderate
11022,0,0.032420658,Low
11023,0,0.10349179,Moderate
11024,0,0.25630867,High
11025,0,0.6618507,Very High
11026,0,0.049149647,Low
11027,1,0.12713121,Moderate
11028,0,0.108229704,Moderate
11029,1,0.05942285,Low
11030,0,0.16558498,Moderate
11031,1,0.29052603,High
11032,1,0.27395242,High
11033,0,0.022103602,Low
11034,1,0.50819093,Very High
11035,1,0.73756874,Very High
11036,0,0.1258675,Moderate
11037,1,0.55762315,Very High
11038,1,0.70518553,Very High
11039,0,0.052323807,Low
11040,0,0.38498637,High
11041,1,0.49159348,High
11042,0,0.23069969,Moderate
11043,0,0.08571479,Low
11044,1,0.73316294,Very High
11045,1,0.46719095,High
11046,0,0.108749434,Moderate
11047,0,0.121467374,Moderate
11048,0,0.46317905,High
11049,0,0.11412421,Moderate
11050,0,0.75823796,Very High
11051,0,0.08729593,Low
11052,0,0.30215317,High
11053,1,0.79355603,Very High
11054,0,0.27718946,High
11055,0,0.21988603,Moderate
11056,1,0.14938822,Moderate
11057,1,0.12959859,Moderate
11058,0,0.09472734,Low
11059,0,0.0539404,Low
11060,0,0.43796334,High
11061,1,0.43860874,High
11062,1,0.14041944,Moderate
11063,1,0.33569536,High
11064,1,0.3199889,High
11065,0,0.44006205,High
11066,0,0.18179625,Moderate
11067,0,0.11347438,Moderate
11068,0,0.20714863,Moderate
11069,0,0.05738449,Low
11070,0,0.09281553,Low
11071,0,0.10935711,Moderate
11072,0,0.22272675,Moderate
11073,1,0.82591355,Very High
11074,0,0.12179933,Moderate
11075,1,0.90820843,Very High
11076,0,0.12726344,Moderate
11077,0,0.045903455,Low
11078,0,0.09219804,Low
11079,1,0.6082144,Very High
11080,0,0.2009249,Moderate
11081,1,0.16338868,Moderate
11082,0,0.1077884,Moderate
11083,0,0.18106651,Moderate
11084,1,0.4033232,High
11085,0,0.09390883,Low
11086,0,0.038729653,Low
11087,0,0.11353097,Moderate
11088,0,0.048068758,Low
11089,0,0.12227734,Moderate
11090,1,0.10597713,Moderate
11091,0,0.1143135,Moderate
11092,0,0.08052047,Low
11093,0,0.12499778,Moderate
11094,0,0.04366925,Low
11095,0,0.05513007,Low
11096,1,0.3327194,High
11097,0,0.1878248,Moderate
11098,0,0.10263111,Moderate
11099,0,0.73900026,Very High
11100,0,0.046382573,Low
11101,0,0.12610425,Moderate
11102,0,0.1120651,Moderate
11103,0,0.188776,Moderate
11104,0,0.10399265,Moderate
11105,0,0.63820153,Very High
11106,1,0.07152543,Low
11107,0,0.39870045,High
11108,0,0.055886623,Low
11109,0,0.35068843,High
11110,0,0.10324951,Moderate
11111,0,0.2551507,High
11112,0,0.15858915,Moderate
11113,0,0.28970417,High
11114,1,0.14731202,Moderate
11115,0,0.26677486,High
11116,1,0.062157743,Low
11117,0,0.2629036,High
11118,0,0.08257229,Low
11119,0,0.33586568,High
11120,0,0.31174117,High
11121,0,0.26808393,High
11122,0,0.17855887,Moderate
11123,0,0.45040125,High
11124,0,0.11179007,Moderate
11125,0,0.17759019,Moderate
11126,0,0.032974556,Low
11127,1,0.20641765,Moderate
11128,0,0.4501488,High
11129,0,0.08522766,Low
11130,0,0.14014347,Moderate
11131,0,0.5362216,Very High
11132,1,0.18345149,Moderate
11133,0,0.22137529,Moderate
11134,0,0.037265338,Low
11135,0,0.22894228,Moderate
11136,0,0.09003549,Low
11137,0,0.10270078,Moderate
11138,0,0.10611512,Moderate
11139,0,0.45650738,High
11140,0,0.22278,Moderate
11141,0,0.072900034,Low
11142,0,0.05214965,Low
11143,0,0.091216445,Low
11144,0,0.047486193,Low
11145,0,0.24776292,Moderate
11146,0,0.04494368,Low
11147,0,0.30034485,High
11148,1,0.19023031,Moderate
11149,0,0.23389333,Moderate
11150,0,0.38184845,High
11151,0,0.063754976,Low
11152,1,0.6945308,Very High
11153,0,0.03296144,Low
11154,0,0.14865041,Moderate
11155,0,0.07899599,Low
11156,0,0.09911434,Low
11157,0,0.09397043,Low
11158,0,0.14493735,Moderate
11159,0,0.11335878,Moderate
11160,0,0.041751336,Low
11161,0,0.15221362,Moderate
11162,0,0.03216958,Low
11163,0,0.12510464,Moderate
11164,0,0.15173371,Moderate
11165,0,0.09827801,Low
11166,0,0.042658705,Low
11167,0,0.5724335,Very High
11168,0,0.17794913,Moderate
11169,0,0.17150143,Moderate
11170,0,0.028806916,Low
11171,1,0.5989282,Very High
11172,1,0.44823122,High
11173,0,0.1299808,Moderate
11174,0,0.03793751,Low
11175,0,0.12203682,Moderate
11176,0,0.063597254,Low
11177,0,0.14476205,Moderate
11178,0,0.1507551,Moderate
11179,0,0.1103574,Moderate
11180,1,0.06577842,Low
11181,0,0.62051743,Very High
11182,0,0.0609314,Low
11183,0,0.43759876,High
11184,0,0.12500295,Moderate
11185,0,0.28239307,High
11186,0,0.032306366,Low
11187,1,0.17643669,Moderate
11188,0,0.24045132,Moderate
11189,0,0.028795408,Low
11190,0,0.1992529,Moderate
11191,0,0.30784068,High
11192,0,0.17443797,Moderate
11193,0,0.033455625,Low
11194,0,0.12453379,Moderate
11195,0,0.30607754,High
11196,0,0.13715388,Moderate
11197,0,0.15420848,Moderate
11198,0,0.63674885,Very High
11199,0,0.18016279,Moderate
11200,0,0.17822574,Moderate
11201,0,0.07476008,Low
11202,0,0.09927169,Low
11203,0,0.11524938,Moderate
11204,0,0.15791269,Moderate
11205,0,0.474996,High
11206,1,0.21445917,Moderate
11207,1,0.8750056,Very High
11208,0,0.17809281,Moderate
11209,0,0.10740223,Moderate
11210,0,0.11020444,Moderate
11211,0,0.17606464,Moderate
11212,1,0.71540594,Very High
11213,1,0.12771049,Moderate
11214,0,0.1756141,Moderate
11215,0,0.15550075,Moderate
11216,0,0.047724612,Low
11217,0,0.21867198,Moderate
11218,1,0.6843117,Very High
11219,0,0.15747355,Moderate
11220,0,0.3392975,High
11221,0,0.13422142,Moderate
11222,0,0.2347529,Moderate
11223,0,0.30972725,High
11224,0,0.042713743,Low
11225,1,0.14717387,Moderate
11226,0,0.4975622,High
11227,0,0.029236518,Low
11228,0,0.043724127,Low
11229,0,0.08728802,Low
11230,1,0.4495771,High
11231,1,0.3654753,High
11232,0,0.117945984,Moderate
11233,0,0.027448863,Low
11234,0,0.6490478,Very High
11235,1,0.31395084,High
11236,0,0.044273537,Low
11237,0,0.195819,Moderate
11238,0,0.19319119,Moderate
11239,0,0.100364566,Moderate
11240,0,0.6444339,Very High
11241,0,0.6243218,Very High
11242,0,0.111961894,Moderate
11243,0,0.41782027,High
11244,0,0.4827058,High
11245,0,0.068576016,Low
11246,1,0.8604653,Very High
11247,1,0.5106847,Very High
11248,0,0.07690845,Low
11249,1,0.13959578,Moderate
11250,0,0.22331566,Moderate
11251,1,0.15118788,Moderate
11252,0,0.5557951,Very High
11253,0,0.06261025,Low
11254,0,0.06135017,Low
11255,0,0.17223638,Moderate
11256,0,0.07891315,Low
11257,0,0.15487672,Moderate
11258,0,0.07502266,Low
11259,1,0.5138748,Very High
11260,0,0.59624106,Very High
11261,0,0.31020167,High
11262,0,0.63636285,Very High
11263,0,0.27551523,High
11264,0,0.37915653,High
11265,0,0.34667224,High
11266,0,0.25957513,High
11267,1,0.79399896,Very High
11268,0,0.053650558,Low
11269,0,0.18075979,Moderate
11270,0,0.04326219,Low
11271,1,0.3577158,High
11272,0,0.55732423,Very High
11273,0,0.5782217,Very High
11274,0,0.15278302,Moderate
11275,0,0.050355837,Low
11276,0,0.28170195,High
11277,1,0.19876832,Moderate
11278,1,0.27232054,High
11279,0,0.055208214,Low
11280,0,0.21065474,Moderate
11281,0,0.09050885,Low
11282,0,0.12232848,Moderate
11283,1,0.39164817,High
11284,0,0.50992775,Very High
11285,1,0.37999412,High
11286,0,0.6650618,Very High
11287,0,0.24997869,Moderate
11288,0,0.07484364,Low
11289,0,0.10519319,Moderate
11290,0,0.114545725,Moderate
11291,0,0.15516758,Moderate
11292,0,0.1195002,Moderate
11293,1,0.37375933,High
11294,1,0.6792203,Very High
11295,0,0.16471432,Moderate
11296,1,0.7581932,Very High
11297,1,0.22541693,Moderate
11298,0,0.060382377,Low
11299,0,0.04008536,Low
11300,1,0.22546504,Moderate
11301,0,0.13704523,Moderate
11302,1,0.34912547,High
11303,1,0.4229913,High
11304,1,0.2402896,Moderate
11305,0,0.11525013,Moderate
11306,1,0.17446682,Moderate
11307,0,0.623558,Very High
11308,0,0.04892317,Low
11309,0,0.15399702,Moderate
11310,0,0.05221842,Low
11311,0,0.18757075,Moderate
11312,0,0.062630646,Low
11313,0,0.026788855,Low
11314,0,0.14103341,Moderate
11315,1,0.599004,Very High
11316,0,0.073877625,Low
11317,0,0.071929805,Low
11318,0,0.047209974,Low
11319,0,0.31425023,High
11320,1,0.3301646,High
11321,0,0.088013895,Low
11322,0,0.14796376,Moderate
11323,0,0.14660463,Moderate
11324,0,0.07663881,Low
11325,1,0.11091332,Moderate
11326,0,0.14465442,Moderate
11327,0,0.076027885,Low
11328,0,0.12927036,Moderate
11329,0,0.061561715,Low
11330,0,0.16975078,Moderate
11331,0,0.09150925,Low
11332,0,0.12840688,Moderate
11333,0,0.2531079,High
11334,1,0.7582319,Very High
11335,1,0.21468024,Moderate
11336,0,0.102094196,Moderate
11337,0,0.123692304,Moderate
11338,0,0.07328879,Low
11339,1,0.29645136,High
11340,0,0.20713583,Moderate
11341,1,0.20756944,Moderate
11342,0,0.10462639,Moderate
11343,1,0.76142865,Very High
11344,1,0.6765719,Very High
11345,0,0.21579234,Moderate
11346,1,0.6823073,Very High
11347,0,0.23223971,Moderate
11348,0,0.17589703,Moderate
11349,0,0.07239368,Low
11350,0,0.040512703,Low
11351,0,0.19344893,Moderate
11352,0,0.14433369,Moderate
11353,0,0.15419933,Moderate
11354,0,0.022596093,Low
11355,1,0.23787919,Moderate
11356,0,0.13797145,Moderate
11357,0,0.5637046,Very High
11358,0,0.32402796,High
11359,0,0.1437979,Moderate
11360,1,0.6647396,Very High
11361,0,0.15757436,Moderate
11362,1,0.49084362,High
11363,0,0.2451442,Moderate
11364,0,0.05001032,Low
11365,0,0.08165146,Low
11366,0,0.091771685,Low
11367,0,0.05452975,Low
11368,1,0.33685842,High
11369,1,0.20770754,Moderate
11370,0,0.16706942,Moderate
11371,0,0.1579051,Moderate
11372,0,0.042559892,Low
11373,0,0.079975575,Low
11374,0,0.16378853,Moderate
11375,0,0.07815282,Low
11376,0,0.03943268,Low
11377,0,0.11340277,Moderate
11378,0,0.14726727,Moderate
11379,0,0.07917008,Low
11380,0,0.3601855,High
11381,0,0.1394924,Moderate
11382,1,0.061643373,Low
11383,0,0.15420772,Moderate
11384,0,0.098915555,Low
11385,0,0.060746297,Low
11386,0,0.24627198,Moderate
11387,0,0.16789612,Moderate
11388,1,0.3211661,High
11389,1,0.66896176,Very High
11390,0,0.020222718,Low
11391,0,0.099345475,Low
11392,0,0.11928101,Moderate
11393,1,0.41540164,High
11394,0,0.14214987,Moderate
11395,0,0.5851452,Very High
11396,0,0.18988706,Moderate
11397,0,0.29656965,High
11398,1,0.1762973,Moderate
11399,1,0.13116609,Moderate
11400,0,0.07274977,Low
11401,0,0.05408507,Low
11402,0,0.04369979,Low
11403,0,0.117214836,Moderate
11404,0,0.6741404,Very High
11405,0,0.20853904,Moderate
11406,0,0.04492711,Low
11407,0,0.08817283,Low
11408,0,0.08540288,Low
11409,0,0.51541346,Very High
11410,0,0.036433514,Low
11411,0,0.19033639,Moderate
11412,0,0.16960442,Moderate
11413,0,0.14357173,Moderate
11414,0,0.0661036,Low
11415,0,0.15574256,Moderate
11416,0,0.04885595,Low
11417,0,0.18904448,Moderate
11418,1,0.35837805,High
11419,0,0.33474952,High
11420,0,0.26117626,High
11421,1,0.13690475,Moderate
11422,0,0.16143256,Moderate
11423,0,0.108953565,Moderate
11424,0,0.25671026,High
11425,1,0.45023096,High
11426,0,0.32060158,High
11427,0,0.2798378,High
11428,1,0.8454272,Very High
11429,0,0.047801882,Low
11430,1,0.20341292,Moderate
11431,0,0.19896182,Moderate
11432,1,0.10739937,Moderate
11433,1,0.12207854,Moderate
11434,0,0.18083227,Moderate
11435,0,0.08916104,Low
11436,1,0.64558357,Very High
11437,1,0.60636497,Very High
11438,0,0.14669962,Moderate
11439,0,0.17725818,Moderate
11440,0,0.03914872,Low
11441,1,0.722414,Very High
11442,0,0.16286148,Moderate
11443,1,0.59097105,Very High
11444,0,0.27616912,High
11445,0,0.14465348,Moderate
11446,0,0.052801527,Low
11447,0,0.08562927,Low
11448,0,0.045313947,Low
11449,0,0.069032215,Low
11450,0,0.20845534,Moderate
11451,0,0.29400495,High
11452,1,0.70175827,Very High
11453,1,0.35350972,High
11454,0,0.25815234,High
11455,0,0.036064703,Low
11456,0,0.1392836,Moderate
11457,0,0.099153966,Low
11458,0,0.33800817,High
11459,0,0.16629224,Moderate
11460,0,0.111541905,Moderate
11461,0,0.18825224,Moderate
11462,1,0.08961983,Low
11463,1,0.52113396,Very High
11464,0,0.1618517,Moderate
11465,1,0.7527089,Very High
11466,0,0.15495229,Moderate
11467,0,0.09024076,Low
11468,1,0.47803795,High
11469,0,0.15519503,Moderate
11470,0,0.11337584,Moderate
11471,0,0.18117921,Moderate
11472,1,0.67822266,Very High
11473,1,0.78115934,Very High
11474,1,0.13131961,Moderate
11475,0,0.13019127,Moderate
11476,0,0.27057502,High
11477,0,0.07142453,Low
11478,1,0.49107453,High
11479,0,0.08897481,Low
11480,0,0.03211763,Low
11481,0,0.07317295,Low
11482,0,0.089106284,Low
11483,0,0.08414607,Low
11484,0,0.106431305,Moderate
11485,1,0.7595113,Very High
11486,0,0.66552556,Very High
11487,0,0.2388916,Moderate
11488,0,0.043695893,Low
11489,0,0.09907489,Low
11490,0,0.082941525,Low
11491,0,0.02084359,Low
11492,0,0.059359577,Low
11493,0,0.119341806,Moderate
11494,0,0.24996078,Moderate
11495,0,0.12191902,Moderate
11496,0,0.101673454,Moderate
11497,0,0.10165393,Moderate
11498,1,0.7399335,Very High
11499,0,0.21008956,Moderate
11500,0,0.21431066,Moderate
11501,0,0.079386204,Low
11502,0,0.2423695,Moderate
11503,1,0.1395307,Moderate
11504,0,0.36027756,High
11505,0,0.17996405,Moderate
11506,0,0.20981361,Moderate
11507,0,0.256359,High
11508,0,0.2450189,Moderate
11509,0,0.06347183,Low
11510,0,0.05951919,Low
11511,0,0.7610643,Very High
11512,0,0.2112226,Moderate
11513,0,0.0919656,Low
11514,0,0.044930812,Low
11515,0,0.09750865,Low
11516,0,0.16326424,Moderate
11517,1,0.7389642,Very High
11518,0,0.03756128,Low
11519,0,0.15024416,Moderate
11520,1,0.30963323,High
11521,0,0.033584677,Low
11522,0,0.17547074,Moderate
11523,0,0.16781375,Moderate
11524,0,0.094166346,Low
11525,0,0.09597293,Low
11526,0,0.111659914,Moderate
11527,0,0.08381647,Low
11528,0,0.6865648,Very High
11529,0,0.056982275,Low
11530,0,0.2668034,High
11531,0,0.09053947,Low
11532,0,0.045194022,Low
11533,0,0.118515275,Moderate
11534,0,0.10785557,Moderate
11535,0,0.20917895,Moderate
11536,0,0.038202375,Low
11537,0,0.051902104,Low
11538,1,0.24801707,Moderate
11539,0,0.27258778,High
11540,1,0.35003856,High
11541,0,0.1279835,Moderate
11542,0,0.04437754,Low
11543,0,0.07106809,Low
11544,1,0.1464395,Moderate
11545,1,0.11393097,Moderate
11546,0,0.14104094,Moderate
11547,0,0.11085426,Moderate
11548,0,0.041968565,Low
11549,0,0.10112527,Moderate
11550,1,0.10723102,Moderate
11551,0,0.43860874,High
11552,0,0.29751146,High
11553,0,0.29109237,High
11554,0,0.02108393,Low
11555,1,0.7203345,Very High
11556,0,0.09869988,Low
11557,0,0.148204,Moderate
11558,0,0.15252441,Moderate
11559,0,0.8305033,Very High
11560,1,0.5133292,Very High
11561,0,0.09777003,Low
11562,1,0.36619368,High
11563,0,0.1115476,Moderate
11564,0,0.07654322,Low
11565,0,0.17254812,Moderate
11566,0,0.13500226,Moderate
11567,0,0.12580955,Moderate
11568,0,0.026200116,Low
11569,1,0.14933829,Moderate
11570,0,0.087004915,Low
11571,1,0.21476,Moderate
11572,0,0.336268,High
11573,0,0.11312183,Moderate
11574,0,0.3041807,High
11575,0,0.08804854,Low
11576,0,0.04628104,Low
11577,1,0.3920462,High
11578,0,0.4966944,High
11579,1,0.034856092,Low
11580,0,0.129754,Moderate
11581,0,0.055072743,Low
11582,1,0.66134006,Very High
11583,0,0.056156516,Low
11584,0,0.09282836,Low
11585,0,0.6292003,Very High
11586,1,0.79388565,Very High
11587,0,0.34805784,High
11588,0,0.12825063,Moderate
11589,0,0.1590139,Moderate
11590,1,0.5537962,Very High
11591,0,0.679945,Very High
11592,0,0.36216694,High
11593,0,0.17407319,Moderate
11594,0,0.056603264,Low
11595,0,0.10861888,Moderate
11596,0,0.117107935,Moderate
11597,0,0.15893738,Moderate
11598,0,0.089017555,Low
11599,0,0.16944866,Moderate
11600,0,0.09481262,Low
11601,0,0.06390017,Low
11602,1,0.059649084,Low
11603,0,0.24154542,Moderate
11604,0,0.04826719,Low
11605,0,0.03874732,Low
11606,0,0.2540045,High
11607,0,0.04428962,Low
11608,0,0.08570313,Low
11609,0,0.42133948,High
11610,0,0.102048464,Moderate
11611,0,0.1441063,Moderate
11612,0,0.08960271,Low
11613,0,0.06448136,Low
11614,0,0.24456249,Moderate
11615,0,0.19440326,Moderate
11616,1,0.22920093,Moderate
11617,1,0.8134618,Very High
11618,1,0.31562454,High
11619,0,0.20358948,Moderate
11620,0,0.186726,Moderate
11621,0,0.08911938,Low
11622,1,0.22481172,Moderate
11623,1,0.397997,High
11624,0,0.12605418,Moderate
11625,0,0.018276585,Low
11626,1,0.8207288,Very High
11627,0,0.046827704,Low
11628,0,0.17951214,Moderate
11629,0,0.20915654,Moderate
11630,0,0.16414104,Moderate
11631,0,0.050310876,Low
11632,0,0.11278137,Moderate
11633,0,0.043771964,Low
11634,0,0.1050014,Moderate
11635,0,0.0484617,Low
11636,0,0.088510856,Low
11637,1,0.17240934,Moderate
11638,0,0.11867105,Moderate
11639,0,0.15037237,Moderate
11640,1,0.3444547,High
11641,0,0.08716901,Low
11642,1,0.68825406,Very High
11643,0,0.31505975,High
11644,1,0.65459996,Very High
11645,0,0.12868427,Moderate
11646,0,0.09671689,Low
11647,0,0.0684135,Low
11648,0,0.061536714,Low
11649,0,0.22828868,Moderate
11650,1,0.14776355,Moderate
11651,1,0.6230001,Very High
11652,0,0.31298628,High
11653,0,0.25336564,High
11654,1,0.35549197,High
11655,0,0.037779246,Low
11656,0,0.1493012,Moderate
11657,0,0.20528688,Moderate
11658,0,0.13979833,Moderate
11659,1,0.65213835,Very High
11660,0,0.047156423,Low
11661,1,0.8068265,Very High
11662,1,0.80567646,Very High
11663,0,0.055915806,Low
11664,0,0.76182073,Very High
11665,0,0.017064631,Low
11666,1,0.050463717,Low
11667,1,0.5057445,Very High
11668,0,0.23721722,Moderate
11669,0,0.12151595,Moderate
11670,0,0.16784842,Moderate
11671,0,0.1813836,Moderate
11672,1,0.90710926,Very High
11673,0,0.08293935,Low
11674,0,0.121604204,Moderate
11675,0,0.03800144,Low
11676,0,0.27393854,High
11677,0,0.23816308,Moderate
11678,0,0.18237062,Moderate
11679,0,0.08930198,Low
11680,0,0.035396073,Low
11681,0,0.15511449,Moderate
11682,1,0.68031865,Very High
11683,0,0.04616529,Low
11684,1,0.14610963,Moderate
11685,0,0.21717332,Moderate
11686,0,0.08708062,Low
11687,0,0.18732868,Moderate
11688,1,0.14134766,Moderate
11689,0,0.1923387,Moderate
11690,0,0.12403641,Moderate
11691,0,0.20106272,Moderate
11692,0,0.02910071,Low
11693,0,0.5667982,Very High
11694,0,0.14555897,Moderate
11695,0,0.30473047,High
11696,0,0.24358414,Moderate
11697,1,0.331944,High
11698,1,0.18143249,Moderate
11699,0,0.08279057,Low
11700,0,0.22774994,Moderate
11701,0,0.10614181,Moderate
11702,1,0.73333657,Very High
11703,0,0.07148416,Low
11704,0,0.3241812,High
11705,1,0.7226468,Very High
11706,0,0.83279127,Very High
11707,1,0.22814503,Moderate
11708,0,0.27133808,High
11709,0,0.4856307,High
11710,0,0.10240867,Moderate
11711,0,0.32466915,High
11712,0,0.04473707,Low
11713,0,0.56331927,Very High
11714,1,0.3679987,High
11715,0,0.35135543,High
11716,1,0.20161586,Moderate
11717,1,0.78773326,Very High
11718,1,0.14986548,Moderate
11719,1,0.36429426,High
11720,1,0.80946773,Very High
11721,0,0.6880088,Very High
11722,0,0.13881747,Moderate
11723,0,0.06287951,Low
11724,0,0.083700955,Low
11725,0,0.0925008,Low
11726,1,0.084342696,Low
11727,0,0.2222428,Moderate
11728,1,0.096963145,Low
11729,0,0.04863224,Low
11730,0,0.15603924,Moderate
11731,0,0.03473513,Low
11732,0,0.18273273,Moderate
11733,0,0.34695378,High
11734,0,0.024612881,Low
11735,0,0.42480436,High
11736,0,0.10355087,Moderate
11737,1,0.080877796,Low
11738,0,0.13820748,Moderate
11739,1,0.7331747,Very High
11740,1,0.89213216,Very High
11741,1,0.21329649,Moderate
11742,0,0.23033963,Moderate
11743,0,0.18579416,Moderate
11744,0,0.5242866,Very High
11745,1,0.18673299,Moderate
11746,1,0.15630995,Moderate
11747,0,0.054030027,Low
11748,0,0.07107856,Low
11749,0,0.5538208,Very High
11750,1,0.4268664,High
11751,0,0.15758231,Moderate
11752,1,0.22309634,Moderate
11753,0,0.019450495,Low
11754,0,0.05257149,Low
11755,0,0.1947314,Moderate
11756,0,0.15732625,Moderate
11757,0,0.25974005,High
11758,0,0.36081463,High
11759,0,0.11312949,Moderate
11760,0,0.09458227,Low
11761,0,0.2628004,High
11762,0,0.06910781,Low
11763,0,0.043439597,Low
11764,1,0.2168474,Moderate
11765,0,0.14616731,Moderate
11766,0,0.038158562,Low
11767,0,0.3637738,High
11768,1,0.20965701,Moderate
11769,0,0.031196032,Low
11770,1,0.33709306,High
11771,0,0.062624626,Low
11772,0,0.3646786,High
11773,0,0.16129619,Moderate
11774,0,0.18210977,Moderate
11775,0,0.108617954,Moderate
11776,1,0.4427261,High
11777,0,0.6969972,Very High
11778,0,0.120197214,Moderate
11779,0,0.102892175,Moderate
11780,1,0.5131269,Very High
11781,0,0.08396635,Low
11782,0,0.06810738,Low
11783,0,0.042387247,Low
11784,0,0.12802367,Moderate
11785,0,0.6164883,Very High
11786,0,0.22996297,Moderate
11787,0,0.19198187,Moderate
11788,1,0.10074581,Moderate
11789,0,0.08483303,Low
11790,0,0.13231093,Moderate
11791,0,0.16764143,Moderate
11792,0,0.10531731,Moderate
11793,0,0.09052276,Low
11794,1,0.37678975,High
11795,1,0.33170867,High
11796,0,0.017710757,Low
11797,1,0.20621787,Moderate
11798,0,0.05190255,Low
11799,0,0.08072614,Low
11800,0,0.100409545,Moderate
11801,0,0.1457244,Moderate
11802,0,0.12008302,Moderate
11803,1,0.74915767,Very High
11804,0,0.4995169,High
11805,0,0.15857019,Moderate
11806,1,0.11508606,Moderate
11807,0,0.05225893,Low
11808,1,0.09923055,Low
11809,0,0.18883276,Moderate
11810,0,0.07633168,Low
11811,0,0.18349822,Moderate
11812,0,0.0736568,Low
11813,0,0.08100074,Low
11814,1,0.4004647,High
11815,0,0.117020175,Moderate
11816,0,0.13947923,Moderate
11817,0,0.1372333,Moderate
11818,0,0.74265885,Very High
11819,0,0.11192208,Moderate
11820,0,0.03781964,Low
11821,0,0.18886605,Moderate
11822,0,0.3443505,High
11823,0,0.14503224,Moderate
11824,0,0.107694976,Moderate
11825,0,0.4605937,High
11826,1,0.32762006,High
11827,0,0.6241124,Very High
11828,1,0.5594926,Very High
11829,0,0.18461795,Moderate
11830,1,0.82207346,Very High
11831,1,0.48563802,High
11832,0,0.22248127,Moderate
11833,0,0.041500013,Low
11834,0,0.013172508,Low
11835,0,0.68123853,Very High
11836,0,0.13222758,Moderate
11837,0,0.13825117,Moderate
11838,1,0.6056967,Very High
11839,0,0.02287621,Low
11840,0,0.12647009,Moderate
11841,0,0.09414122,Low
11842,0,0.14850838,Moderate
11843,0,0.12279075,Moderate
11844,0,0.06406357,Low
11845,0,0.6428222,Very High
11846,0,0.1304218,Moderate
11847,0,0.14397945,Moderate
11848,0,0.079920724,Low
11849,0,0.062768966,Low
11850,0,0.23227698,Moderate
11851,1,0.27305555,High
11852,0,0.06711656,Low
11853,0,0.3431204,High
11854,0,0.09143674,Low
11855,1,0.80488884,Very High
11856,0,0.47828326,High
11857,0,0.37726617,High
11858,0,0.0628078,Low
11859,0,0.20944606,Moderate
11860,0,0.02775088,Low
11861,0,0.116589114,Moderate
11862,0,0.17823169,Moderate
11863,1,0.06741999,Low
11864,0,0.30015042,High
11865,0,0.2654851,High
11866,0,0.13058922,Moderate
11867,0,0.041445997,Low
11868,0,0.5769133,Very High
11869,0,0.41788614,High
11870,0,0.17905,Moderate
11871,1,0.24176723,Moderate
11872,0,0.11192982,Moderate
11873,0,0.10617242,Moderate
11874,0,0.6147714,Very High
11875,0,0.7028702,Very High
11876,0,0.037185896,Low
11877,0,0.17852636,Moderate
11878,0,0.037534382,Low
11879,0,0.053789206,Low
11880,0,0.06889256,Low
11881,0,0.07033903,Low
11882,0,0.033636793,Low
11883,0,0.13726905,Moderate
11884,0,0.057235025,Low
11885,0,0.10619543,Moderate
11886,0,0.092066474,Low
11887,0,0.12388418,Moderate
11888,0,0.27606004,High
11889,0,0.10842798,Moderate
11890,0,0.20656607,Moderate
11891,0,0.16738041,Moderate
11892,0,0.33507115,High
11893,0,0.35992733,High
11894,0,0.10817603,Moderate
11895,0,0.16140552,Moderate
11896,0,0.22558133,Moderate
11897,0,0.06464877,Low
11898,0,0.21452594,Moderate
11899,0,0.099886686,Low
11900,0,0.12607992,Moderate
11901,0,0.36362222,High
11902,0,0.17660475,Moderate
11903,0,0.53672916,Very High
11904,0,0.046229582,Low
11905,1,0.2933274,High
11906,0,0.06639426,Low
11907,1,0.19951275,Moderate
11908,1,0.8176047,Very High
11909,0,0.07995726,Low
11910,0,0.14214581,Moderate
11911,0,0.16024119,Moderate
11912,0,0.23642965,Moderate
11913,0,0.10303362,Moderate
11914,1,0.38937682,High
11915,0,0.20371558,Moderate
11916,0,0.021830108,Low
11917,0,0.04352672,Low
11918,0,0.3299479,High
11919,0,0.12669,Moderate
11920,0,0.30620632,High
11921,0,0.2280924,Moderate
11922,0,0.39494145,High
11923,0,0.10688864,Moderate
11924,0,0.10035981,Moderate
11925,0,0.060199287,Low
11926,0,0.042854678,Low
11927,0,0.64497644,Very High
11928,0,0.24254166,Moderate
11929,0,0.13521846,Moderate
11930,0,0.4403477,High
11931,0,0.09678286,Low
11932,0,0.049353417,Low
11933,0,0.17765674,Moderate
11934,0,0.22530703,Moderate
11935,0,0.09552695,Low
11936,0,0.19555189,Moderate
11937,0,0.162233,Moderate
11938,1,0.31427312,High
11939,1,0.20667388,Moderate
11940,0,0.03314113,Low
11941,0,0.02887843,Low
11942,0,0.13982195,Moderate
11943,0,0.50314003,Very High
11944,0,0.13032585,Moderate
11945,0,0.04454546,Low
11946,0,0.17705293,Moderate
11947,1,0.38723975,High
11948,0,0.11217464,Moderate
11949,0,0.045613658,Low
11950,0,0.296414,High
11951,0,0.1590223,Moderate
11952,0,0.040106546,Low
11953,1,0.13399753,Moderate
11954,0,0.21208471,Moderate
11955,1,0.06321666,Low
11956,0,0.17336158,Moderate
11957,0,0.10853749,Moderate
11958,0,0.1719798,Moderate
11959,0,0.12191854,Moderate
11960,1,0.66822624,Very High
11961,0,0.040528517,Low
11962,0,0.020115964,Low
11963,1,0.37408164,High
11964,1,0.27259117,High
11965,1,0.18056133,Moderate
11966,0,0.08810557,Low
11967,0,0.08257569,Low
11968,0,0.09158814,Low
11969,1,0.51265174,Very High
11970,0,0.027624572,Low
11971,1,0.26020533,High
11972,1,0.37578136,High
11973,0,0.16068843,Moderate
11974,0,0.17403485,Moderate
11975,0,0.04474774,Low
11976,0,0.17424403,Moderate
11977,0,0.28800315,High
11978,0,0.6384968,Very High
11979,0,0.046522234,Low
11980,0,0.14578702,Moderate
11981,1,0.1641944,Moderate
11982,1,0.087710306,Low
11983,0,0.17581195,Moderate
11984,0,0.4096121,High
11985,1,0.16236103,Moderate
11986,0,0.11597427,Moderate
11987,0,0.052644737,Low
11988,1,0.8419756,Very High
11989,0,0.1891635,Moderate
11990,0,0.08393853,Low
11991,0,0.14271273,Moderate
11992,0,0.3386531,High
11993,0,0.08369329,Low
11994,0,0.75346243,Very High
11995,0,0.21977407,Moderate
11996,1,0.13589595,Moderate
11997,0,0.16976073,Moderate
11998,0,0.21795514,Moderate
11999,0,0.119151704,Moderate
12000,1,0.56295764,Very High
12001,0,0.14765817,Moderate
12002,0,0.07823194,Low
12003,1,0.3589087,High
12004,0,0.23654117,Moderate
12005,0,0.1221763,Moderate
12006,1,0.5402795,Very High
12007,1,0.5953721,Very High
12008,0,0.08930916,Low
12009,0,0.16299415,Moderate
12010,1,0.24217777,Moderate
12011,0,0.7414292,Very High
12012,0,0.18890356,Moderate
12013,0,0.11741923,Moderate
12014,0,0.06547376,Low
12015,0,0.12206913,Moderate
12016,1,0.43851864,High
12017,0,0.1471914,Moderate
12018,1,0.8094914,Very High
12019,1,0.89905286,Very High
12020,0,0.121764846,Moderate
12021,0,0.16102238,Moderate
12022,1,0.6247804,Very High
12023,0,0.31455445,High
12024,0,0.15473232,Moderate
12025,1,0.717527,Very High
12026,0,0.06444848,Low
12027,1,0.1669852,Moderate
12028,0,0.07833926,Low
12029,0,0.45140612,High
12030,1,0.48567784,High
12031,1,0.171615,Moderate
12032,0,0.30183157,High
12033,0,0.08371765,Low
12034,0,0.036523633,Low
12035,0,0.22293952,Moderate
12036,0,0.77826464,Very High
12037,0,0.08653769,Low
12038,0,0.042396065,Low
12039,0,0.03672649,Low
12040,1,0.74665225,Very High
12041,0,0.042833474,Low
12042,0,0.48828918,High
12043,0,0.14305769,Moderate
12044,0,0.31850827,High
12045,0,0.15120105,Moderate
12046,0,0.10507198,Moderate
12047,0,0.13604175,Moderate
12048,0,0.13795726,Moderate
12049,0,0.36822936,High
12050,0,0.13349654,Moderate
12051,0,0.032072756,Low
12052,0,0.48872745,High
12053,0,0.10072743,Moderate
12054,1,0.6259476,Very High
12055,1,0.2819267,High
12056,0,0.07013911,Low
12057,0,0.14035025,Moderate
12058,0,0.06380117,Low
12059,0,0.1535734,Moderate
12060,0,0.045434467,Low
12061,0,0.11860045,Moderate
12062,0,0.08732484,Low
12063,0,0.32785156,High
12064,0,0.044914383,Low
12065,0,0.28694654,High
12066,0,0.19809774,Moderate
12067,1,0.7683755,Very High
12068,1,0.27776197,High
12069,1,0.45471215,High
12070,0,0.09953672,Low
12071,1,0.13579762,Moderate
12072,0,0.22255059,Moderate
12073,1,0.7808104,Very High
12074,0,0.042304255,Low
12075,0,0.21517394,Moderate
12076,0,0.26139504,High
12077,0,0.07498431,Low
12078,0,0.25310278,High
12079,0,0.35406622,High
12080,0,0.015648989,Low
12081,0,0.21354578,Moderate
12082,0,0.031700272,Low
12083,0,0.13165972,Moderate
12084,1,0.7339433,Very High
12085,1,0.23767371,Moderate
12086,1,0.094794415,Low
12087,0,0.18924382,Moderate
12088,0,0.4033232,High
12089,0,0.05097966,Low
12090,0,0.34216464,High
12091,0,0.4531581,High
12092,0,0.07074967,Low
12093,0,0.09838926,Low
12094,0,0.7649414,Very High
12095,0,0.11124169,Moderate
12096,0,0.04917808,Low
12097,0,0.5742565,Very High
12098,0,0.063993394,Low
12099,0,0.24493253,Moderate
12100,0,0.04263725,Low
12101,0,0.52726746,Very High
12102,0,0.18038449,Moderate
12103,0,0.1896104,Moderate
12104,0,0.09504102,Low
12105,0,0.26273134,High
12106,0,0.062825136,Low
12107,0,0.06821061,Low
12108,1,0.10427368,Moderate
12109,0,0.10062856,Moderate
12110,0,0.03284755,Low
12111,0,0.05172585,Low
12112,0,0.032706164,Low
12113,0,0.07567248,Low
12114,0,0.055376105,Low
12115,0,0.08575628,Low
12116,0,0.08168235,Low
12117,0,0.17311586,Moderate
12118,0,0.23563987,Moderate
12119,0,0.04746821,Low
12120,0,0.55383706,Very High
12121,0,0.49053767,High
12122,1,0.5573883,Very High
12123,0,0.061804295,Low
12124,1,0.7677166,Very High
12125,0,0.05267663,Low
12126,0,0.5490908,Very High
12127,0,0.07759827,Low
12128,0,0.06669737,Low
12129,1,0.20343918,Moderate
12130,0,0.16388823,Moderate
12131,0,0.04014856,Low
12132,1,0.69270664,Very High
12133,0,0.039894536,Low
12134,0,0.06510843,Low
12135,0,0.10764832,Moderate
12136,0,0.10915207,Moderate
12137,0,0.0509052,Low
12138,0,0.08225385,Low
12139,1,0.109965615,Moderate
12140,0,0.10377887,Moderate
12141,0,0.21173832,Moderate
12142,0,0.27100128,High
12143,1,0.608583,Very High
12144,0,0.10051703,Moderate
12145,0,0.43787998,High
12146,0,0.21738744,Moderate
12147,0,0.08842987,Low
12148,0,0.047931492,Low
12149,0,0.045087937,Low
12150,0,0.421795,High
12151,0,0.17790195,Moderate
12152,1,0.3098785,High
12153,1,0.23779099,Moderate
12154,0,0.13853593,Moderate
12155,0,0.57298595,Very High
12156,1,0.51275814,Very High
12157,0,0.30321962,High
12158,0,0.3422027,High
12159,0,0.31487837,High
12160,1,0.5159593,Very High
12161,0,0.36246523,High
12162,0,0.046653233,Low
12163,1,0.79100037,Very High
12164,0,0.56201273,Very High
12165,0,0.08151218,Low
12166,0,0.056908965,Low
12167,0,0.08844352,Low
12168,0,0.06340936,Low
12169,0,0.096161276,Low
12170,1,0.39770254,High
12171,0,0.13333495,Moderate
12172,1,0.10044491,Moderate
12173,0,0.16314906,Moderate
12174,0,0.090025805,Low
12175,1,0.22152983,Moderate
12176,0,0.044391356,Low
12177,1,0.72827464,Very High
12178,0,0.046569154,Low
12179,0,0.04839582,Low
12180,0,0.119063064,Moderate
12181,0,0.14246601,Moderate
12182,0,0.052806318,Low
12183,0,0.063118696,Low
12184,0,0.048224032,Low
12185,0,0.14065942,Moderate
12186,0,0.08801415,Low
12187,0,0.1745214,Moderate
12188,0,0.09817051,Low
12189,1,0.13280603,Moderate
12190,0,0.104499385,Moderate
12191,0,0.06799813,Low
12192,1,0.8058472,Very High
12193,0,0.44961262,High
12194,0,0.296555,High
12195,1,0.25799972,High
12196,0,0.561297,Very High
12197,1,0.704119,Very High
12198,1,0.28485766,High
12199,0,0.08127416,Low
12200,0,0.1278683,Moderate
12201,0,0.13411959,Moderate
12202,1,0.4609239,High
12203,0,0.28140056,High
12204,0,0.04699504,Low
12205,0,0.0715078,Low
12206,1,0.61465126,Very High
12207,0,0.4230004,High
12208,0,0.10820798,Moderate
12209,0,0.19212094,Moderate
12210,0,0.06339475,Low
12211,0,0.09660474,Low
12212,1,0.14473662,Moderate
12213,0,0.15404682,Moderate
12214,0,0.13179849,Moderate
12215,0,0.3110239,High
12216,0,0.08867456,Low
12217,1,0.8480007,Very High
12218,0,0.22097717,Moderate
12219,0,0.029755153,Low
12220,0,0.14058156,Moderate
12221,0,0.10577912,Moderate
12222,0,0.06088674,Low
12223,1,0.6277357,Very High
12224,1,0.13734384,Moderate
12225,1,0.69732034,Very High
12226,0,0.12636656,Moderate
12227,0,0.052018303,Low
12228,0,0.021869116,Low
12229,0,0.074800596,Low
12230,0,0.055666734,Low
12231,0,0.43894905,High
12232,0,0.34490553,High
12233,0,0.11300599,Moderate
12234,0,0.14058301,Moderate
12235,1,0.24999899,Moderate
12236,1,0.7103021,Very High
12237,1,0.7701058,Very High
12238,0,0.6811981,Very High
12239,1,0.29612836,High
12240,1,0.07263353,Low
12241,0,0.18853368,Moderate
12242,0,0.044189002,Low
12243,0,0.10627052,Moderate
12244,1,0.048611794,Low
12245,0,0.039573986,Low
12246,0,0.14427708,Moderate
12247,0,0.15602452,Moderate
12248,0,0.038928777,Low
12249,0,0.048643153,Low
12250,1,0.11476192,Moderate
12251,0,0.032909457,Low
12252,0,0.2729007,High
12253,0,0.36973375,High
12254,0,0.028559918,Low
12255,0,0.16368409,Moderate
12256,1,0.30524728,High
12257,0,0.12678298,Moderate
12258,0,0.2956147,High
12259,0,0.13340953,Moderate
12260,0,0.18465443,Moderate
12261,0,0.58095056,Very High
12262,0,0.01857064,Low
12263,0,0.37709016,High
12264,0,0.7394427,Very High
12265,0,0.35322884,High
12266,0,0.12277545,Moderate
12267,0,0.19409154,Moderate
12268,0,0.12827627,Moderate
12269,1,0.6154539,Very High
12270,0,0.11131988,Moderate
12271,0,0.15359056,Moderate
12272,0,0.06418029,Low
12273,0,0.041716952,Low
12274,0,0.18921313,Moderate
12275,1,0.6885823,Very High
12276,0,0.101197265,Moderate
12277,0,0.040508386,Low
12278,0,0.07713419,Low
12279,1,0.5547073,Very High
12280,0,0.11911486,Moderate
12281,0,0.43528473,High
12282,1,0.7460249,Very High
12283,0,0.16179381,Moderate
12284,1,0.1171934,Moderate
12285,0,0.06859107,Low
12286,0,0.13862273,Moderate
12287,0,0.70124054,Very High
12288,0,0.19401392,Moderate
12289,0,0.26409632,High
12290,0,0.112298064,Moderate
12291,0,0.08647833,Low
12292,0,0.12098863,Moderate
12293,1,0.11747395,Moderate
12294,0,0.034837708,Low
12295,0,0.17969637,Moderate
12296,0,0.12328382,Moderate
12297,1,0.06313964,Low
12298,1,0.6682509,Very High
12299,0,0.24747176,Moderate
12300,0,0.09742232,Low
12301,0,0.1086171,Moderate
12302,0,0.5382619,Very High
12303,1,0.5079694,Very High
12304,0,0.119793706,Moderate
12305,0,0.07586136,Low
12306,0,0.22889298,Moderate
12307,0,0.07977309,Low
12308,1,0.6496485,Very High
12309,0,0.09917895,Low
12310,1,0.1864222,Moderate
12311,0,0.044667196,Low
12312,0,0.025972854,Low
12313,0,0.14179407,Moderate
12314,0,0.08409188,Low
12315,0,0.06751447,Low
12316,0,0.22103283,Moderate
12317,0,0.049603,Low
12318,0,0.034533523,Low
12319,1,0.72994715,Very High
12320,0,0.04867492,Low
12321,0,0.23377901,Moderate
12322,0,0.17988908,Moderate
12323,1,0.15407778,Moderate
12324,0,0.112429336,Moderate
12325,0,0.12627535,Moderate
12326,0,0.11758165,Moderate
12327,0,0.048643626,Low
12328,0,0.3827168,High
12329,0,0.06699276,Low
12330,1,0.2418549,Moderate
12331,0,0.18520634,Moderate
12332,0,0.18499695,Moderate
12333,0,0.19793144,Moderate
12334,1,0.19485988,Moderate
12335,0,0.23346727,Moderate
12336,0,0.13706905,Moderate
12337,0,0.11130456,Moderate
12338,0,0.020116251,Low
12339,0,0.2575369,High
12340,0,0.085933745,Low
12341,0,0.07724986,Low
12342,0,0.14034352,Moderate
12343,0,0.18195476,Moderate
12344,0,0.06611229,Low
12345,1,0.5902425,Very High
12346,1,0.72807765,Very High
12347,1,0.70272523,Very High
12348,0,0.14691159,Moderate
12349,0,0.09432042,Low
12350,0,0.11111125,Moderate
12351,0,0.19266851,Moderate
12352,0,0.08742587,Low
12353,1,0.05037563,Low
12354,0,0.7360308,Very High
12355,0,0.13666765,Moderate
12356,0,0.07824853,Low
12357,0,0.10667228,Moderate
12358,0,0.05922813,Low
12359,0,0.093267046,Low
12360,0,0.18642822,Moderate
12361,0,0.13785613,Moderate
12362,0,0.56190914,Very High
12363,1,0.4529367,High
12364,0,0.052871276,Low
12365,0,0.35735732,High
12366,0,0.05367419,Low
12367,0,0.09958775,Low
12368,1,0.7170857,Very High
12369,0,0.117944166,Moderate
12370,1,0.75760686,Very High
12371,0,0.074137986,Low
12372,1,0.46065333,High
12373,0,0.15325171,Moderate
12374,0,0.04933872,Low
12375,1,0.7624667,Very High
12376,1,0.113842286,Moderate
12377,0,0.11470322,Moderate
12378,0,0.08312667,Low
12379,0,0.33495945,High
12380,0,0.09182673,Low
12381,0,0.06264244,Low
12382,1,0.33487314,High
12383,0,0.17038415,Moderate
12384,0,0.101890154,Moderate
12385,1,0.50460476,Very High
12386,0,0.0821352,Low
12387,1,0.40328187,High
12388,0,0.3693383,High
12389,1,0.3185297,High
12390,0,0.19076692,Moderate
12391,0,0.4463555,High
12392,1,0.7155228,Very High
12393,1,0.7893985,Very High
12394,0,0.15691069,Moderate
12395,1,0.6146523,Very High
12396,0,0.130063,Moderate
12397,0,0.08017185,Low
12398,0,0.10912126,Moderate
12399,0,0.1330969,Moderate
12400,0,0.15464179,Moderate
12401,0,0.38493177,High
12402,0,0.033832256,Low
12403,1,0.071792826,Low
12404,1,0.09383985,Low
12405,0,0.07727849,Low
12406,0,0.2099026,Moderate
12407,1,0.80307233,Very High
12408,0,0.05013919,Low
12409,1,0.75065655,Very High
12410,0,0.046105698,Low
12411,0,0.040356636,Low
12412,0,0.17960101,Moderate
12413,0,0.18412389,Moderate
12414,0,0.18249467,Moderate
12415,0,0.18801118,Moderate
12416,0,0.07847142,Low
12417,1,0.53447306,Very High
12418,0,0.16215977,Moderate
12419,0,0.18517813,Moderate
12420,0,0.04249538,Low
12421,0,0.027270792,Low
12422,0,0.10221121,Moderate
12423,0,0.10014126,Moderate
12424,0,0.41534695,High
12425,0,0.047468178,Low
12426,0,0.0894493,Low
12427,0,0.15540262,Moderate
12428,0,0.10088801,Moderate
12429,0,0.06339673,Low
12430,0,0.11715077,Moderate
12431,1,0.81439847,Very High
12432,0,0.058729094,Low
12433,0,0.81439847,Very High
12434,0,0.17525452,Moderate
12435,0,0.05124,Low
12436,1,0.05726272,Low
12437,0,0.11641681,Moderate
12438,0,0.17198864,Moderate
12439,0,0.15031995,Moderate
12440,0,0.11096375,Moderate
12441,0,0.061682,Low
12442,0,0.06331717,Low
12443,0,0.114367224,Moderate
12444,0,0.052176513,Low
12445,1,0.31395084,High
12446,0,0.03708914,Low
12447,0,0.07534839,Low
12448,0,0.6187839,Very High
12449,0,0.3427269,High
12450,0,0.09064652,Low
12451,1,0.2910817,High
12452,1,0.18625045,Moderate
12453,0,0.197876,Moderate
12454,1,0.4351894,High
12455,0,0.09224415,Low
12456,0,0.30398583,High
12457,1,0.39566535,High
12458,0,0.1400319,Moderate
12459,0,0.18889512,Moderate
12460,0,0.05347031,Low
12461,0,0.11521006,Moderate
12462,0,0.18780904,Moderate
12463,0,0.5443578,Very High
12464,0,0.089915745,Low
12465,0,0.07883331,Low
12466,1,0.43226066,High
12467,0,0.082615905,Low
12468,0,0.25170773,High
12469,0,0.6642889,Very High
12470,0,0.056037933,Low
12471,0,0.4492984,High
12472,0,0.30679908,High
12473,0,0.08574884,Low
12474,0,0.049250025,Low
12475,0,0.06643398,Low
12476,0,0.052397795,Low
12477,0,0.052292537,Low
12478,0,0.047832996,Low
12479,0,0.18120572,Moderate
12480,0,0.17232859,Moderate
12481,0,0.12442314,Moderate
12482,1,0.72082245,Very High
12483,0,0.2041559,Moderate
12484,0,0.06410165,Low
12485,0,0.15997879,Moderate
12486,0,0.30632737,High
12487,0,0.07171069,Low
12488,0,0.09754969,Low
12489,0,0.53829914,Very High
12490,1,0.26340652,High
12491,1,0.2083266,Moderate
12492,0,0.31471187,High
12493,0,0.24914534,Moderate
12494,1,0.7244926,Very High
12495,1,0.18750076,Moderate
12496,1,0.54515105,Very High
12497,0,0.48656374,High
12498,1,0.30972624,High
12499,0,0.16513604,Moderate
12500,0,0.06417885,Low
12501,0,0.5300358,Very High
12502,0,0.08380593,Low
12503,0,0.2451855,Moderate
12504,1,0.12215395,Moderate
12505,0,0.052321963,Low
12506,0,0.03807648,Low
12507,0,0.16209914,Moderate
12508,0,0.33786193,High
12509,1,0.46246326,High
12510,0,0.20546812,Moderate
12511,0,0.12626627,Moderate
12512,0,0.14218572,Moderate
12513,0,0.20497414,Moderate
12514,0,0.17370528,Moderate
12515,0,0.08828261,Low
12516,1,0.16001226,Moderate
12517,1,0.17588168,Moderate
12518,0,0.26207197,High
12519,1,0.607998,Very High
12520,1,0.8156083,Very High
12521,1,0.43254146,High
12522,0,0.029224787,Low
12523,0,0.4611872,High
12524,0,0.108753815,Moderate
12525,0,0.75879186,Very High
12526,1,0.25757203,High
12527,1,0.12556736,Moderate
12528,0,0.23232868,Moderate
12529,0,0.10050784,Moderate
12530,0,0.029076604,Low
12531,0,0.065736584,Low
12532,0,0.14510234,Moderate
12533,0,0.72827005,Very High
12534,0,0.1934723,Moderate
12535,0,0.05072794,Low
12536,0,0.51588756,Very High
12537,1,0.1151256,Moderate
12538,0,0.22125618,Moderate
12539,0,0.06528323,Low
12540,1,0.18816186,Moderate
12541,0,0.08491775,Low
12542,1,0.7773447,Very High
12543,0,0.05493645,Low
12544,0,0.10873195,Moderate
12545,0,0.1790079,Moderate
12546,0,0.10755052,Moderate
12547,0,0.2577848,High
12548,0,0.23607144,Moderate
12549,0,0.14879143,Moderate
12550,0,0.27883512,High
12551,1,0.5108152,Very High
12552,0,0.04809376,Low
12553,1,0.18005835,Moderate
12554,1,0.19064663,Moderate
12555,0,0.13549697,Moderate
12556,1,0.16396946,Moderate
12557,1,0.38894945,High
12558,0,0.15060644,Moderate
12559,0,0.14688146,Moderate
12560,0,0.08471839,Low
12561,0,0.16153803,Moderate
12562,0,0.16653524,Moderate
12563,1,0.23406297,Moderate
12564,0,0.06294504,Low
12565,1,0.035256438,Low
12566,0,0.12979972,Moderate
12567,0,0.15519978,Moderate
12568,0,0.15708092,Moderate
12569,1,0.36768016,High
12570,0,0.16989979,Moderate
12571,0,0.15306324,Moderate
12572,0,0.0970809,Low
12573,0,0.13488613,Moderate
12574,1,0.5948684,Very High
12575,0,0.03405468,Low
12576,0,0.08412575,Low
12577,1,0.65198255,Very High
12578,0,0.09714753,Low
12579,0,0.014792535,Low
12580,0,0.040940776,Low
12581,0,0.39630693,High
12582,0,0.052737445,Low
12583,0,0.18481699,Moderate
12584,0,0.10040562,Moderate
12585,0,0.20678808,Moderate
12586,0,0.05610263,Low
12587,0,0.08189508,Low
12588,1,0.7434255,Very High
12589,1,0.74771315,Very High
12590,0,0.05544329,Low
12591,0,0.22740272,Moderate
12592,0,0.06502878,Low
12593,1,0.7505809,Very High
12594,1,0.25871682,High
12595,0,0.090252526,Low
12596,0,0.17408286,Moderate
12597,0,0.071470015,Low
12598,1,0.3226416,High
12599,0,0.4180392,High
12600,0,0.04661078,Low
12601,0,0.30288774,High
12602,0,0.16422419,Moderate
12603,0,0.08003467,Low
12604,1,0.77071637,Very High
12605,0,0.4397017,High
12606,0,0.13545299,Moderate
12607,1,0.24583995,Moderate
12608,0,0.11221543,Moderate
12609,1,0.38798457,High
12610,1,0.6687345,Very High
12611,0,0.2510754,High
12612,0,0.109816015,Moderate
12613,0,0.13545124,Moderate
12614,0,0.058870193,Low
12615,0,0.14489792,Moderate
12616,1,0.31590497,High
12617,0,0.12782338,Moderate
12618,0,0.10858521,Moderate
12619,0,0.14108294,Moderate
12620,1,0.7414704,Very High
12621,0,0.04213576,Low
12622,0,0.055219393,Low
12623,1,0.7480908,Very High
12624,0,0.13467729,Moderate
12625,0,0.041375093,Low
12626,0,0.04974566,Low
12627,0,0.12748647,Moderate
12628,1,0.20827518,Moderate
12629,0,0.2033432,Moderate
12630,0,0.3299241,High
12631,0,0.09930484,Low
12632,0,0.10711307,Moderate
12633,0,0.04004517,Low
12634,0,0.16532989,Moderate
12635,0,0.043891408,Low
12636,0,0.14140569,Moderate
12637,0,0.09917384,Low
12638,1,0.3634575,High
12639,1,0.14278087,Moderate
12640,0,0.17004271,Moderate
12641,0,0.17223345,Moderate
12642,0,0.19594768,Moderate
12643,0,0.026437242,Low
12644,0,0.2202186,Moderate
12645,1,0.68407893,Very High
12646,0,0.13148718,Moderate
12647,0,0.048481397,Low
12648,0,0.0911648,Low
12649,0,0.35003856,High
12650,0,0.12986447,Moderate
12651,0,0.03800547,Low
12652,0,0.13628589,Moderate
12653,0,0.08969453,Low
12654,0,0.028503759,Low
12655,0,0.10196191,Moderate
12656,1,0.54643613,Very High
12657,0,0.07569426,Low
12658,0,0.08235153,Low
12659,0,0.10634123,Moderate
12660,0,0.11438944,Moderate
12661,0,0.39242622,High
12662,0,0.08408301,Low
12663,0,0.1677318,Moderate
12664,1,0.5785154,Very High
12665,0,0.15145631,Moderate
12666,0,0.16234224,Moderate
12667,0,0.031715542,Low
12668,1,0.07751938,Low
12669,1,0.5412932,Very High
12670,0,0.35873348,High
12671,0,0.10537994,Moderate
12672,0,0.09553389,Low
12673,0,0.024505453,Low
12674,1,0.8689636,Very High
12675,0,0.16612436,Moderate
12676,0,0.11332935,Moderate
12677,1,0.29875556,High
12678,0,0.08149971,Low
12679,0,0.62706167,Very High
12680,0,0.047751125,Low
12681,0,0.16685632,Moderate
12682,1,0.16494828,Moderate
12683,0,0.12625608,Moderate
12684,0,0.10227734,Moderate
12685,0,0.05368832,Low
12686,0,0.31076422,High
12687,0,0.04001168,Low
12688,0,0.0888915,Low
12689,0,0.29175213,High
12690,0,0.11372982,Moderate
12691,0,0.17354481,Moderate
12692,0,0.16393448,Moderate
12693,0,0.06290208,Low
12694,0,0.08189603,Low
12695,0,0.6176033,Very High
12696,0,0.2320144,Moderate
12697,0,0.0873731,Low
12698,0,0.14621396,Moderate
12699,0,0.1686839,Moderate
12700,0,0.071453474,Low
12701,0,0.0964039,Low
12702,0,0.13812195,Moderate
12703,0,0.1251339,Moderate
12704,1,0.6688363,Very High
12705,0,0.05524833,Low
12706,1,0.6489295,Very High
12707,0,0.04464491,Low
12708,0,0.036233883,Low
12709,0,0.048933372,Low
12710,0,0.10168832,Moderate
12711,0,0.1479856,Moderate
12712,0,0.041861773,Low
12713,0,0.18342179,Moderate
12714,0,0.25603372,High
12715,0,0.039988905,Low
12716,0,0.46018863,High
12717,0,0.08080736,Low
12718,1,0.17096789,Moderate
12719,1,0.17333148,Moderate
12720,0,0.048828434,Low
12721,0,0.2086302,Moderate
12722,0,0.17942147,Moderate
12723,0,0.0439079,Low
12724,0,0.46833956,High
12725,0,0.16361573,Moderate
12726,0,0.014892002,Low
12727,0,0.14451621,Moderate
12728,0,0.050520014,Low
12729,0,0.31155404,High
12730,1,0.13024105,Moderate
12731,0,0.09572373,Low
12732,1,0.7645721,Very High
12733,0,0.23944195,Moderate
12734,0,0.08033338,Low
12735,1,0.3771874,High
12736,0,0.13019127,Moderate
12737,0,0.07895787,Low
12738,0,0.066190064,Low
12739,0,0.10669066,Moderate
12740,0,0.2858724,High
12741,0,0.119252935,Moderate
12742,0,0.09433867,Low
12743,0,0.11048186,Moderate
12744,0,0.029004047,Low
12745,0,0.09851029,Low
12746,0,0.54219764,Very High
12747,0,0.08073664,Low
12748,0,0.16032842,Moderate
12749,1,0.13325772,Moderate
12750,0,0.19886264,Moderate
12751,1,0.62105376,Very High
12752,0,0.050910823,Low
12753,0,0.25746727,High
12754,0,0.23515902,Moderate
12755,0,0.113486916,Moderate
12756,1,0.20813388,Moderate
12757,0,0.13499793,Moderate
12758,0,0.17678495,Moderate
12759,0,0.14171262,Moderate
12760,0,0.11377453,Moderate
12761,0,0.46237555,High
12762,1,0.16372454,Moderate
12763,0,0.035828773,Low
12764,0,0.05527307,Low
12765,0,0.52463424,Very High
12766,1,0.13953394,Moderate
12767,0,0.09011287,Low
12768,1,0.7754626,Very High
12769,0,0.09921979,Low
12770,0,0.114282005,Moderate
12771,0,0.07465996,Low
12772,0,0.03956469,Low
12773,1,0.49314573,High
12774,1,0.15125261,Moderate
12775,1,0.7452603,Very High
12776,0,0.20730643,Moderate
12777,0,0.062228553,Low
12778,0,0.10458594,Moderate
12779,1,0.22537202,Moderate
12780,1,0.42610732,High
12781,1,0.63124096,Very High
12782,0,0.076542765,Low
12783,0,0.09603401,Low
12784,0,0.24438313,Moderate
12785,1,0.19164029,Moderate
12786,0,0.1348886,Moderate
12787,0,0.026757855,Low
12788,0,0.2841254,High
12789,0,0.15215811,Moderate
12790,0,0.022275252,Low
12791,0,0.15213826,Moderate
12792,0,0.164373,Moderate
12793,0,0.23051524,Moderate
12794,0,0.08388551,Low
12795,1,0.091785654,Low
12796,0,0.102304816,Moderate
12797,1,0.49012604,High
12798,0,0.02201422,Low
12799,0,0.32497722,High
12800,0,0.076773085,Low
12801,1,0.43007493,High
12802,0,0.21713053,Moderate
12803,1,0.69246864,Very High
12804,1,0.14600234,Moderate
12805,0,0.030874334,Low
12806,0,0.12094589,Moderate
12807,0,0.07973549,Low
12808,0,0.095769875,Low
12809,0,0.24658434,Moderate
12810,1,0.11854076,Moderate
12811,1,0.57831556,Very High
12812,0,0.20356138,Moderate
12813,1,0.5064278,Very High
12814,0,0.33062607,High
12815,0,0.10387127,Moderate
12816,0,0.1536109,Moderate
12817,1,0.1749568,Moderate
12818,0,0.09631956,Low
12819,0,0.22408542,Moderate
12820,0,0.7505913,Very High
12821,0,0.12006548,Moderate
12822,0,0.027087416,Low
12823,0,0.45729068,High
12824,0,0.09301768,Low
12825,1,0.8898675,Very High
12826,0,0.3762363,High
12827,0,0.3391961,High
12828,0,0.14918236,Moderate
12829,0,0.48017865,High
12830,1,0.27049828,High
12831,0,0.043545704,Low
12832,1,0.7646454,Very High
12833,0,0.12153395,Moderate
12834,0,0.16590677,Moderate
12835,1,0.5569245,Very High
12836,1,0.37175873,High
12837,0,0.12574932,Moderate
12838,0,0.093292795,Low
12839,0,0.109179534,Moderate
12840,0,0.045040004,Low
12841,1,0.6704301,Very High
12842,0,0.023026405,Low
12843,0,0.103999004,Moderate
12844,0,0.14434779,Moderate
12845,0,0.07620726,Low
12846,0,0.765448,Very High
12847,0,0.43700254,High
12848,0,0.06403994,Low
12849,0,0.16192324,Moderate
12850,0,0.15284257,Moderate
12851,0,0.13958752,Moderate
12852,0,0.1444874,Moderate
12853,0,0.05238766,Low
12854,0,0.1810031,Moderate
12855,0,0.049724303,Low
12856,0,0.020857263,Low
12857,0,0.24438788,Moderate
12858,0,0.3256939,High
12859,0,0.1445455,Moderate
12860,0,0.12051099,Moderate
12861,0,0.13788547,Moderate
12862,1,0.3444119,High
12863,0,0.12613624,Moderate
12864,0,0.16152781,Moderate
12865,0,0.06241153,Low
12866,0,0.0926471,Low
12867,0,0.16799301,Moderate
12868,1,0.40502995,High
12869,0,0.116226606,Moderate
12870,0,0.08019965,Low
12871,1,0.18483113,Moderate
12872,0,0.09806648,Low
12873,0,0.13535106,Moderate
12874,1,0.17827778,Moderate
12875,0,0.08816731,Low
12876,1,0.51752716,Very High
12877,1,0.50043917,Very High
12878,0,0.23418404,Moderate
12879,0,0.11232559,Moderate
12880,0,0.030818282,Low
12881,0,0.054537825,Low
12882,0,0.26599064,High
12883,0,0.086637765,Low
12884,1,0.15547554,Moderate
12885,0,0.36375803,High
12886,0,0.2904891,High
12887,1,0.12692375,Moderate
12888,0,0.055304583,Low
12889,1,0.42685598,High
12890,0,0.049163967,Low
12891,0,0.06363413,Low
12892,0,0.07361843,Low
12893,0,0.293745,High
12894,0,0.03163191,Low
12895,1,0.5424419,Very High
12896,0,0.15482943,Moderate
12897,0,0.04148978,Low
12898,1,0.7786479,Very High
12899,0,0.6221419,Very High
12900,0,0.07207846,Low
12901,1,0.3705835,High
12902,1,0.24486266,Moderate
12903,0,0.10603717,Moderate
12904,0,0.13083827,Moderate
12905,1,0.7015399,Very High
12906,0,0.14966266,Moderate
12907,0,0.07660131,Low
12908,0,0.10388551,Moderate
12909,1,0.8093805,Very High
12910,0,0.026180059,Low
12911,0,0.08944355,Low
12912,0,0.23838408,Moderate
12913,1,0.47116488,High
12914,1,0.34281623,High
12915,0,0.12733835,Moderate
12916,0,0.09992012,Low
12917,0,0.078359775,Low
12918,1,0.1713694,Moderate
12919,1,0.22137825,Moderate
12920,0,0.11889459,Moderate
12921,0,0.04356231,Low
12922,0,0.6255285,Very High
12923,1,0.7244923,Very High
12924,0,0.1624693,Moderate
12925,1,0.6109887,Very High
12926,0,0.1216004,Moderate
12927,0,0.100284755,Moderate
12928,0,0.18510151,Moderate
12929,0,0.0753042,Low
12930,0,0.05069988,Low
12931,1,0.43573883,High
12932,0,0.074789196,Low
12933,0,0.37951478,High
12934,0,0.025765898,Low
12935,0,0.07531989,Low
12936,1,0.65590507,Very High
12937,0,0.53996426,Very High
12938,0,0.14748186,Moderate
12939,0,0.05876217,Low
12940,0,0.08326222,Low
12941,0,0.12049997,Moderate
12942,0,0.022563858,Low
12943,0,0.2636896,High
12944,0,0.12783574,Moderate
12945,0,0.08670416,Low
12946,0,0.081883736,Low
12947,1,0.84395134,Very High
12948,1,0.05631551,Low
12949,1,0.64820063,Very High
12950,0,0.10806514,Moderate
12951,0,0.19553953,Moderate
12952,0,0.33816132,High
12953,0,0.6841826,Very High
12954,0,0.18665536,Moderate
12955,0,0.14214845,Moderate
12956,1,0.89231396,Very High
12957,0,0.15294816,Moderate
12958,1,0.70169514,Very High
12959,1,0.6891991,Very High
12960,0,0.053574782,Low
12961,0,0.084283374,Low
12962,0,0.11572011,Moderate
12963,1,0.36890292,High
12964,1,0.6486489,Very High
12965,0,0.20198037,Moderate
12966,0,0.08196368,Low
12967,1,0.88136727,Very High
12968,0,0.30477536,High
12969,0,0.11338224,Moderate
12970,0,0.21372822,Moderate
12971,0,0.1597505,Moderate
12972,1,0.16492723,Moderate
12973,1,0.7308077,Very High
12974,0,0.13323422,Moderate
12975,0,0.31058452,High
12976,0,0.08766668,Low
12977,0,0.3308936,High
12978,0,0.23094633,Moderate
12979,0,0.34399408,High
12980,0,0.21962403,Moderate
12981,0,0.19214313,Moderate
12982,0,0.22989205,Moderate
12983,0,0.3428297,High
12984,0,0.13381381,Moderate
12985,0,0.25764322,High
12986,0,0.15317315,Moderate
12987,1,0.68173647,Very High
12988,0,0.070716426,Low
12989,0,0.08281768,Low
12990,0,0.13135634,Moderate
12991,1,0.5298104,Very High
12992,0,0.11517414,Moderate
12993,1,0.78787583,Very High
12994,0,0.11867729,Moderate
12995,0,0.13233201,Moderate
12996,0,0.11470884,Moderate
12997,1,0.73134905,Very High
12998,1,0.4990624,High
12999,0,0.092220284,Low
13000,1,0.4211266,High
13001,1,0.3954905,High
13002,0,0.16012147,Moderate
13003,0,0.06513424,Low
13004,0,0.03265489,Low
13005,0,0.17551495,Moderate
13006,0,0.085672125,Low
13007,0,0.23339637,Moderate
13008,0,0.17151314,Moderate
13009,0,0.15487507,Moderate
13010,0,0.17703055,Moderate
13011,0,0.22908787,Moderate
13012,0,0.16261527,Moderate
13013,0,0.4838981,High
13014,0,0.14361738,Moderate
13015,0,0.14466198,Moderate
13016,0,0.12571344,Moderate
13017,0,0.15860917,Moderate
13018,0,0.11044897,Moderate
13019,0,0.03845762,Low
13020,0,0.077282846,Low
13021,1,0.79491806,Very High
13022,1,0.16440314,Moderate
13023,1,0.2393301,Moderate
13024,0,0.12144349,Moderate
13025,1,0.1641048,Moderate
13026,0,0.06892574,Low
13027,0,0.28365025,High
13028,1,0.15346661,Moderate
13029,0,0.27633527,High
13030,1,0.38434023,High
13031,0,0.0779253,Low
13032,0,0.31752837,High
13033,0,0.11273916,Moderate
13034,0,0.11174272,Moderate
13035,0,0.09408458,Low
13036,1,0.28131983,High
13037,0,0.05539937,Low
13038,1,0.13055569,Moderate
13039,0,0.09109315,Low
13040,0,0.070573516,Low
13041,0,0.4805427,High
13042,0,0.18028758,Moderate
13043,0,0.04631264,Low
13044,0,0.09222318,Low
13045,1,0.20304441,Moderate
13046,1,0.7536762,Very High
13047,0,0.08590538,Low
13048,0,0.07079265,Low
13049,1,0.65654564,Very High
13050,1,0.3732871,High
13051,1,0.6859303,Very High
13052,0,0.11315443,Moderate
13053,0,0.099655315,Low
13054,0,0.16936804,Moderate
13055,0,0.22431132,Moderate
13056,0,0.29132083,High
13057,0,0.62458223,Very High
13058,0,0.15053326,Moderate
13059,1,0.706449,Very High
13060,0,0.41233933,High
13061,0,0.043749273,Low
13062,0,0.24303265,Moderate
13063,0,0.10402753,Moderate
13064,1,0.11100357,Moderate
13065,0,0.24730828,Moderate
13066,0,0.14338423,Moderate
13067,0,0.28330013,High
13068,0,0.16405956,Moderate
13069,0,0.11252153,Moderate
13070,0,0.06428923,Low
13071,0,0.2768361,High
13072,1,0.40668362,High
13073,1,0.69533974,Very High
13074,0,0.0734058,Low
13075,0,0.019426772,Low
13076,0,0.105716646,Moderate
13077,0,0.11283671,Moderate
13078,1,0.27582866,High
13079,0,0.14923999,Moderate
13080,1,0.53833395,Very High
13081,0,0.040143486,Low
13082,1,0.100393794,Moderate
13083,1,0.16259497,Moderate
13084,1,0.80286413,Very High
13085,0,0.22589765,Moderate
13086,0,0.08872905,Low
13087,1,0.25291377,High
13088,0,0.018062793,Low
13089,0,0.033686034,Low
13090,0,0.11105937,Moderate
13091,0,0.050404266,Low
13092,0,0.26625213,High
13093,1,0.6726454,Very High
13094,0,0.06844344,Low
13095,0,0.34377503,High
13096,0,0.10192731,Moderate
13097,0,0.44818783,High
13098,0,0.08114881,Low
13099,0,0.32424387,High
13100,0,0.14366536,Moderate
13101,0,0.674304,Very High
13102,0,0.09453706,Low
13103,1,0.11962688,Moderate
13104,0,0.09782535,Low
13105,0,0.13136117,Moderate
13106,1,0.336977,High
13107,0,0.4357731,High
13108,0,0.045760166,Low
13109,0,0.032691993,Low
13110,0,0.08556558,Low
13111,1,0.08693285,Low
13112,0,0.089604944,Low
13113,0,0.10459965,Moderate
13114,0,0.13061161,Moderate
13115,0,0.18620852,Moderate
13116,0,0.05104505,Low
13117,0,0.09416194,Low
13118,0,0.120217174,Moderate
13119,0,0.09202714,Low
13120,0,0.05424951,Low
13121,0,0.12640172,Moderate
13122,0,0.08388698,Low
13123,0,0.03719548,Low
13124,0,0.14356825,Moderate
13125,0,0.16280605,Moderate
13126,0,0.43250316,High
13127,0,0.039947208,Low
13128,1,0.2681625,High
13129,0,0.10821861,Moderate
13130,0,0.2742357,High
13131,0,0.12904371,Moderate
13132,0,0.14893742,Moderate
13133,0,0.2891615,High
13134,1,0.19566911,Moderate
13135,1,0.21409306,Moderate
13136,0,0.19458556,Moderate
13137,0,0.12973507,Moderate
13138,0,0.0407861,Low
13139,0,0.08674442,Low
13140,1,0.20139615,Moderate
13141,0,0.2411269,Moderate
13142,0,0.13115166,Moderate
13143,0,0.11651015,Moderate
13144,0,0.069789864,Low
13145,1,0.3999594,High
13146,0,0.13466631,Moderate
13147,1,0.17719637,Moderate
13148,0,0.026750255,Low
13149,0,0.06648382,Low
13150,0,0.066046774,Low
13151,0,0.1150671,Moderate
13152,1,0.57849,Very High
13153,0,0.087132186,Low
13154,1,0.79171497,Very High
13155,0,0.10216735,Moderate
13156,0,0.081232846,Low
13157,0,0.13150313,Moderate
13158,0,0.048334394,Low
13159,0,0.12290689,Moderate
13160,1,0.2372011,Moderate
13161,0,0.09722333,Low
13162,0,0.05784984,Low
13163,0,0.4532648,High
13164,1,0.5164908,Very High
13165,0,0.08415228,Low
13166,0,0.13090464,Moderate
13167,0,0.24058335,Moderate
13168,0,0.3823572,High
13169,0,0.07643956,Low
13170,0,0.051221654,Low
13171,0,0.12057403,Moderate
13172,0,0.03532998,Low
13173,1,0.73726606,Very High
13174,0,0.44245487,High
13175,0,0.10369637,Moderate
13176,0,0.14613359,Moderate
13177,0,0.16572943,Moderate
13178,1,0.839414,Very High
13179,0,0.28242192,High
13180,0,0.106725685,Moderate
13181,0,0.073020555,Low
13182,0,0.17110664,Moderate
13183,0,0.09463809,Low
13184,0,0.094423585,Low
13185,1,0.6805898,Very High
13186,1,0.18201722,Moderate
13187,0,0.05012192,Low
13188,0,0.1719758,Moderate
13189,1,0.46728653,High
13190,0,0.08933569,Low
13191,0,0.075967915,Low
13192,0,0.11143176,Moderate
13193,0,0.0977568,Low
13194,1,0.3052945,High
13195,0,0.06012904,Low
13196,1,0.3006582,High
13197,1,0.6209516,Very High
13198,0,0.20640257,Moderate
13199,0,0.023457928,Low
13200,0,0.052356884,Low
13201,0,0.14602639,Moderate
13202,0,0.11777968,Moderate
13203,0,0.12787744,Moderate
13204,0,0.04246524,Low
13205,0,0.066198036,Low
13206,0,0.056578457,Low
13207,0,0.16785096,Moderate
13208,0,0.20585388,Moderate
13209,0,0.18494265,Moderate
13210,1,0.35995796,High
13211,0,0.1770238,Moderate
13212,0,0.2677108,High
13213,0,0.13764505,Moderate
13214,0,0.102341674,Moderate
13215,0,0.08343674,Low
13216,0,0.10522576,Moderate
13217,0,0.24406773,Moderate
13218,0,0.44966584,High
13219,1,0.80309427,Very High
13220,0,0.12702852,Moderate
13221,0,0.17779183,Moderate
13222,0,0.5398581,Very High
13223,0,0.10633946,Moderate
13224,0,0.19290952,Moderate
13225,0,0.10982298,Moderate
13226,0,0.059380196,Low
13227,0,0.12625611,Moderate
13228,0,0.08654435,Low
13229,0,0.075344026,Low
13230,0,0.21634181,Moderate
13231,1,0.08015819,Low
13232,1,0.89927644,Very High
13233,1,0.34572792,High
13234,0,0.15011959,Moderate
13235,1,0.13407576,Moderate
13236,1,0.2044518,Moderate
13237,0,0.117605366,Moderate
13238,0,0.13148741,Moderate
13239,1,0.42157587,High
13240,1,0.51823545,Very High
13241,0,0.072428025,Low
13242,0,0.13693757,Moderate
13243,0,0.046886023,Low
13244,0,0.36473724,High
13245,0,0.091539465,Low
13246,0,0.07290314,Low
13247,0,0.041580983,Low
13248,0,0.4020639,High
13249,0,0.09347857,Low
13250,0,0.13701667,Moderate
13251,0,0.29544392,High
13252,0,0.12084877,Moderate
13253,0,0.1697577,Moderate
13254,1,0.7731518,Very High
13255,0,0.5041763,Very High
13256,0,0.06935997,Low
13257,0,0.08757946,Low
13258,0,0.20061126,Moderate
13259,1,0.6441691,Very High
13260,1,0.07372129,Low
13261,0,0.31511992,High
13262,0,0.41251945,High
13263,1,0.7585247,Very High
13264,0,0.09894559,Low
13265,0,0.28481176,High
13266,0,0.09966174,Low
13267,1,0.17723933,Moderate
13268,0,0.09264031,Low
13269,0,0.20824207,Moderate
13270,0,0.11070261,Moderate
13271,0,0.092118,Low
13272,0,0.027601399,Low
13273,0,0.25123766,High
13274,0,0.11462555,Moderate
13275,1,0.16697069,Moderate
13276,0,0.18093109,Moderate
13277,0,0.058186054,Low
13278,0,0.19662966,Moderate
13279,0,0.03002331,Low
13280,1,0.56539994,Very High
13281,0,0.2823569,High
13282,1,0.1760809,Moderate
13283,0,0.3881311,High
13284,0,0.047806997,Low
13285,0,0.24873297,Moderate
13286,0,0.12777478,Moderate
13287,0,0.17862876,Moderate
13288,1,0.36974978,High
13289,0,0.033080146,Low
13290,0,0.6715343,Very High
13291,0,0.45429978,High
13292,1,0.75514466,Very High
13293,0,0.19118714,Moderate
13294,0,0.059418064,Low
13295,0,0.047876105,Low
13296,0,0.22467963,Moderate
13297,0,0.099065386,Low
13298,0,0.37317166,High
13299,0,0.07733281,Low
13300,0,0.1377758,Moderate
13301,1,0.50674075,Very High
13302,0,0.06626784,Low
13303,0,0.14475301,Moderate
13304,0,0.03910816,Low
13305,0,0.031912256,Low
13306,1,0.2980414,High
13307,0,0.0641388,Low
13308,0,0.35123032,High
13309,0,0.14756517,Moderate
13310,0,0.113345645,Moderate
13311,0,0.09364295,Low
13312,0,0.25918615,High
13313,0,0.10766639,Moderate
13314,1,0.76642966,Very High
13315,0,0.14285436,Moderate
13316,1,0.14875828,Moderate
13317,0,0.08400538,Low
13318,0,0.06992032,Low
13319,0,0.07838214,Low
13320,0,0.053190295,Low
13321,0,0.16432111,Moderate
13322,0,0.14104247,Moderate
13323,1,0.6890534,Very High
13324,1,0.14651376,Moderate
13325,0,0.19414997,Moderate
13326,0,0.06162038,Low
13327,1,0.1882354,Moderate
13328,0,0.12220714,Moderate
13329,1,0.102325924,Moderate
13330,1,0.3787855,High
13331,1,0.40767232,High
13332,1,0.099691965,Low
13333,0,0.17765872,Moderate
13334,0,0.29025632,High
13335,0,0.33556655,High
13336,1,0.17091392,Moderate
13337,0,0.15070063,Moderate
13338,0,0.20101489,Moderate
13339,0,0.113731995,Moderate
13340,0,0.025635958,Low
13341,1,0.5590226,Very High
13342,0,0.11351122,Moderate
13343,0,0.27417478,High
13344,0,0.044211734,Low
13345,1,0.27962178,High
13346,0,0.23234437,Moderate
13347,1,0.17409731,Moderate
13348,0,0.22903945,Moderate
13349,1,0.19473152,Moderate
13350,0,0.06435081,Low
13351,0,0.053310048,Low
13352,0,0.07938283,Low
13353,0,0.13839267,Moderate
13354,0,0.35097933,High
13355,0,0.060405497,Low
13356,0,0.113025784,Moderate
13357,0,0.20036826,Moderate
13358,0,0.18641984,Moderate
13359,0,0.07048348,Low
13360,0,0.10738923,Moderate
13361,0,0.22726774,Moderate
13362,0,0.07916782,Low
13363,0,0.21428864,Moderate
13364,0,0.036650945,Low
13365,0,0.2611225,High
13366,0,0.32616982,High
13367,0,0.113388106,Moderate
13368,0,0.11152257,Moderate
13369,0,0.18339688,Moderate
13370,1,0.8262365,Very High
13371,1,0.5238264,Very High
13372,0,0.09489289,Low
13373,0,0.05307367,Low
13374,0,0.19631137,Moderate
13375,0,0.6115526,Very High
13376,0,0.20362273,Moderate
13377,0,0.12146421,Moderate
13378,0,0.44991407,High
13379,0,0.13407756,Moderate
13380,0,0.09312163,Low
13381,1,0.043074396,Low
13382,0,0.027241815,Low
13383,0,0.14396642,Moderate
13384,0,0.06717134,Low
13385,0,0.11654852,Moderate
13386,0,0.12743561,Moderate
13387,0,0.07304689,Low
13388,1,0.19356938,Moderate
13389,0,0.38093543,High
13390,0,0.14623445,Moderate
13391,1,0.73859274,Very High
13392,0,0.09283485,Low
13393,0,0.12377643,Moderate
13394,0,0.045835454,Low
13395,0,0.024493694,Low
13396,0,0.049206104,Low
13397,0,0.092395894,Low
13398,0,0.14474222,Moderate
13399,0,0.12485298,Moderate
13400,1,0.33034095,High
13401,1,0.7696558,Very High
13402,1,0.034378607,Low
13403,0,0.042907815,Low
13404,0,0.12794791,Moderate
13405,1,0.13721476,Moderate
13406,1,0.48316476,High
13407,1,0.93612057,Very High
13408,0,0.06350768,Low
13409,0,0.06463919,Low
13410,0,0.7254734,Very High
13411,0,0.11898669,Moderate
13412,0,0.08518907,Low
13413,1,0.21252093,Moderate
13414,1,0.13572638,Moderate
13415,0,0.16221967,Moderate
13416,0,0.039752383,Low
13417,0,0.018279046,Low
13418,1,0.62642324,Very High
13419,0,0.03659071,Low
13420,1,0.23851867,Moderate
13421,0,0.028122494,Low
13422,0,0.765914,Very High
13423,1,0.35575458,High
13424,1,0.21404472,Moderate
13425,0,0.2078767,Moderate
13426,0,0.13729495,Moderate
13427,0,0.099575385,Low
13428,0,0.12471743,Moderate
13429,0,0.6070631,Very High
13430,0,0.12326034,Moderate
13431,1,0.66752446,Very High
13432,0,0.115114056,Moderate
13433,1,0.30412817,High
13434,0,0.15976596,Moderate
13435,0,0.13269605,Moderate
13436,0,0.04733265,Low
13437,0,0.23514405,Moderate
13438,0,0.017699925,Low
13439,0,0.29884648,High
13440,0,0.055905294,Low
13441,1,0.7422698,Very High
13442,0,0.24128959,Moderate
13443,0,0.191687,Moderate
13444,0,0.16223213,Moderate
13445,1,0.8194174,Very High
13446,0,0.06941575,Low
13447,0,0.16377166,Moderate
13448,0,0.019897966,Low
13449,0,0.23754036,Moderate
13450,0,0.02476599,Low
13451,0,0.7669916,Very High
13452,0,0.06888595,Low
13453,1,0.6544502,Very High
13454,0,0.4538708,High
13455,0,0.463887,High
13456,0,0.34502643,High
13457,0,0.1439186,Moderate
13458,0,0.12502389,Moderate
13459,1,0.23454602,Moderate
13460,0,0.01134531,Low
13461,0,0.23524053,Moderate
13462,0,0.11857158,Moderate
13463,0,0.14644216,Moderate
13464,0,0.08441024,Low
13465,1,0.38862535,High
13466,0,0.2130952,Moderate
13467,0,0.29968798,High
13468,0,0.18769144,Moderate
13469,1,0.71818906,Very High
13470,0,0.2278509,Moderate
13471,1,0.30304602,High
13472,0,0.12714542,Moderate
13473,0,0.15712562,Moderate
13474,0,0.044334374,Low
13475,0,0.08529884,Low
13476,0,0.40107894,High
13477,0,0.02645294,Low
13478,1,0.08404169,Low
13479,1,0.835134,Very High
13480,1,0.8457382,Very High
13481,0,0.029264417,Low
13482,0,0.14588611,Moderate
13483,0,0.08936974,Low
13484,0,0.073727265,Low
13485,0,0.32185584,High
13486,0,0.1054518,Moderate
13487,0,0.41789797,High
13488,0,0.07600176,Low
13489,1,0.773399,Very High
13490,0,0.14388135,Moderate
13491,0,0.044199597,Low
13492,0,0.047942486,Low
13493,0,0.15924682,Moderate
13494,0,0.055796366,Low
13495,0,0.12426139,Moderate
13496,0,0.045946483,Low
13497,0,0.029850919,Low
13498,1,0.2764659,High
13499,1,0.67185825,Very High
13500,0,0.03213213,Low
13501,1,0.58191216,Very High
13502,0,0.16809215,Moderate
13503,0,0.068023264,Low
13504,1,0.17261547,Moderate
13505,1,0.30618224,High
13506,0,0.123119265,Moderate
13507,0,0.053234894,Low
13508,0,0.19834207,Moderate
13509,0,0.43401805,High
13510,0,0.19076253,Moderate
13511,1,0.6281631,Very High
13512,0,0.18813975,Moderate
13513,1,0.16114128,Moderate
13514,1,0.09521998,Low
13515,0,0.17709874,Moderate
13516,1,0.40792072,High
13517,0,0.2910869,High
13518,0,0.08136025,Low
13519,0,0.21411876,Moderate
13520,0,0.08520488,Low
13521,0,0.04575444,Low
13522,0,0.02634999,Low
13523,0,0.10372213,Moderate
13524,0,0.1269485,Moderate
13525,0,0.11467892,Moderate
13526,0,0.059784293,Low
13527,1,0.66140944,Very High
13528,0,0.28507116,High
13529,0,0.7973558,Very High
13530,0,0.28830385,High
13531,0,0.2720222,High
13532,1,0.5986421,Very High
13533,0,0.10630698,Moderate
13534,0,0.16422491,Moderate
13535,0,0.10703131,Moderate
13536,0,0.1515769,Moderate
13537,0,0.041205324,Low
13538,0,0.10169364,Moderate
13539,0,0.15700202,Moderate
13540,1,0.14609803,Moderate
13541,0,0.15902331,Moderate
13542,1,0.2116536,Moderate
13543,0,0.06542763,Low
13544,0,0.10148209,Moderate
13545,0,0.14531094,Moderate
13546,0,0.35399708,High
13547,0,0.13466872,Moderate
13548,0,0.11933512,Moderate
13549,1,0.23697379,Moderate
13550,0,0.08123364,Low
13551,0,0.16381533,Moderate
13552,0,0.14630675,Moderate
13553,1,0.20624048,Moderate
13554,0,0.056853466,Low
13555,0,0.2533588,High
13556,1,0.053337056,Low
13557,0,0.25250566,High
13558,1,0.07627541,Low
13559,1,0.28927106,High
13560,0,0.11277756,Moderate
13561,1,0.4613774,High
13562,1,0.9058972,Very High
13563,0,0.13839778,Moderate
13564,1,0.2749842,High
13565,0,0.71261835,Very High
13566,0,0.10288122,Moderate
13567,0,0.28433526,High
13568,0,0.04493983,Low
13569,0,0.14231367,Moderate
13570,0,0.59472585,Very High
13571,1,0.45850462,High
13572,0,0.19799443,Moderate
13573,0,0.21193208,Moderate
13574,0,0.15119289,Moderate
13575,0,0.108466074,Moderate
13576,1,0.7436411,Very High
13577,0,0.10371141,Moderate
13578,1,0.38767105,High
13579,1,0.2744481,High
13580,0,0.08007788,Low
13581,0,0.09003555,Low
13582,0,0.24090917,Moderate
13583,0,0.14854978,Moderate
13584,0,0.38983735,High
13585,0,0.51091665,Very High
13586,0,0.0416197,Low
13587,0,0.065539114,Low
13588,0,0.13993366,Moderate
13589,0,0.101042524,Moderate
13590,0,0.086059794,Low
13591,0,0.19133143,Moderate
13592,0,0.11319071,Moderate
13593,0,0.14836489,Moderate
13594,0,0.13501996,Moderate
13595,0,0.2140872,Moderate
13596,0,0.1403708,Moderate
13597,0,0.13856499,Moderate
13598,1,0.3572249,High
13599,0,0.31545326,High
13600,0,0.19913885,Moderate
13601,0,0.11169427,Moderate
13602,0,0.101946935,Moderate
13603,0,0.07505431,Low
13604,1,0.17817634,Moderate
13605,1,0.5899393,Very High
13606,1,0.78499377,Very High
13607,0,0.10139594,Moderate
13608,0,0.034228873,Low
13609,0,0.025344614,Low
13610,0,0.071361504,Low
13611,0,0.032113798,Low
13612,0,0.07514308,Low
13613,0,0.20261872,Moderate
13614,1,0.30312163,High
13615,0,0.06981872,Low
13616,0,0.16625674,Moderate
13617,0,0.16952708,Moderate
13618,0,0.1639608,Moderate
13619,0,0.14963199,Moderate
13620,1,0.26630455,High
13621,0,0.14230293,Moderate
13622,0,0.054098185,Low
13623,0,0.17461793,Moderate
13624,1,0.7373019,Very High
13625,0,0.13328727,Moderate
13626,0,0.05894844,Low
13627,0,0.18682846,Moderate
13628,0,0.5005864,Very High
13629,0,0.12811443,Moderate
13630,0,0.124854915,Moderate
13631,0,0.07047785,Low
13632,0,0.13873309,Moderate
13633,0,0.056189496,Low
13634,0,0.22123832,Moderate
13635,1,0.13358425,Moderate
13636,1,0.4629678,High
13637,1,0.18312478,Moderate
13638,0,0.23613577,Moderate
13639,0,0.067459606,Low
13640,1,0.71525216,Very High
13641,1,0.77203476,Very High
13642,0,0.18646005,Moderate
13643,0,0.028816933,Low
13644,0,0.07437328,Low
13645,0,0.16909024,Moderate
13646,0,0.04647619,Low
13647,0,0.08815065,Low
13648,1,0.28362647,High
13649,0,0.08745459,Low
13650,0,0.086875856,Low
13651,0,0.33636937,High
13652,0,0.23722707,Moderate
13653,0,0.028598983,Low
13654,0,0.68024963,Very High
13655,0,0.11821214,Moderate
13656,1,0.76958984,Very High
13657,0,0.2017416,Moderate
13658,0,0.17357156,Moderate
13659,0,0.054302756,Low
13660,0,0.03177062,Low
13661,0,0.078388035,Low
13662,0,0.021566996,Low
13663,0,0.10233677,Moderate
13664,1,0.13567854,Moderate
13665,0,0.19636321,Moderate
13666,0,0.26360145,High
13667,0,0.13105375,Moderate
13668,0,0.11005371,Moderate
13669,0,0.12628181,Moderate
13670,0,0.03219633,Low
13671,0,0.20984963,Moderate
13672,0,0.10419599,Moderate
13673,0,0.3114521,High
13674,1,0.13601194,Moderate
13675,1,0.6591296,Very High
13676,0,0.08171764,Low
13677,0,0.6234582,Very High
13678,0,0.17773303,Moderate
13679,0,0.22106196,Moderate
13680,1,0.4354659,High
13681,0,0.654416,Very High
13682,0,0.1038278,Moderate
13683,0,0.027064323,Low
13684,0,0.032914583,Low
13685,0,0.24825065,Moderate
13686,0,0.0922458,Low
13687,0,0.13748711,Moderate
13688,0,0.105685495,Moderate
13689,0,0.06937752,Low
13690,1,0.70189863,Very High
13691,0,0.14741708,Moderate
13692,0,0.022635613,Low
13693,0,0.1770267,Moderate
13694,0,0.14247957,Moderate
13695,0,0.064956956,Low
13696,0,0.46801534,High
13697,0,0.80428994,Very High
13698,0,0.21486293,Moderate
13699,0,0.05250987,Low
13700,0,0.11681074,Moderate
13701,0,0.187334,Moderate
13702,0,0.052059155,Low
13703,0,0.10410954,Moderate
13704,0,0.13915354,Moderate
13705,0,0.027641451,Low
13706,0,0.15271156,Moderate
13707,0,0.12466254,Moderate
13708,0,0.10785725,Moderate
13709,0,0.048687104,Low
13710,0,0.115634605,Moderate
13711,0,0.08251695,Low
13712,1,0.91237444,Very High
13713,1,0.48257378,High
13714,1,0.28696322,High
13715,0,0.4125387,High
13716,0,0.11758009,Moderate
13717,0,0.33544227,High
13718,1,0.75326014,Very High
13719,0,0.34491664,High
13720,0,0.73165554,Very High
13721,1,0.21037166,Moderate
13722,0,0.16007048,Moderate
13723,0,0.21132942,Moderate
13724,0,0.14084688,Moderate
13725,0,0.1154109,Moderate
13726,0,0.13439429,Moderate
13727,0,0.16611305,Moderate
13728,0,0.17158939,Moderate
13729,0,0.11300392,Moderate
13730,0,0.14713714,Moderate
13731,1,0.43990216,High
13732,0,0.13109604,Moderate
13733,0,0.16468486,Moderate
13734,0,0.07822702,Low
13735,0,0.09634829,Low
13736,1,0.19436184,Moderate
13737,0,0.72693646,Very High
13738,0,0.092951596,Low
13739,0,0.71797395,Very High
13740,1,0.8900964,Very High
13741,0,0.10306107,Moderate
13742,1,0.10932915,Moderate
13743,0,0.12685987,Moderate
13744,1,0.90097976,Very High
13745,1,0.6743532,Very High
13746,0,0.37033355,High
13747,0,0.14208578,Moderate
13748,0,0.14788379,Moderate
13749,0,0.078216635,Low
13750,0,0.17381701,Moderate
13751,0,0.061424777,Low
13752,0,0.1351184,Moderate
13753,0,0.042753976,Low
13754,1,0.123944975,Moderate
13755,0,0.16426413,Moderate
13756,0,0.029653808,Low
13757,0,0.16168886,Moderate
13758,1,0.27328703,High
13759,0,0.05323945,Low
13760,0,0.41838747,High
13761,0,0.077773966,Low
13762,0,0.106443726,Moderate
13763,0,0.040224705,Low
13764,0,0.02682516,Low
13765,1,0.17760263,Moderate
13766,0,0.055279218,Low
13767,0,0.11267786,Moderate
13768,0,0.1572939,Moderate
13769,0,0.047545403,Low
13770,0,0.092446335,Low
13771,0,0.15768044,Moderate
13772,1,0.3376642,High
13773,1,0.6768527,Very High
13774,0,0.122212924,Moderate
13775,0,0.17925188,Moderate
13776,0,0.06666289,Low
13777,1,0.36625826,High
13778,0,0.16332999,Moderate
13779,1,0.72241205,Very High
13780,0,0.11570451,Moderate
13781,1,0.47225207,High
13782,0,0.10102061,Moderate
13783,1,0.75583994,Very High
13784,1,0.72600055,Very High
13785,0,0.09412817,Low
13786,1,0.7699973,Very High
13787,0,0.050034467,Low
13788,0,0.18513313,Moderate
13789,0,0.056956172,Low
13790,0,0.3469956,High
13791,0,0.093882754,Low
13792,0,0.54818094,Very High
13793,0,0.1925553,Moderate
13794,0,0.05580015,Low
13795,0,0.1206633,Moderate
13796,0,0.11104002,Moderate
13797,1,0.10175804,Moderate
13798,0,0.506861,Very High
13799,0,0.21945164,Moderate
13800,0,0.40339008,High
13801,0,0.6325536,Very High
13802,0,0.34783363,High
13803,1,0.36980823,High
13804,1,0.7040098,Very High
13805,0,0.027797103,Low
13806,0,0.051152747,Low
13807,1,0.73260874,Very High
13808,0,0.37928224,High
13809,0,0.11035247,Moderate
13810,0,0.3503163,High
13811,0,0.8856966,Very High
13812,0,0.19101928,Moderate
13813,0,0.07289416,Low
13814,0,0.27640513,High
13815,0,0.21323586,Moderate
13816,0,0.10450634,Moderate
13817,0,0.24500927,Moderate
13818,0,0.07630031,Low
13819,0,0.028088076,Low
13820,1,0.2394678,Moderate
13821,0,0.11905411,Moderate
13822,0,0.11123861,Moderate
13823,1,0.1348407,Moderate
13824,0,0.1956024,Moderate
13825,1,0.7929302,Very High
13826,0,0.08973958,Low
13827,0,0.15499595,Moderate
13828,0,0.097936444,Low
13829,0,0.07042801,Low
13830,1,0.39030448,High
13831,0,0.04698141,Low
13832,0,0.0378439,Low
13833,0,0.1364199,Moderate
13834,0,0.17597993,Moderate
13835,0,0.16261552,Moderate
13836,0,0.10064141,Moderate
13837,0,0.15535964,Moderate
13838,0,0.06538949,Low
13839,1,0.3607971,High
13840,1,0.39741167,High
13841,1,0.42453772,High
13842,0,0.1523936,Moderate
13843,1,0.695556,Very High
13844,0,0.10412845,Moderate
13845,0,0.34026358,High
13846,0,0.23387693,Moderate
13847,0,0.12896098,Moderate
13848,0,0.73833144,Very High
13849,0,0.25823572,High
13850,0,0.26137915,High
13851,0,0.05423992,Low
13852,1,0.37009576,High
13853,0,0.07224367,Low
13854,0,0.0439926,Low
13855,1,0.35252172,High
13856,0,0.0895918,Low
13857,1,0.2437979,Moderate
13858,0,0.50081205,Very High
13859,0,0.18815239,Moderate
13860,0,0.1377905,Moderate
13861,0,0.18187623,Moderate
13862,1,0.100539386,Moderate
13863,0,0.18681882,Moderate
13864,0,0.07753972,Low
13865,1,0.7874251,Very High
13866,0,0.045397826,Low
13867,0,0.2507451,High
13868,0,0.1351307,Moderate
13869,0,0.19774984,Moderate
13870,0,0.12961733,Moderate
13871,0,0.03695771,Low
13872,0,0.08437165,Low
13873,0,0.491829,High
13874,0,0.02206613,Low
13875,0,0.05812992,Low
13876,1,0.17922413,Moderate
13877,0,0.5054096,Very High
13878,0,0.15972988,Moderate
13879,1,0.38819107,High
13880,0,0.090994045,Low
13881,1,0.13306561,Moderate
13882,1,0.3569417,High
13883,0,0.10900107,Moderate
13884,1,0.35202324,High
13885,1,0.3906314,High
13886,0,0.08816986,Low
13887,0,0.08794436,Low
13888,0,0.051880486,Low
13889,0,0.028930787,Low
13890,0,0.1472138,Moderate
13891,0,0.13095362,Moderate
13892,0,0.13082397,Moderate
13893,1,0.65643,Very High
13894,0,0.06305858,Low
13895,0,0.040903416,Low
13896,1,0.45259693,High
13897,1,0.46658984,High
13898,0,0.51394224,Very High
13899,0,0.12435149,Moderate
13900,0,0.08961849,Low
13901,0,0.14745764,Moderate
13902,0,0.23103029,Moderate
13903,1,0.2530666,High
13904,0,0.47551805,High
13905,1,0.76880485,Very High
13906,0,0.09746527,Low
13907,0,0.2208944,Moderate
13908,0,0.17835662,Moderate
13909,0,0.6213046,Very High
13910,0,0.05604202,Low
13911,1,0.1198891,Moderate
13912,0,0.016419481,Low
13913,0,0.33816206,High
13914,0,0.12795132,Moderate
13915,0,0.2752123,High
13916,0,0.11752754,Moderate
13917,1,0.07439665,Low
13918,0,0.038539052,Low
13919,0,0.09177294,Low
13920,0,0.12107014,Moderate
13921,0,0.08448081,Low
13922,0,0.2838401,High
13923,1,0.26369148,High
13924,0,0.07343937,Low
13925,0,0.06090441,Low
13926,1,0.2696767,High
13927,0,0.14767954,Moderate
13928,0,0.10336024,Moderate
13929,0,0.12201734,Moderate
13930,0,0.038381554,Low
13931,0,0.17599484,Moderate
13932,0,0.13160601,Moderate
13933,0,0.55546904,Very High
13934,0,0.050029386,Low
13935,0,0.13653784,Moderate
13936,0,0.5748943,Very High
13937,0,0.06584539,Low
13938,0,0.6551077,Very High
13939,0,0.111941315,Moderate
13940,0,0.23587787,Moderate
13941,0,0.057871204,Low
13942,1,0.15701942,Moderate
13943,0,0.08694965,Low
13944,1,0.34935653,High
13945,0,0.6526047,Very High
13946,0,0.31155404,High
13947,0,0.20115088,Moderate
13948,0,0.19551894,Moderate
13949,1,0.19522549,Moderate
13950,0,0.38822415,High
13951,0,0.13492545,Moderate
13952,1,0.43533918,High
13953,0,0.16733524,Moderate
13954,0,0.016378248,Low
13955,0,0.17619717,Moderate
13956,0,0.09700946,Low
13957,1,0.45555857,High
13958,0,0.5665581,Very High
13959,0,0.055165663,Low
13960,0,0.09025731,Low
13961,0,0.68951863,Very High
13962,0,0.040974945,Low
13963,1,0.70991766,Very High
13964,0,0.16634497,Moderate
13965,0,0.19865878,Moderate
13966,0,0.064429976,Low
13967,1,0.86790115,Very High
13968,0,0.29915616,High
13969,1,0.59919286,Very High
13970,0,0.10731147,Moderate
13971,0,0.2645671,High
13972,0,0.09194954,Low
13973,1,0.26207945,High
13974,0,0.523431,Very High
13975,0,0.226134,Moderate
13976,0,0.1443322,Moderate
13977,0,0.07888307,Low
13978,0,0.12551145,Moderate
13979,0,0.033744406,Low
13980,1,0.1496029,Moderate
13981,0,0.14954294,Moderate
13982,0,0.14799002,Moderate
13983,0,0.11559431,Moderate
13984,0,0.047722142,Low
13985,0,0.08151335,Low
13986,0,0.24970831,Moderate
13987,0,0.04435026,Low
13988,0,0.5911792,Very High
13989,0,0.16197114,Moderate
13990,0,0.026416454,Low
13991,0,0.11992157,Moderate
13992,1,0.77773523,Very High
13993,1,0.44303545,High
13994,0,0.05657148,Low
13995,1,0.5246272,Very High
13996,0,0.116532154,Moderate
13997,0,0.036312927,Low
13998,1,0.54786247,Very High
13999,0,0.070585914,Low
14000,0,0.08608481,Low
14001,0,0.20523219,Moderate
14002,0,0.19324724,Moderate
14003,0,0.07724878,Low
14004,0,0.21079145,Moderate
14005,0,0.10575899,Moderate
14006,0,0.117403634,Moderate
14007,0,0.17657964,Moderate
14008,1,0.16215563,Moderate
14009,0,0.12455854,Moderate
14010,0,0.16883504,Moderate
14011,0,0.19086082,Moderate
14012,0,0.19890036,Moderate
14013,0,0.12228814,Moderate
14014,1,0.08299068,Low
14015,0,0.058129445,Low
14016,0,0.079193614,Low
14017,0,0.32193312,High
14018,1,0.8417663,Very High
14019,0,0.15707725,Moderate
14020,0,0.014203285,Low
14021,1,0.1399561,Moderate
14022,0,0.14188012,Moderate
14023,0,0.61360586,Very High
14024,0,0.080731384,Low
14025,0,0.33647132,High
14026,1,0.38642877,High
14027,0,0.030334206,Low
14028,0,0.39242622,High
14029,0,0.09192909,Low
14030,0,0.30423933,High
14031,1,0.23327619,Moderate
14032,0,0.18275774,Moderate
14033,0,0.09277315,Low
14034,0,0.15013523,Moderate
14035,1,0.3173798,High
14036,0,0.08550369,Low
14037,1,0.6256107,Very High
14038,0,0.07522699,Low
14039,0,0.117097184,Moderate
14040,0,0.29170844,High
14041,0,0.061771315,Low
14042,0,0.12066869,Moderate
14043,1,0.11603078,Moderate
14044,0,0.09217397,Low
14045,1,0.49583524,High
14046,0,0.33551624,High
14047,0,0.11757725,Moderate
14048,0,0.084538944,Low
14049,0,0.29623446,High
14050,1,0.22751714,Moderate
14051,0,0.14337374,Moderate
14052,0,0.10830573,Moderate
14053,0,0.33391237,High
14054,0,0.11486345,Moderate
14055,0,0.22128695,Moderate
14056,0,0.13122398,Moderate
14057,0,0.035431787,Low
14058,0,0.0537814,Low
14059,0,0.200919,Moderate
14060,0,0.034664772,Low
14061,0,0.115547426,Moderate
14062,0,0.03569163,Low
14063,1,0.8277667,Very High
14064,1,0.19663696,Moderate
14065,1,0.14857195,Moderate
14066,0,0.16694957,Moderate
14067,0,0.35717562,High
14068,0,0.11505873,Moderate
14069,0,0.11074477,Moderate
14070,0,0.16546832,Moderate
14071,0,0.08304597,Low
14072,1,0.49748465,High
14073,1,0.12323796,Moderate
14074,0,0.15818407,Moderate
14075,1,0.33826157,High
14076,0,0.1353088,Moderate
14077,0,0.072537996,Low
14078,0,0.0795398,Low
14079,0,0.06005722,Low
14080,0,0.14239372,Moderate
14081,0,0.33253434,High
14082,1,0.816367,Very High
14083,0,0.30236697,High
14084,1,0.11783315,Moderate
14085,1,0.8207919,Very High
14086,0,0.29059175,High
14087,0,0.39754447,High
14088,0,0.112621285,Moderate
14089,0,0.1795324,Moderate
14090,0,0.07282422,Low
14091,0,0.14831057,Moderate
14092,0,0.33815002,High
14093,0,0.09611203,Low
14094,0,0.029853826,Low
14095,0,0.27958468,High
14096,0,0.13116913,Moderate
14097,1,0.7692809,Very High
14098,0,0.18953215,Moderate
14099,1,0.724041,Very High
14100,0,0.078861244,Low
14101,0,0.0775211,Low
14102,0,0.18199913,Moderate
14103,0,0.032784175,Low
14104,0,0.062021416,Low
14105,0,0.21643329,Moderate
14106,0,0.1091733,Moderate
14107,0,0.19775936,Moderate
14108,0,0.0586567,Low
14109,0,0.23992552,Moderate
14110,0,0.10288938,Moderate
14111,0,0.31692833,High
14112,0,0.13532032,Moderate
14113,0,0.05637618,Low
14114,1,0.7486234,Very High
14115,0,0.14995256,Moderate
14116,1,0.34067565,High
14117,0,0.10513857,Moderate
14118,0,0.30292642,High
14119,0,0.050784342,Low
14120,0,0.09708176,Low
14121,0,0.093099885,Low
14122,0,0.17510018,Moderate
14123,0,0.16356835,Moderate
14124,0,0.06502509,Low
14125,0,0.078503996,Low
14126,0,0.03109816,Low
14127,0,0.03264333,Low
14128,1,0.23674087,Moderate
14129,0,0.32254785,High
14130,0,0.06955163,Low
14131,0,0.061382707,Low
14132,0,0.14732763,Moderate
14133,1,0.74587584,Very High
14134,0,0.0356576,Low
14135,0,0.07661211,Low
14136,0,0.010924032,Low
14137,0,0.1147236,Moderate
14138,0,0.04713448,Low
14139,0,0.22475447,Moderate
14140,1,0.6451585,Very High
14141,0,0.1188746,Moderate
14142,1,0.37561277,High
14143,0,0.16425994,Moderate
14144,1,0.6161831,Very High
14145,1,0.61988854,Very High
14146,0,0.04828307,Low
14147,0,0.24319594,Moderate
14148,0,0.0949235,Low
14149,0,0.4583835,High
14150,0,0.040069647,Low
14151,1,0.33854115,High
14152,0,0.4585768,High
14153,0,0.048183866,Low
14154,0,0.20482504,Moderate
14155,0,0.04360563,Low
14156,0,0.23818795,Moderate
14157,0,0.05420627,Low
14158,0,0.12372156,Moderate
14159,1,0.27935562,High
14160,1,0.066121355,Low
14161,1,0.230096,Moderate
14162,1,0.39064145,High
14163,0,0.31627238,High
14164,0,0.22408235,Moderate
14165,0,0.040261067,Low
14166,0,0.08489506,Low
14167,0,0.23690617,Moderate
14168,1,0.16942509,Moderate
14169,0,0.16640897,Moderate
14170,0,0.30711362,High
14171,0,0.06161911,Low
14172,1,0.19521551,Moderate
14173,0,0.07344598,Low
14174,0,0.12487308,Moderate
14175,1,0.80001664,Very High
14176,0,0.020508206,Low
14177,1,0.60679615,Very High
14178,0,0.16329388,Moderate
14179,1,0.6405217,Very High
14180,1,0.37387714,High
14181,0,0.15181138,Moderate
14182,1,0.14742449,Moderate
14183,0,0.08785508,Low
14184,0,0.035014164,Low
14185,0,0.08390785,Low
14186,0,0.061987408,Low
14187,1,0.30825946,High
14188,0,0.0898937,Low
14189,0,0.14408958,Moderate
14190,0,0.11934156,Moderate
14191,0,0.22647706,Moderate
14192,1,0.45471916,High
14193,0,0.055846233,Low
14194,0,0.19345424,Moderate
14195,1,0.4454364,High
14196,1,0.12992063,Moderate
14197,0,0.053837076,Low
14198,0,0.13638714,Moderate
14199,0,0.15781437,Moderate
14200,0,0.04295017,Low
14201,0,0.25391778,High
14202,1,0.3414536,High
14203,0,0.08262718,Low
14204,1,0.089992896,Low
14205,1,0.33498508,High
14206,0,0.0833699,Low
14207,0,0.33561397,High
14208,0,0.14348216,Moderate
14209,0,0.06668221,Low
14210,0,0.016324049,Low
14211,0,0.17858186,Moderate
14212,1,0.11937357,Moderate
14213,0,0.120960474,Moderate
14214,0,0.17019098,Moderate
14215,1,0.27264807,High
14216,0,0.1436016,Moderate
14217,1,0.38072377,High
14218,0,0.063956626,Low
14219,0,0.15247017,Moderate
14220,1,0.19750026,Moderate
14221,1,0.80755335,Very High
14222,0,0.25671032,High
14223,0,0.26429072,High
14224,0,0.16484404,Moderate
14225,0,0.08541063,Low
14226,1,0.81204075,Very High
14227,1,0.47662687,High
14228,0,0.094160296,Low
14229,0,0.11808942,Moderate
14230,0,0.064953275,Low
14231,1,0.1649065,Moderate
14232,0,0.2125416,Moderate
14233,0,0.1409294,Moderate
14234,0,0.38853624,High
14235,0,0.031703647,Low
14236,0,0.20087291,Moderate
14237,0,0.028896412,Low
14238,1,0.30043453,High
14239,0,0.02104934,Low
14240,0,0.10451251,Moderate
14241,0,0.04137827,Low
14242,0,0.13558893,Moderate
14243,0,0.022680618,Low
14244,0,0.0339447,Low
14245,1,0.9498907,Very High
14246,0,0.057063825,Low
14247,0,0.2394517,Moderate
14248,1,0.18828468,Moderate
14249,0,0.08717935,Low
14250,0,0.06737089,Low
14251,0,0.035248592,Low
14252,1,0.64069015,Very High
14253,0,0.0972352,Low
14254,0,0.1474696,Moderate
14255,0,0.3252045,High
14256,0,0.038737137,Low
14257,0,0.072312966,Low
14258,0,0.08934805,Low
14259,1,0.8793822,Very High
14260,0,0.23169689,Moderate
14261,0,0.08697675,Low
14262,1,0.28496996,High
14263,0,0.27048054,High
14264,0,0.065369256,Low
14265,0,0.11909803,Moderate
14266,0,0.051732987,Low
14267,0,0.05404315,Low
14268,0,0.1999096,Moderate
14269,0,0.22799747,Moderate
14270,0,0.040772222,Low
14271,1,0.274687,High
14272,0,0.04087446,Low
14273,1,0.3402743,High
14274,0,0.29120234,High
14275,0,0.13510582,Moderate
14276,0,0.092051744,Low
14277,1,0.27269036,High
14278,0,0.43919128,High
14279,1,0.5785271,Very High
14280,1,0.11856411,Moderate
14281,1,0.6875993,Very High
14282,0,0.24446565,Moderate
14283,0,0.12084297,Moderate
14284,0,0.051195096,Low
14285,0,0.21372943,Moderate
14286,0,0.022409478,Low
14287,0,0.08845992,Low
14288,0,0.07091509,Low
14289,1,0.74608845,Very High
14290,0,0.032389987,Low
14291,0,0.1573893,Moderate
14292,0,0.09493391,Low
14293,1,0.22243346,Moderate
14294,1,0.38454273,High
14295,1,0.81439847,Very High
14296,0,0.33774245,High
14297,0,0.15983239,Moderate
14298,0,0.23969065,Moderate
14299,0,0.38399363,High
14300,0,0.23358536,Moderate
14301,0,0.06712504,Low
14302,0,0.124855906,Moderate
14303,0,0.11589431,Moderate
14304,0,0.33532375,High
14305,0,0.1472441,Moderate
14306,0,0.20866886,Moderate
14307,0,0.061313305,Low
14308,0,0.030145982,Low
14309,0,0.17343207,Moderate
14310,1,0.15372619,Moderate
14311,0,0.08241367,Low
14312,1,0.32173938,High
14313,1,0.60536176,Very High
14314,1,0.15413836,Moderate
14315,1,0.82470036,Very High
14316,0,0.19954833,Moderate
14317,0,0.049983006,Low
14318,0,0.13007244,Moderate
14319,0,0.06495587,Low
14320,0,0.07968672,Low
14321,0,0.28218457,High
14322,0,0.07422026,Low
14323,0,0.11663384,Moderate
14324,0,0.083364874,Low
14325,0,0.119390585,Moderate
14326,0,0.07566632,Low
14327,0,0.067947984,Low
14328,0,0.57922345,Very High
14329,1,0.35433108,High
14330,0,0.5571375,Very High
14331,1,0.71711,Very High
14332,0,0.0368484,Low
14333,0,0.051724076,Low
14334,1,0.49364296,High
14335,0,0.088006265,Low
14336,0,0.08916042,Low
14337,0,0.037514567,Low
14338,0,0.07658389,Low
14339,0,0.07110582,Low
14340,1,0.32993695,High
14341,0,0.73811376,Very High
14342,0,0.17807859,Moderate
14343,0,0.07022665,Low
14344,0,0.050019428,Low
14345,0,0.2634244,High
14346,1,0.46879426,High
14347,0,0.016747994,Low
14348,1,0.64174175,Very High
14349,0,0.088788055,Low
14350,1,0.36638838,High
14351,0,0.1639124,Moderate
14352,1,0.4817192,High
14353,0,0.3013594,High
14354,0,0.13125288,Moderate
14355,1,0.3592786,High
14356,0,0.43878898,High
14357,0,0.1374942,Moderate
14358,0,0.079034716,Low
14359,0,0.042613328,Low
14360,0,0.05436837,Low
14361,0,0.1956803,Moderate
14362,0,0.75922465,Very High
14363,1,0.16043426,Moderate
14364,1,0.20489553,Moderate
14365,0,0.18774638,Moderate
14366,1,0.6443767,Very High
14367,1,0.37523463,High
14368,1,0.7725564,Very High
14369,0,0.17072804,Moderate
14370,0,0.084712386,Low
14371,0,0.066084996,Low
14372,0,0.40736806,High
14373,0,0.25205094,High
14374,1,0.15481693,Moderate
14375,0,0.28383246,High
14376,0,0.1509344,Moderate
14377,0,0.7432419,Very High
14378,0,0.039318506,Low
14379,1,0.74869776,Very High
14380,0,0.04342326,Low
14381,0,0.12571555,Moderate
14382,0,0.022242714,Low
14383,0,0.1651111,Moderate
14384,0,0.20946199,Moderate
14385,0,0.049876194,Low
14386,0,0.32683772,High
14387,0,0.052807737,Low
14388,0,0.105966605,Moderate
14389,0,0.14391777,Moderate
14390,0,0.06235608,Low
14391,0,0.047004845,Low
14392,0,0.042992115,Low
14393,1,0.83719647,Very High
14394,1,0.47187126,High
14395,0,0.040584013,Low
14396,0,0.058489338,Low
14397,0,0.06599084,Low
14398,1,0.7371099,Very High
14399,0,0.05857418,Low
14400,0,0.025719723,Low
14401,0,0.063957885,Low
14402,0,0.40621248,High
14403,1,0.22853379,Moderate
14404,0,0.031520117,Low
14405,0,0.053921215,Low
14406,0,0.17981526,Moderate
14407,0,0.14727318,Moderate
14408,1,0.7382321,Very High
14409,0,0.1660051,Moderate
14410,1,0.13500983,Moderate
14411,1,0.6683509,Very High
14412,0,0.053785335,Low
14413,0,0.1771699,Moderate
14414,0,0.2505336,High
14415,1,0.63153684,Very High
14416,0,0.062863216,Low
14417,0,0.39132744,High
14418,0,0.11370175,Moderate
14419,0,0.717975,Very High
14420,1,0.44932872,High
14421,0,0.24668941,Moderate
14422,0,0.15298815,Moderate
14423,0,0.108329795,Moderate
14424,0,0.17614764,Moderate
14425,0,0.17045912,Moderate
14426,0,0.0841859,Low
14427,0,0.10408911,Moderate
14428,0,0.3168495,High
14429,1,0.81959045,Very High
14430,0,0.07109051,Low
14431,0,0.21534859,Moderate
14432,0,0.06787541,Low
14433,0,0.11538259,Moderate
14434,0,0.12224696,Moderate
14435,1,0.44837296,High
14436,0,0.028333426,Low
14437,0,0.13018326,Moderate
14438,1,0.15227829,Moderate
14439,0,0.18756789,Moderate
14440,1,0.8336173,Very High
14441,0,0.1353309,Moderate
14442,0,0.1532264,Moderate
14443,0,0.24607754,Moderate
14444,0,0.09937453,Low
14445,0,0.14503756,Moderate
14446,1,0.29720032,High
14447,1,0.7246377,Very High
14448,0,0.10021421,Moderate
14449,0,0.04296646,Low
14450,0,0.027977932,Low
14451,0,0.1826121,Moderate
14452,0,0.2119648,Moderate
14453,1,0.254796,High
14454,0,0.32881746,High
14455,1,0.16281027,Moderate
14456,0,0.06632651,Low
14457,0,0.052368492,Low
14458,1,0.2692053,High
14459,0,0.06958228,Low
14460,0,0.08402206,Low
14461,0,0.2242954,Moderate
14462,0,0.1999865,Moderate
14463,0,0.17375371,Moderate
14464,0,0.044829205,Low
14465,0,0.045932364,Low
14466,0,0.4901057,High
14467,0,0.046128098,Low
14468,1,0.6408254,Very High
14469,0,0.20719185,Moderate
14470,0,0.083830655,Low
14471,1,0.8333265,Very High
14472,1,0.7554065,Very High
14473,0,0.10746105,Moderate
14474,0,0.63469607,Very High
14475,0,0.16273887,Moderate
14476,0,0.089085594,Low
14477,0,0.12674533,Moderate
14478,0,0.09161202,Low
14479,0,0.35556382,High
14480,0,0.4331857,High
14481,1,0.23325855,Moderate
14482,0,0.10064231,Moderate
14483,0,0.18328516,Moderate
14484,1,0.3461179,High
14485,0,0.10967364,Moderate
14486,0,0.50125635,Very High
14487,0,0.060582355,Low
14488,0,0.19303288,Moderate
14489,0,0.06118964,Low
14490,0,0.50817657,Very High
14491,0,0.21718101,Moderate
14492,0,0.103896104,Moderate
14493,0,0.065848,Low
14494,0,0.090626754,Low
14495,0,0.08105508,Low
14496,0,0.039532594,Low
14497,1,0.14174281,Moderate
14498,0,0.047892384,Low
14499,0,0.07132011,Low
14500,0,0.4750004,High
14501,1,0.42957568,High
14502,0,0.19300035,Moderate
14503,0,0.08798306,Low
14504,1,0.24516584,Moderate
14505,0,0.07085369,Low
14506,0,0.70788306,Very High
14507,0,0.24608435,Moderate
14508,0,0.04738,Low
14509,0,0.0959483,Low
14510,0,0.39617455,High
14511,0,0.5077664,Very High
14512,0,0.044977542,Low
14513,0,0.24981162,Moderate
14514,0,0.06920248,Low
14515,0,0.20786296,Moderate
14516,0,0.014272868,Low
14517,0,0.109705746,Moderate
14518,0,0.12845097,Moderate
14519,1,0.7982878,Very High
14520,1,0.32842034,High
14521,0,0.087453075,Low
14522,1,0.42302474,High
14523,0,0.27161828,High
14524,0,0.08321937,Low
14525,0,0.16611585,Moderate
14526,0,0.108145624,Moderate
14527,0,0.10573454,Moderate
14528,0,0.3126052,High
14529,0,0.07226271,Low
14530,0,0.16505621,Moderate
14531,1,0.16546525,Moderate
14532,0,0.10419924,Moderate
14533,0,0.071084626,Low
14534,0,0.19905633,Moderate
14535,1,0.15760122,Moderate
14536,0,0.18635933,Moderate
14537,0,0.09754058,Low
14538,1,0.1731464,Moderate
14539,0,0.15045126,Moderate
14540,0,0.15142047,Moderate
14541,0,0.071839266,Low
14542,1,0.68924695,Very High
14543,1,0.81467587,Very High
14544,0,0.118820734,Moderate
14545,1,0.21414621,Moderate
14546,0,0.15810636,Moderate
14547,1,0.7222119,Very High
14548,0,0.14960836,Moderate
14549,0,0.231082,Moderate
14550,1,0.21664982,Moderate
14551,0,0.124473445,Moderate
14552,0,0.7434354,Very High
14553,0,0.29238436,High
14554,1,0.33052662,High
14555,0,0.0608528,Low
14556,0,0.10936983,Moderate
14557,0,0.18791404,Moderate
14558,0,0.3094005,High
14559,0,0.06984621,Low
14560,0,0.073465265,Low
14561,1,0.18067129,Moderate
14562,0,0.20568912,Moderate
14563,1,0.8112971,Very High
14564,1,0.35675684,High
14565,0,0.11036687,Moderate
14566,0,0.05072653,Low
14567,1,0.8132674,Very High
14568,0,0.048925277,Low
14569,1,0.22295038,Moderate
14570,1,0.7292669,Very High
14571,0,0.015481952,Low
14572,0,0.28001082,High
14573,1,0.18845186,Moderate
14574,0,0.11675072,Moderate
14575,0,0.26872838,High
14576,0,0.1495801,Moderate
14577,0,0.39599875,High
14578,0,0.06580865,Low
14579,0,0.20146774,Moderate
14580,0,0.09310569,Low
14581,0,0.063689,Low
14582,1,0.8647468,Very High
14583,0,0.064111166,Low
14584,1,0.50750613,Very High
14585,0,0.10966449,Moderate
14586,1,0.33437908,High
14587,1,0.34489682,High
14588,0,0.6249809,Very High
14589,0,0.5748181,Very High
14590,0,0.097824425,Low
14591,0,0.1417157,Moderate
14592,0,0.084969014,Low
14593,0,0.100880824,Moderate
14594,0,0.21031265,Moderate
14595,0,0.16401006,Moderate
14596,0,0.22158034,Moderate
14597,0,0.18106113,Moderate
14598,0,0.09033953,Low
14599,1,0.63497454,Very High
14600,0,0.09066812,Low
14601,0,0.42225114,High
14602,0,0.17141588,Moderate
14603,0,0.14690785,Moderate
14604,0,0.18027292,Moderate
14605,0,0.102107674,Moderate
14606,0,0.20867757,Moderate
14607,0,0.06765597,Low
14608,0,0.09501924,Low
14609,0,0.02582498,Low
14610,1,0.12665899,Moderate
14611,0,0.07881237,Low
14612,0,0.08684726,Low
14613,0,0.14301066,Moderate
14614,0,0.04619205,Low
14615,1,0.72497094,Very High
14616,0,0.07033067,Low
14617,0,0.12951258,Moderate
14618,0,0.044381604,Low
14619,0,0.10047506,Moderate
14620,0,0.38609794,High
14621,0,0.040209502,Low
14622,0,0.023591863,Low
14623,0,0.04498125,Low
14624,1,0.50521886,Very High
14625,0,0.10623207,Moderate
14626,0,0.15336803,Moderate
14627,0,0.2875955,High
14628,0,0.17002365,Moderate
14629,1,0.1600665,Moderate
14630,0,0.035797115,Low
14631,1,0.7280366,Very High
14632,0,0.031678174,Low
14633,0,0.16361164,Moderate
14634,0,0.36530447,High
14635,0,0.041247327,Low
14636,0,0.11524114,Moderate
14637,0,0.12143166,Moderate
14638,1,0.67006457,Very High
14639,0,0.41450137,High
14640,0,0.11544875,Moderate
14641,0,0.12614661,Moderate
14642,0,0.26151946,High
14643,0,0.45820713,High
14644,0,0.23940895,Moderate
14645,0,0.244283,Moderate
14646,0,0.19856213,Moderate
14647,0,0.671264,Very High
14648,0,0.0824547,Low
14649,0,0.065960534,Low
14650,1,0.761959,Very High
14651,0,0.34277123,High
14652,0,0.119535945,Moderate
14653,1,0.8180134,Very High
14654,0,0.05042188,Low
14655,0,0.1677554,Moderate
14656,0,0.32426402,High
14657,0,0.09823671,Low
14658,0,0.25813332,High
14659,0,0.24937701,Moderate
14660,0,0.16119204,Moderate
14661,0,0.1782666,Moderate
14662,0,0.11482063,Moderate
14663,0,0.018657196,Low
14664,0,0.0743436,Low
14665,0,0.13333072,Moderate
14666,1,0.21235688,Moderate
14667,0,0.034078028,Low
14668,0,0.12255077,Moderate
14669,0,0.08613789,Low
14670,0,0.081613995,Low
14671,0,0.04024996,Low
14672,1,0.31395084,High
14673,0,0.0798091,Low
14674,0,0.20347565,Moderate
14675,0,0.18108708,Moderate
14676,0,0.055088542,Low
14677,0,0.07608471,Low
14678,0,0.0685926,Low
14679,0,0.089286275,Low
14680,0,0.08584837,Low
14681,0,0.12326952,Moderate
14682,0,0.020649686,Low
14683,0,0.4413124,High
14684,0,0.04480558,Low
14685,0,0.21457146,Moderate
14686,0,0.061008543,Low
14687,0,0.11726252,Moderate
14688,0,0.12864016,Moderate
14689,0,0.047435805,Low
14690,0,0.06680641,Low
14691,1,0.1626636,Moderate
14692,1,0.8218267,Very High
14693,1,0.5164901,Very High
14694,0,0.099135615,Low
14695,1,0.061971895,Low
14696,1,0.58583295,Very High
14697,0,0.08836693,Low
14698,1,0.7822585,Very High
14699,0,0.09628197,Low
14700,0,0.15396766,Moderate
14701,0,0.048978664,Low
14702,0,0.07732019,Low
14703,0,0.21154344,Moderate
14704,0,0.076175705,Low
14705,0,0.092983216,Low
14706,1,0.23526901,Moderate
14707,1,0.8205594,Very High
14708,1,0.4632297,High
14709,0,0.7935444,Very High
14710,0,0.034739207,Low
14711,0,0.08702457,Low
14712,0,0.4411139,High
14713,0,0.0557447,Low
14714,0,0.07121692,Low
14715,0,0.12567687,Moderate
14716,0,0.14256151,Moderate
14717,0,0.11373059,Moderate
14718,0,0.75836045,Very High
14719,0,0.44131944,High
14720,0,0.03216026,Low
14721,1,0.16790663,Moderate
14722,0,0.020323094,Low
14723,1,0.7677928,Very High
14724,0,0.055853926,Low
14725,0,0.119145885,Moderate
14726,0,0.13276392,Moderate
14727,0,0.13840917,Moderate
14728,1,0.1376866,Moderate
14729,1,0.35603285,High
14730,0,0.067740254,Low
14731,0,0.08557047,Low
14732,0,0.06617768,Low
14733,0,0.0679161,Low
14734,1,0.7530502,Very High
14735,0,0.23263986,Moderate
14736,0,0.04323027,Low
14737,0,0.07707505,Low
14738,0,0.029423619,Low
14739,0,0.035514813,Low
14740,0,0.03873317,Low
14741,0,0.2577184,High
14742,1,0.38450128,High
14743,0,0.08116814,Low
14744,0,0.028633788,Low
14745,0,0.04172393,Low
14746,0,0.2219887,Moderate
14747,1,0.2986655,High
14748,0,0.12459807,Moderate
14749,0,0.17486914,Moderate
14750,0,0.12927425,Moderate
14751,0,0.11925355,Moderate
14752,0,0.629261,Very High
14753,0,0.027153892,Low
14754,0,0.24008258,Moderate
14755,0,0.045952942,Low
14756,1,0.17824122,Moderate
14757,0,0.0824028,Low
14758,0,0.64659667,Very High
14759,0,0.033593446,Low
14760,0,0.18442836,Moderate
14761,1,0.73266894,Very High
14762,0,0.2564035,High
14763,0,0.062850125,Low
14764,1,0.64231277,Very High
14765,0,0.065267056,Low
14766,0,0.059330303,Low
14767,1,0.10304351,Moderate
14768,0,0.08995382,Low
14769,0,0.13896587,Moderate
14770,0,0.10478397,Moderate
14771,1,0.17687897,Moderate
14772,0,0.23716865,Moderate
14773,0,0.16695906,Moderate
14774,0,0.14131844,Moderate
14775,0,0.029467931,Low
14776,0,0.37293017,High
14777,0,0.062820055,Low
14778,0,0.07705089,Low
14779,1,0.6306014,Very High
14780,1,0.24092479,Moderate
14781,0,0.18622793,Moderate
14782,0,0.042999994,Low
14783,0,0.29253212,High
14784,1,0.07450516,Low
14785,0,0.08341428,Low
14786,1,0.189814,Moderate
14787,1,0.16563743,Moderate
14788,0,0.028577836,Low
14789,0,0.4459935,High
14790,0,0.24235107,Moderate
14791,0,0.24885543,Moderate
14792,1,0.7347757,Very High
14793,0,0.16451219,Moderate
14794,1,0.7145272,Very High
14795,0,0.034899842,Low
14796,0,0.35147914,High
14797,1,0.7745355,Very High
14798,0,0.054723315,Low
14799,0,0.16132818,Moderate
14800,0,0.14025709,Moderate
14801,1,0.20645551,Moderate
14802,0,0.3128774,High
14803,0,0.24772489,Moderate
14804,0,0.17976108,Moderate
14805,1,0.22619444,Moderate
14806,0,0.74560267,Very High
14807,0,0.058381096,Low
14808,0,0.41930273,High
14809,1,0.29381427,High
14810,1,0.8058187,Very High
14811,0,0.32949153,High
14812,0,0.1934856,Moderate
14813,1,0.31166273,High
14814,0,0.18664636,Moderate
14815,0,0.07768509,Low
14816,0,0.06100167,Low
14817,0,0.1563157,Moderate
14818,0,0.18065436,Moderate
14819,0,0.122755036,Moderate
14820,0,0.30854765,High
14821,1,0.7137372,Very High
14822,0,0.18608618,Moderate
14823,1,0.21210441,Moderate
14824,0,0.05333695,Low
14825,1,0.6010703,Very High
14826,1,0.23990002,Moderate
14827,0,0.14206018,Moderate
14828,0,0.055243365,Low
14829,0,0.023164446,Low
14830,0,0.09209085,Low
14831,0,0.3170184,High
14832,0,0.08748307,Low
14833,1,0.7402746,Very High
14834,1,0.7065938,Very High
14835,0,0.038405012,Low
14836,0,0.14615205,Moderate
14837,1,0.11742886,Moderate
14838,0,0.08089246,Low
14839,0,0.21715128,Moderate
14840,0,0.14400744,Moderate
14841,0,0.19649033,Moderate
14842,0,0.13340965,Moderate
14843,1,0.52699906,Very High
14844,1,0.22312798,Moderate
14845,0,0.062357277,Low
14846,0,0.1256122,Moderate
14847,1,0.4407674,High
14848,0,0.021141995,Low
14849,0,0.09273465,Low
14850,0,0.1013774,Moderate
14851,0,0.11733277,Moderate
14852,0,0.0828129,Low
14853,0,0.0842289,Low
14854,0,0.09213729,Low
14855,0,0.12161928,Moderate
14856,0,0.19919221,Moderate
14857,0,0.15762024,Moderate
14858,0,0.27430433,High
14859,0,0.38848817,High
14860,0,0.09954054,Low
14861,0,0.7317221,Very High
14862,1,0.86430025,Very High
14863,0,0.09941995,Low
14864,0,0.09878574,Low
14865,1,0.34115154,High
14866,1,0.2317672,Moderate
14867,0,0.048848663,Low
14868,1,0.30604866,High
14869,0,0.0730795,Low
14870,0,0.17439663,Moderate
14871,0,0.075736135,Low
14872,0,0.043685373,Low
14873,1,0.3625771,High
14874,1,0.4563039,High
14875,0,0.15773919,Moderate
14876,0,0.09342415,Low
14877,0,0.059073824,Low
14878,0,0.09304513,Low
14879,0,0.15614672,Moderate
14880,0,0.051410034,Low
14881,0,0.3285334,High
14882,0,0.35070887,High
14883,0,0.2703981,High
14884,1,0.7832346,Very High
14885,1,0.3442494,High
14886,0,0.1547866,Moderate
14887,0,0.23469843,Moderate
14888,1,0.24295938,Moderate
14889,0,0.4686288,High
14890,0,0.06582413,Low
14891,0,0.12694108,Moderate
14892,1,0.8689474,Very High
14893,0,0.086164914,Low
14894,0,0.47588298,High
14895,0,0.12340689,Moderate
14896,0,0.07323455,Low
14897,0,0.13126545,Moderate
14898,1,0.36277553,High
14899,0,0.39086846,High
14900,0,0.033681765,Low
14901,0,0.3231107,High
14902,0,0.15430461,Moderate
14903,0,0.0619135,Low
14904,0,0.07066422,Low
14905,0,0.040925168,Low
14906,0,0.059227448,Low
14907,0,0.31458056,High
14908,0,0.04771572,Low
14909,0,0.3891671,High
14910,0,0.17802551,Moderate
14911,0,0.02979758,Low
14912,0,0.08585974,Low
14913,1,0.369659,High
14914,1,0.11109331,Moderate
14915,1,0.6731858,Very High
14916,0,0.043721374,Low
14917,0,0.051481288,Low
14918,0,0.34115908,High
14919,1,0.09959349,Low
14920,0,0.048381463,Low
14921,1,0.12861553,Moderate
14922,0,0.081853,Low
14923,0,0.7769126,Very High
14924,0,0.24069214,Moderate
14925,0,0.046592396,Low
14926,0,0.038316973,Low
14927,0,0.031224487,Low
14928,1,0.4611076,High
14929,0,0.05584976,Low
14930,0,0.31411886,High
14931,0,0.13085471,Moderate
14932,0,0.13967735,Moderate
14933,0,0.5907279,Very High
14934,0,0.027975475,Low
14935,0,0.07094401,Low
14936,0,0.11437135,Moderate
14937,1,0.11179614,Moderate
14938,0,0.6192212,Very High
14939,0,0.046738755,Low
14940,0,0.13555199,Moderate
14941,0,0.121852785,Moderate
14942,1,0.7438524,Very High
14943,0,0.19248304,Moderate
14944,0,0.20541877,Moderate
14945,0,0.19059686,Moderate
14946,1,0.20528185,Moderate
14947,0,0.14357422,Moderate
14948,0,0.17619443,Moderate
14949,0,0.04289639,Low
14950,0,0.17615627,Moderate
14951,1,0.9207501,Very High
14952,0,0.47785875,High
14953,0,0.35694683,High
14954,0,0.122607455,Moderate
14955,0,0.5878137,Very High
14956,0,0.1442041,Moderate
14957,0,0.15939808,Moderate
14958,0,0.18252954,Moderate
14959,0,0.042807646,Low
14960,0,0.24237308,Moderate
14961,0,0.049428575,Low
14962,0,0.2194771,Moderate
14963,0,0.08470637,Low
14964,0,0.08058111,Low
14965,0,0.09732564,Low
14966,0,0.18507163,Moderate
14967,0,0.102779716,Moderate
14968,0,0.18247989,Moderate
14969,0,0.31524944,High
14970,1,0.15133326,Moderate
14971,0,0.05994399,Low
14972,1,0.3942232,High
14973,0,0.22164507,Moderate
14974,1,0.874597,Very High
14975,0,0.082612954,Low
14976,1,0.22467683,Moderate
14977,1,0.8015761,Very High
14978,0,0.08129165,Low
14979,1,0.10792247,Moderate
14980,1,0.63159555,Very High
14981,1,0.7035389,Very High
14982,1,0.1386637,Moderate
14983,0,0.0774838,Low
14984,0,0.054069947,Low
14985,0,0.15340011,Moderate
14986,0,0.22266102,Moderate
14987,0,0.3573883,High
14988,0,0.05703543,Low
14989,1,0.19828366,Moderate
14990,0,0.12450735,Moderate
14991,1,0.35787478,High
14992,0,0.19924481,Moderate
14993,0,0.25667903,High
14994,0,0.09518269,Low
14995,0,0.094517775,Low
14996,0,0.4389798,High
14997,0,0.07763464,Low
14998,0,0.075528055,Low
14999,0,0.13771686,Moderate
15000,0,0.12898396,Moderate
15001,1,0.1545504,Moderate
15002,0,0.10297401,Moderate
15003,0,0.088862196,Low
15004,0,0.26888254,High
15005,0,0.022969654,Low
15006,0,0.3704005,High
15007,0,0.117234804,Moderate
15008,0,0.06589013,Low
15009,1,0.5871132,Very High
15010,0,0.36750534,High
15011,0,0.06988302,Low
15012,0,0.34731796,High
15013,0,0.10566429,Moderate
15014,0,0.51538914,Very High
15015,0,0.100835726,Moderate
15016,0,0.18181516,Moderate
15017,0,0.46719596,High
15018,0,0.29911903,High
15019,0,0.39835882,High
15020,0,0.063356,Low
15021,0,0.48846665,High
15022,0,0.046782102,Low
15023,0,0.15737818,Moderate
15024,0,0.07635221,Low
15025,0,0.36433476,High
15026,0,0.12441204,Moderate
15027,0,0.22314125,Moderate
15028,0,0.034042187,Low
15029,0,0.047979806,Low
15030,0,0.1376871,Moderate
15031,1,0.8078385,Very High
15032,0,0.07989618,Low
15033,1,0.43208808,High
15034,1,0.8164736,Very High
15035,1,0.17589267,Moderate
15036,1,0.30473012,High
15037,0,0.060490616,Low
15038,0,0.3023744,High
15039,0,0.09500631,Low
15040,0,0.09126737,Low
15041,0,0.086005986,Low
15042,0,0.09130236,Low
15043,0,0.33303466,High
15044,0,0.29504433,High
15045,0,0.024260301,Low
15046,0,0.21327016,Moderate
15047,0,0.110199094,Moderate
15048,0,0.15535785,Moderate
15049,0,0.12915787,Moderate
15050,0,0.14206187,Moderate
15051,0,0.078603834,Low
15052,0,0.05478706,Low
15053,1,0.41517037,High
15054,0,0.17585094,Moderate
15055,1,0.042110473,Low
15056,1,0.20838454,Moderate
15057,0,0.48897278,High
15058,0,0.10629681,Moderate
15059,1,0.10479927,Moderate
15060,0,0.15460064,Moderate
15061,1,0.7007458,Very High
15062,0,0.17656307,Moderate
15063,1,0.7615226,Very High
15064,0,0.11749296,Moderate
15065,0,0.03898117,Low
15066,0,0.015292225,Low
15067,0,0.11441001,Moderate
15068,0,0.09898475,Low
15069,0,0.048574142,Low
15070,0,0.10938458,Moderate
15071,0,0.27717745,High
15072,1,0.3993917,High
15073,0,0.27490118,High
15074,0,0.13731037,Moderate
15075,0,0.112708785,Moderate
15076,0,0.05423883,Low
15077,1,0.5746597,Very High
15078,0,0.09891213,Low
15079,0,0.058907386,Low
15080,0,0.12768789,Moderate
15081,0,0.03599377,Low
15082,0,0.10693857,Moderate
15083,0,0.09901053,Low
15084,0,0.030026034,Low
15085,1,0.14306626,Moderate
15086,0,0.060645346,Low
15087,1,0.82303345,Very High
15088,0,0.47690466,High
15089,0,0.7510181,Very High
15090,0,0.11562915,Moderate
15091,0,0.35216367,High
15092,0,0.028884606,Low
15093,0,0.032711904,Low
15094,0,0.06553569,Low
15095,1,0.32706454,High
15096,1,0.27312002,High
15097,0,0.12747417,Moderate
15098,0,0.11556546,Moderate
15099,0,0.28353733,High
15100,0,0.08818922,Low
15101,1,0.77025455,Very High
15102,0,0.08394487,Low
15103,0,0.34236756,High
15104,0,0.030511424,Low
15105,0,0.20318861,Moderate
15106,0,0.14440511,Moderate
15107,0,0.12055721,Moderate
15108,0,0.05581221,Low
15109,0,0.14742018,Moderate
15110,0,0.43803388,High
15111,0,0.605225,Very High
15112,1,0.8674637,Very High
15113,0,0.13769166,Moderate
15114,0,0.44468915,High
15115,0,0.16294691,Moderate
15116,1,0.15872873,Moderate
15117,0,0.1985845,Moderate
15118,0,0.7162499,Very High
15119,0,0.1235652,Moderate
15120,1,0.5790623,Very High
15121,0,0.093453914,Low
15122,0,0.19528116,Moderate
15123,0,0.14622709,Moderate
15124,1,0.32138157,High
15125,0,0.049212296,Low
15126,0,0.036003258,Low
15127,1,0.5023579,Very High
15128,0,0.12136437,Moderate
15129,0,0.3294655,High
15130,0,0.06369395,Low
15131,0,0.12341274,Moderate
15132,0,0.25157458,High
15133,0,0.0347564,Low
15134,0,0.14815101,Moderate
15135,0,0.15414909,Moderate
15136,0,0.124349065,Moderate
15137,0,0.37010068,High
15138,0,0.16508089,Moderate
15139,1,0.88994557,Very High
15140,1,0.13991007,Moderate
15141,1,0.42214513,High
15142,0,0.101869345,Moderate
15143,0,0.1360948,Moderate
15144,0,0.04474689,Low
15145,0,0.043821074,Low
15146,0,0.059178118,Low
15147,1,0.71042264,Very High
15148,0,0.07401509,Low
15149,1,0.45056885,High
15150,0,0.10606601,Moderate
15151,0,0.14276358,Moderate
15152,1,0.7164505,Very High
15153,0,0.32124284,High
15154,1,0.54910356,Very High
15155,1,0.7037818,Very High
15156,1,0.29558593,High
15157,0,0.10125494,Moderate
15158,0,0.15298091,Moderate
15159,0,0.11532632,Moderate
15160,0,0.5748323,Very High
15161,1,0.6475189,Very High
15162,0,0.123469636,Moderate
15163,0,0.042225752,Low
15164,0,0.08524337,Low
15165,0,0.15566038,Moderate
15166,0,0.19484161,Moderate
15167,0,0.104012005,Moderate
15168,0,0.15466534,Moderate
15169,0,0.1498576,Moderate
15170,1,0.7588421,Very High
15171,0,0.05289629,Low
15172,0,0.097695604,Low
15173,1,0.26877558,High
15174,0,0.33015066,High
15175,0,0.1688472,Moderate
15176,0,0.10454174,Moderate
15177,0,0.11229049,Moderate
15178,0,0.28271675,High
15179,0,0.077895485,Low
15180,1,0.70086205,Very High
15181,1,0.6446008,Very High
15182,0,0.10653563,Moderate
15183,0,0.19711953,Moderate
15184,0,0.09937657,Low
15185,0,0.7419854,Very High
15186,0,0.7245065,Very High
15187,0,0.051888704,Low
15188,0,0.40247193,High
15189,0,0.051820684,Low
15190,1,0.31811142,High
15191,0,0.4032693,High
15192,0,0.101897635,Moderate
15193,0,0.07633872,Low
15194,1,0.6960103,Very High
15195,0,0.15547131,Moderate
15196,0,0.13517162,Moderate
15197,0,0.059677348,Low
15198,0,0.09855175,Low
15199,0,0.052823655,Low
15200,0,0.16462371,Moderate
15201,1,0.668103,Very High
15202,1,0.77195925,Very High
15203,0,0.21058233,Moderate
15204,0,0.10150005,Moderate
15205,0,0.07990675,Low
15206,0,0.2739274,High
15207,0,0.1364337,Moderate
15208,1,0.34941813,High
15209,0,0.25182828,High
15210,0,0.32036194,High
15211,0,0.091561094,Low
15212,0,0.20706661,Moderate
15213,1,0.36159918,High
15214,0,0.05753624,Low
15215,0,0.12674037,Moderate
15216,0,0.12469954,Moderate
15217,0,0.1600124,Moderate
15218,0,0.15188724,Moderate
15219,0,0.30547032,High
15220,0,0.14052746,Moderate
15221,0,0.17714472,Moderate
15222,0,0.058799732,Low
15223,0,0.055163253,Low
15224,1,0.1292391,Moderate
15225,0,0.1250682,Moderate
15226,1,0.417326,High
15227,1,0.5542863,Very High
15228,0,0.044085696,Low
15229,0,0.48571,High
15230,0,0.11375504,Moderate
15231,0,0.35184377,High
15232,1,0.7434326,Very High
15233,0,0.12234158,Moderate
15234,0,0.34512603,High
15235,1,0.1903363,Moderate
15236,0,0.14341924,Moderate
15237,1,0.7423975,Very High
15238,0,0.039892886,Low
15239,0,0.03192011,Low
15240,0,0.17461881,Moderate
15241,0,0.3495006,High
15242,0,0.121738136,Moderate
15243,0,0.099722564,Low
15244,0,0.03656735,Low
15245,0,0.36400428,High
15246,0,0.13318798,Moderate
15247,0,0.059031043,Low
15248,0,0.28227893,High
15249,0,0.043875244,Low
15250,0,0.17164169,Moderate
15251,0,0.6550971,Very High
15252,0,0.61610353,Very High
15253,1,0.16943578,Moderate
15254,0,0.03176245,Low
15255,0,0.070099175,Low
15256,0,0.111436024,Moderate
15257,0,0.15912014,Moderate
15258,0,0.114237055,Moderate
15259,0,0.2521056,High
15260,0,0.13469356,Moderate
15261,0,0.044542357,Low
15262,0,0.067174315,Low
15263,0,0.11677707,Moderate
15264,0,0.12788215,Moderate
15265,1,0.10578814,Moderate
15266,0,0.053264752,Low
15267,0,0.103380814,Moderate
15268,0,0.40784833,High
15269,0,0.046184454,Low
15270,0,0.03463403,Low
15271,1,0.15938254,Moderate
15272,0,0.14077406,Moderate
15273,0,0.11005423,Moderate
15274,0,0.062204853,Low
15275,1,0.074672244,Low
15276,0,0.27207634,High
15277,0,0.06823884,Low
15278,0,0.032592826,Low
15279,0,0.16640864,Moderate
15280,1,0.55532086,Very High
15281,0,0.045154266,Low
15282,0,0.036691107,Low
15283,0,0.11197536,Moderate
15284,0,0.123196304,Moderate
15285,0,0.060449786,Low
15286,0,0.10613608,Moderate
15287,0,0.025839953,Low
15288,0,0.45743382,High
15289,0,0.038622078,Low
15290,1,0.51278013,Very High
15291,0,0.09619454,Low
15292,0,0.16666421,Moderate
15293,0,0.091435134,Low
15294,0,0.16745058,Moderate
15295,0,0.076678574,Low
15296,1,0.5914844,Very High
15297,0,0.11617057,Moderate
15298,0,0.088024065,Low
15299,0,0.054083217,Low
15300,0,0.032575075,Low
15301,0,0.18833955,Moderate
15302,0,0.080451876,Low
15303,1,0.1511361,Moderate
15304,1,0.103648685,Moderate
15305,0,0.1289801,Moderate
15306,0,0.10116933,Moderate
15307,1,0.511204,Very High
15308,0,0.1332679,Moderate
15309,0,0.50536567,Very High
15310,0,0.20644596,Moderate
15311,0,0.21974373,Moderate
15312,0,0.16927631,Moderate
15313,0,0.14207019,Moderate
15314,0,0.087416306,Low
15315,0,0.057399713,Low
15316,0,0.119228676,Moderate
15317,1,0.6728331,Very High
15318,0,0.21709621,Moderate
15319,0,0.11905988,Moderate
15320,0,0.08944889,Low
15321,1,0.13151045,Moderate
15322,0,0.016191559,Low
15323,0,0.14136241,Moderate
15324,0,0.06366893,Low
15325,1,0.07758852,Low
15326,0,0.040366128,Low
15327,0,0.067997664,Low
15328,0,0.08688016,Low
15329,0,0.18086533,Moderate
15330,0,0.094668895,Low
15331,0,0.08831764,Low
15332,1,0.3934678,High
15333,0,0.0375686,Low
15334,0,0.14508641,Moderate
15335,0,0.04127442,Low
15336,0,0.07809864,Low
15337,0,0.25198174,High
15338,0,0.05323612,Low
15339,0,0.177503,Moderate
15340,1,0.7542951,Very High
15341,0,0.23107682,Moderate
15342,0,0.063549556,Low
15343,0,0.17590109,Moderate
15344,0,0.114443675,Moderate
15345,0,0.18276194,Moderate
15346,0,0.0706014,Low
15347,0,0.07767561,Low
15348,0,0.16400635,Moderate
15349,0,0.115316205,Moderate
15350,0,0.10233683,Moderate
15351,1,0.78100234,Very High
15352,0,0.42899197,High
15353,0,0.37601173,High
15354,0,0.18068251,Moderate
15355,0,0.12667567,Moderate
15356,0,0.04435252,Low
15357,0,0.3624985,High
15358,0,0.47352916,High
15359,0,0.060641196,Low
15360,0,0.17716046,Moderate
15361,0,0.18106109,Moderate
15362,0,0.17414014,Moderate
15363,0,0.035847414,Low
15364,0,0.10941045,Moderate
15365,0,0.15366647,Moderate
15366,1,0.69718874,Very High
15367,0,0.07329729,Low
15368,0,0.5252946,Very High
15369,1,0.71959573,Very High
15370,0,0.18912089,Moderate
15371,0,0.029896593,Low
15372,0,0.19542679,Moderate
15373,0,0.022442639,Low
15374,0,0.08522183,Low
15375,0,0.029099897,Low
15376,0,0.053541,Low
15377,0,0.04751699,Low
15378,0,0.24765591,Moderate
15379,0,0.066197254,Low
15380,0,0.03923837,Low
15381,0,0.021907208,Low
15382,0,0.035703145,Low
15383,0,0.27187404,High
15384,1,0.8189345,Very High
15385,0,0.06944782,Low
15386,1,0.37312102,High
15387,0,0.25173956,High
15388,0,0.17821898,Moderate
15389,0,0.039233398,Low
15390,0,0.03822344,Low
15391,0,0.13230269,Moderate
15392,0,0.034060303,Low
15393,1,0.17047241,Moderate
15394,0,0.10866476,Moderate
15395,0,0.3358559,High
15396,0,0.086069204,Low
15397,0,0.11077643,Moderate
15398,0,0.15012844,Moderate
15399,1,0.11757478,Moderate
15400,0,0.17153913,Moderate
15401,0,0.75957704,Very High
15402,1,0.12861073,Moderate
15403,0,0.10123546,Moderate
15404,0,0.062523805,Low
15405,0,0.096331395,Low
15406,0,0.31226158,High
15407,0,0.7036208,Very High
15408,0,0.035837278,Low
15409,0,0.075821266,Low
15410,0,0.08662892,Low
15411,0,0.15809858,Moderate
15412,0,0.6188889,Very High
15413,0,0.061390657,Low
15414,0,0.08146012,Low
15415,1,0.35458717,High
15416,0,0.21467026,Moderate
15417,0,0.09220668,Low
15418,0,0.48305348,High
15419,0,0.089500226,Low
15420,0,0.31002572,High
15421,0,0.14607498,Moderate
15422,1,0.62663877,Very High
15423,0,0.05158541,Low
15424,0,0.37304416,High
15425,1,0.6889653,Very High
15426,0,0.11092169,Moderate
15427,1,0.18993992,Moderate
15428,1,0.87932265,Very High
15429,0,0.13616732,Moderate
15430,0,0.19575685,Moderate
15431,0,0.16657643,Moderate
15432,0,0.08547076,Low
15433,0,0.14742889,Moderate
15434,0,0.03766078,Low
15435,0,0.1470539,Moderate
15436,0,0.3320005,High
15437,0,0.17945911,Moderate
15438,0,0.1497057,Moderate
15439,0,0.3399488,High
15440,1,0.3156163,High
15441,0,0.10767008,Moderate
15442,1,0.14142443,Moderate
15443,0,0.12356735,Moderate
15444,1,0.44927734,High
15445,0,0.14954627,Moderate
15446,0,0.35185963,High
15447,0,0.17184299,Moderate
15448,1,0.37247932,High
15449,0,0.20722522,Moderate
15450,0,0.029331686,Low
15451,0,0.18598957,Moderate
15452,0,0.020140553,Low
15453,0,0.2025528,Moderate
15454,0,0.11103204,Moderate
15455,1,0.78725713,Very High
15456,0,0.3784048,High
15457,0,0.02390749,Low
15458,0,0.33454177,High
15459,0,0.2362936,Moderate
15460,0,0.27378628,High
15461,0,0.13356753,Moderate
15462,0,0.28249913,High
15463,0,0.28628305,High
15464,0,0.029107919,Low
15465,0,0.10977011,Moderate
15466,0,0.26585972,High
15467,0,0.55983615,Very High
15468,0,0.077732235,Low
15469,1,0.4291786,High
15470,1,0.79749966,Very High
15471,0,0.03363594,Low
15472,1,0.2545937,High
15473,0,0.025482029,Low
15474,0,0.13867944,Moderate
15475,0,0.05561871,Low
15476,1,0.68530965,Very High
15477,0,0.2909592,High
15478,0,0.10635949,Moderate
15479,0,0.13710219,Moderate
15480,0,0.086043835,Low
15481,1,0.7957285,Very High
15482,1,0.09734043,Low
15483,0,0.09485327,Low
15484,0,0.23272386,Moderate
15485,0,0.37531906,High
15486,0,0.058512777,Low
15487,0,0.055448808,Low
15488,1,0.28502566,High
15489,1,0.28121558,High
15490,0,0.16946465,Moderate
15491,1,0.37456813,High
15492,0,0.14259341,Moderate
15493,1,0.21803716,Moderate
15494,0,0.17564182,Moderate
15495,1,0.18587258,Moderate
15496,0,0.51730263,Very High
15497,0,0.1567899,Moderate
15498,1,0.48076692,High
15499,0,0.086572506,Low
15500,0,0.36263746,High
15501,1,0.67912525,Very High
15502,0,0.15082799,Moderate
15503,0,0.17487766,Moderate
15504,1,0.100044765,Moderate
15505,0,0.30076212,High
15506,0,0.48894143,High
15507,0,0.16602004,Moderate
15508,0,0.041995335,Low
15509,0,0.1586555,Moderate
15510,0,0.11559468,Moderate
15511,0,0.06435199,Low
15512,0,0.16540888,Moderate
15513,1,0.79292417,Very High
15514,1,0.060517,Low
15515,0,0.03055318,Low
15516,1,0.12932974,Moderate
15517,1,0.19406222,Moderate
15518,1,0.7670983,Very High
15519,0,0.074684255,Low
15520,0,0.16897592,Moderate
15521,0,0.038575634,Low
15522,0,0.3339667,High
15523,0,0.34046632,High
15524,0,0.022912536,Low
15525,0,0.31477028,High
15526,0,0.10440913,Moderate
15527,1,0.3661282,High
15528,0,0.10953345,Moderate
15529,0,0.09550988,Low
15530,0,0.063917585,Low
15531,0,0.070104584,Low
15532,1,0.5830205,Very High
15533,1,0.39005002,High
15534,0,0.054164752,Low
15535,0,0.037056457,Low
15536,0,0.15482713,Moderate
15537,1,0.8341098,Very High
15538,0,0.14013977,Moderate
15539,0,0.05255092,Low
15540,0,0.11313945,Moderate
15541,0,0.16708638,Moderate
15542,0,0.13827679,Moderate
15543,1,0.23742102,Moderate
15544,0,0.31742194,High
15545,1,0.77457476,Very High
15546,1,0.6254016,Very High
15547,0,0.13102758,Moderate
15548,0,0.15869066,Moderate
15549,1,0.036465082,Low
15550,0,0.031294487,Low
15551,0,0.6608046,Very High
15552,1,0.22400841,Moderate
15553,0,0.034633495,Low
15554,0,0.04081539,Low
15555,0,0.072919324,Low
15556,1,0.6521196,Very High
15557,0,0.061572805,Low
15558,0,0.04551234,Low
15559,1,0.8018848,Very High
15560,0,0.19974962,Moderate
15561,0,0.06594404,Low
15562,0,0.0651764,Low
15563,0,0.029327024,Low
15564,1,0.66740817,Very High
15565,0,0.33591732,High
15566,0,0.24156357,Moderate
15567,1,0.1511332,Moderate
15568,0,0.0573694,Low
15569,0,0.10018108,Moderate
15570,0,0.030676413,Low
15571,0,0.81892985,Very High
15572,0,0.0719047,Low
15573,0,0.17352673,Moderate
15574,0,0.2967272,High
15575,1,0.17333972,Moderate
15576,1,0.2776048,High
15577,0,0.06072553,Low
15578,0,0.16363075,Moderate
15579,0,0.20194967,Moderate
15580,1,0.28144613,High
15581,1,0.81019723,Very High
15582,0,0.17082621,Moderate
15583,0,0.15640701,Moderate
15584,1,0.3955691,High
15585,0,0.057095036,Low
15586,1,0.7955359,Very High
15587,0,0.12394735,Moderate
15588,0,0.08569587,Low
15589,0,0.052805945,Low
15590,0,0.03439484,Low
15591,0,0.15235014,Moderate
15592,0,0.14118913,Moderate
15593,0,0.16887261,Moderate
15594,1,0.7674471,Very High
15595,0,0.106581524,Moderate
15596,0,0.0617136,Low
15597,0,0.15152386,Moderate
15598,1,0.5458144,Very High
15599,0,0.66725636,Very High
15600,1,0.6169946,Very High
15601,0,0.1449165,Moderate
15602,0,0.12810133,Moderate
15603,1,0.51318467,Very High
15604,0,0.11338695,Moderate
15605,0,0.17171666,Moderate
15606,0,0.100599244,Moderate
15607,1,0.065526456,Low
15608,0,0.023504226,Low
15609,0,0.15671386,Moderate
15610,0,0.0925722,Low
15611,0,0.15683527,Moderate
15612,0,0.093693584,Low
15613,0,0.12236391,Moderate
15614,0,0.08633901,Low
15615,0,0.5808637,Very High
15616,1,0.52489823,Very High
15617,0,0.14259619,Moderate
15618,0,0.22757252,Moderate
15619,1,0.121859826,Moderate
15620,0,0.04754201,Low
15621,0,0.0959691,Low
15622,0,0.02752639,Low
15623,0,0.06756985,Low
15624,0,0.34360942,High
15625,1,0.20758215,Moderate
15626,0,0.12861112,Moderate
15627,0,0.2688259,High
15628,0,0.082953654,Low
15629,0,0.36146832,High
15630,0,0.26936957,High
15631,0,0.0770201,Low
15632,0,0.03482131,Low
15633,1,0.35401762,High
15634,0,0.042356987,Low
15635,0,0.07315336,Low
15636,0,0.06538347,Low
15637,0,0.11106238,Moderate
15638,0,0.114318594,Moderate
15639,1,0.42789337,High
15640,0,0.5418251,Very High
15641,0,0.059901502,Low
15642,0,0.13693704,Moderate
15643,0,0.115370356,Moderate
15644,0,0.0474186,Low
15645,0,0.11448241,Moderate
15646,0,0.25074688,High
15647,0,0.062142123,Low
15648,0,0.10570657,Moderate
15649,0,0.092157274,Low
15650,0,0.10536386,Moderate
15651,0,0.08653008,Low
15652,0,0.4994545,High
15653,0,0.1550407,Moderate
15654,0,0.20171343,Moderate
15655,0,0.18634559,Moderate
15656,1,0.21829207,Moderate
15657,0,0.026965538,Low
15658,0,0.022652207,Low
15659,0,0.065207854,Low
15660,0,0.13867137,Moderate
15661,0,0.19128868,Moderate
15662,0,0.11751421,Moderate
15663,0,0.092591144,Low
15664,1,0.41419324,High
15665,0,0.08219838,Low
15666,0,0.14151946,Moderate
15667,0,0.17427053,Moderate
15668,0,0.041969113,Low
15669,0,0.030132458,Low
15670,0,0.15899174,Moderate
15671,0,0.051239897,Low
15672,1,0.620527,Very High
15673,1,0.5501862,Very High
15674,0,0.22218755,Moderate
15675,0,0.24797115,Moderate
15676,1,0.4876676,High
15677,0,0.14313178,Moderate
15678,0,0.427678,High
15679,0,0.110672265,Moderate
15680,0,0.18785878,Moderate
15681,0,0.08669466,Low
15682,1,0.33143562,High
15683,0,0.04369061,Low
15684,0,0.4784765,High
15685,0,0.057647742,Low
15686,0,0.37563315,High
15687,0,0.04536034,Low
15688,0,0.16551618,Moderate
15689,1,0.030964598,Low
15690,1,0.17300874,Moderate
15691,0,0.35517487,High
15692,1,0.25972152,High
15693,0,0.17972359,Moderate
15694,0,0.025502913,Low
15695,0,0.11411262,Moderate
15696,0,0.1346815,Moderate
15697,1,0.17300342,Moderate
15698,0,0.076655366,Low
15699,0,0.031671043,Low
15700,0,0.44073462,High
15701,1,0.7128853,Very High
15702,0,0.15981649,Moderate
15703,0,0.08466777,Low
15704,0,0.21341151,Moderate
15705,0,0.03236946,Low
15706,0,0.14222056,Moderate
15707,0,0.083949186,Low
15708,0,0.30111974,High
15709,0,0.04050467,Low
15710,0,0.057558298,Low
15711,0,0.22694407,Moderate
15712,0,0.101530336,Moderate
15713,0,0.27910823,High
15714,0,0.13311696,Moderate
15715,0,0.052528378,Low
15716,0,0.05784015,Low
15717,0,0.09379324,Low
15718,0,0.08224102,Low
15719,1,0.68525076,Very High
15720,0,0.06640894,Low
15721,0,0.16818516,Moderate
15722,0,0.25894055,High
15723,0,0.2230209,Moderate
15724,0,0.07818807,Low
15725,0,0.18186906,Moderate
15726,0,0.12570028,Moderate
15727,1,0.7631696,Very High
15728,0,0.1894948,Moderate
15729,0,0.07276575,Low
15730,1,0.16242959,Moderate
15731,0,0.2983572,High
15732,0,0.1880305,Moderate
15733,0,0.34647283,High
15734,0,0.13130046,Moderate
15735,0,0.15636289,Moderate
15736,1,0.36270073,High
15737,0,0.08600051,Low
15738,0,0.048038643,Low
15739,0,0.08342699,Low
15740,0,0.13138798,Moderate
15741,0,0.58957726,Very High
15742,0,0.10389379,Moderate
15743,0,0.060827706,Low
15744,0,0.12741208,Moderate
15745,1,0.47122246,High
15746,0,0.05448296,Low
15747,0,0.36509296,High
15748,0,0.36585897,High
15749,0,0.44302043,High
15750,0,0.3402859,High
15751,0,0.1945777,Moderate
15752,1,0.6951003,Very High
15753,0,0.51963776,Very High
15754,0,0.073084794,Low
15755,0,0.06755526,Low
15756,0,0.1339158,Moderate
15757,0,0.29268497,High
15758,1,0.73574704,Very High
15759,1,0.7555774,Very High
15760,0,0.6452164,Very High
15761,1,0.78773594,Very High
15762,0,0.117727116,Moderate
15763,1,0.67022955,Very High
15764,0,0.7164716,Very High
15765,0,0.14374155,Moderate
15766,1,0.83502555,Very High
15767,0,0.600124,Very High
15768,0,0.40156525,High
15769,1,0.14009815,Moderate
15770,0,0.20656607,Moderate
15771,1,0.17345673,Moderate
15772,0,0.15837657,Moderate
15773,1,0.7082214,Very High
15774,0,0.036829375,Low
15775,1,0.7621797,Very High
15776,0,0.15908736,Moderate
15777,0,0.08809906,Low
15778,1,0.54050404,Very High
15779,1,0.84183365,Very High
15780,0,0.12439672,Moderate
15781,0,0.10206928,Moderate
15782,0,0.052943747,Low
15783,0,0.15685286,Moderate
15784,0,0.21474096,Moderate
15785,1,0.7021227,Very High
15786,0,0.12669843,Moderate
15787,0,0.09467619,Low
15788,0,0.12889625,Moderate
15789,1,0.76278913,Very High
15790,0,0.03415488,Low
15791,0,0.07392832,Low
15792,0,0.0990181,Low
15793,1,0.311202,High
15794,0,0.09328963,Low
15795,0,0.16623494,Moderate
15796,1,0.29978445,High
15797,0,0.121328056,Moderate
15798,0,0.1570191,Moderate
15799,0,0.33440477,High
15800,0,0.38389763,High
15801,0,0.31401923,High
15802,0,0.042552907,Low
15803,0,0.62320215,Very High
15804,0,0.12437213,Moderate
15805,0,0.1543883,Moderate
15806,0,0.25186804,High
15807,0,0.10829848,Moderate
15808,0,0.0471275,Low
15809,0,0.433155,High
15810,0,0.037319366,Low
15811,1,0.6860822,Very High
15812,0,0.1467522,Moderate
15813,0,0.09770378,Low
15814,1,0.18025352,Moderate
15815,0,0.39431113,High
15816,0,0.32494396,High
15817,0,0.06572417,Low
15818,0,0.055831898,Low
15819,0,0.039169185,Low
15820,0,0.12796932,Moderate
15821,0,0.6427858,Very High
15822,0,0.14818771,Moderate
15823,1,0.35922703,High
15824,0,0.6411847,Very High
15825,0,0.35819045,High
15826,0,0.17414786,Moderate
15827,1,0.71843547,Very High
15828,0,0.09786561,Low
15829,0,0.051564973,Low
15830,0,0.16833292,Moderate
15831,0,0.070457675,Low
15832,1,0.5038842,Very High
15833,0,0.10579425,Moderate
15834,0,0.037255906,Low
15835,1,0.7235356,Very High
15836,0,0.32606634,High
15837,0,0.13609889,Moderate
15838,0,0.07479178,Low
15839,0,0.027816718,Low
15840,0,0.2017737,Moderate
15841,0,0.12023451,Moderate
15842,0,0.072491065,Low
15843,1,0.5761044,Very High
15844,1,0.7579801,Very High
15845,0,0.15957277,Moderate
15846,0,0.11972828,Moderate
15847,1,0.11070256,Moderate
15848,0,0.081948325,Low
15849,0,0.11445552,Moderate
15850,0,0.22985153,Moderate
15851,1,0.56515306,Very High
15852,0,0.3036674,High
15853,0,0.20989184,Moderate
15854,1,0.7964677,Very High
15855,0,0.08961666,Low
15856,1,0.77408594,Very High
15857,0,0.3486458,High
15858,0,0.06842451,Low
15859,0,0.18578857,Moderate
15860,0,0.1600697,Moderate
15861,0,0.038798664,Low
15862,1,0.764894,Very High
15863,1,0.34746152,High
15864,0,0.23051356,Moderate
15865,0,0.2689731,High
15866,0,0.098624334,Low
15867,0,0.2369662,Moderate
15868,1,0.7221082,Very High
15869,0,0.059639107,Low
15870,0,0.028340375,Low
15871,0,0.051666304,Low
15872,0,0.73476493,Very High
15873,0,0.0990498,Low
15874,0,0.062247608,Low
15875,0,0.10731113,Moderate
15876,1,0.30109555,High
15877,0,0.102307275,Moderate
15878,1,0.3449323,High
15879,1,0.1270816,Moderate
15880,0,0.07261755,Low
15881,0,0.0941705,Low
15882,0,0.18555076,Moderate
15883,0,0.109199695,Moderate
15884,0,0.26238844,High
15885,0,0.08839865,Low
15886,0,0.6255131,Very High
15887,0,0.405363,High
15888,0,0.050969716,Low
15889,0,0.42103687,High
15890,0,0.21209456,Moderate
15891,1,0.700574,Very High
15892,0,0.09842698,Low
15893,0,0.15816201,Moderate
15894,0,0.22071181,Moderate
15895,0,0.056371618,Low
15896,0,0.40156963,High
15897,1,0.22156756,Moderate
15898,0,0.15188082,Moderate
15899,1,0.61587787,Very High
15900,0,0.11151697,Moderate
15901,0,0.18727018,Moderate
15902,0,0.09600976,Low
15903,1,0.59320664,Very High
15904,1,0.61128956,Very High
15905,0,0.040571075,Low
15906,0,0.09288701,Low
15907,0,0.059200324,Low
15908,0,0.18831891,Moderate
15909,0,0.20290595,Moderate
15910,0,0.58335096,Very High
15911,0,0.044881485,Low
15912,0,0.053109404,Low
15913,0,0.11650368,Moderate
15914,1,0.1956431,Moderate
15915,1,0.3168495,High
15916,0,0.18619123,Moderate
15917,1,0.19463426,Moderate
15918,0,0.036037542,Low
15919,0,0.06796879,Low
15920,0,0.6914095,Very High
15921,0,0.036600996,Low
15922,0,0.10463701,Moderate
15923,1,0.7233215,Very High
15924,0,0.038186047,Low
15925,1,0.44939095,High
15926,0,0.20188326,Moderate
15927,0,0.02859568,Low
15928,0,0.08480137,Low
15929,0,0.13886149,Moderate
15930,1,0.78144485,Very High
15931,0,0.053149454,Low
15932,0,0.07119011,Low
15933,0,0.13381685,Moderate
15934,0,0.13473551,Moderate
15935,0,0.10152986,Moderate
15936,1,0.7477507,Very High
15937,0,0.072189905,Low
15938,0,0.6066346,Very High
15939,0,0.040454477,Low
15940,1,0.5420979,Very High
15941,0,0.12388964,Moderate
15942,0,0.63349676,Very High
15943,0,0.024057822,Low
15944,0,0.08149502,Low
15945,0,0.11588826,Moderate
15946,0,0.03701572,Low
15947,0,0.23137023,Moderate
15948,1,0.8833047,Very High
15949,0,0.05615697,Low
15950,0,0.08063104,Low
15951,1,0.44812974,High
15952,0,0.20681779,Moderate
15953,0,0.021663493,Low
15954,0,0.13664535,Moderate
15955,1,0.7496291,Very High
15956,0,0.07211026,Low
15957,0,0.13499586,Moderate
15958,1,0.7076614,Very High
15959,0,0.11372466,Moderate
15960,1,0.75816274,Very High
15961,0,0.036273733,Low
15962,0,0.2306072,Moderate
15963,0,0.11546407,Moderate
15964,0,0.1288226,Moderate
15965,1,0.83378786,Very High
15966,0,0.16228795,Moderate
15967,0,0.26136297,High
15968,1,0.1651956,Moderate
15969,0,0.1689886,Moderate
15970,1,0.56890607,Very High
15971,1,0.23063609,Moderate
15972,0,0.051516585,Low
15973,1,0.40949938,High
15974,1,0.33594412,High
15975,0,0.093856454,Low
15976,1,0.4036027,High
15977,1,0.29911822,High
15978,0,0.11722418,Moderate
15979,1,0.23203585,Moderate
15980,0,0.057056833,Low
15981,0,0.4960078,High
15982,0,0.31299928,High
15983,0,0.34981942,High
15984,1,0.63225824,Very High
15985,1,0.14452377,Moderate
15986,0,0.2901261,High
15987,0,0.11313354,Moderate
15988,1,0.8082235,Very High
15989,1,0.12265101,Moderate
15990,0,0.12993681,Moderate
15991,0,0.19523206,Moderate
15992,0,0.25400326,High
15993,0,0.1271645,Moderate
15994,0,0.06883841,Low
15995,0,0.10353478,Moderate
15996,0,0.06338693,Low
15997,1,0.07983666,Low
15998,0,0.1823,Moderate
15999,1,0.4130388,High
16000,0,0.101451136,Moderate
16001,1,0.9279685,Very High
16002,0,0.09965329,Low
16003,1,0.4717273,High
16004,0,0.074313305,Low
16005,0,0.05433727,Low
16006,0,0.17792661,Moderate
16007,0,0.1588172,Moderate
16008,0,0.6929703,Very High
16009,0,0.12182934,Moderate
16010,0,0.21998435,Moderate
16011,0,0.078645304,Low
16012,0,0.114975184,Moderate
16013,0,0.19870582,Moderate
16014,0,0.1272472,Moderate
16015,0,0.16904049,Moderate
16016,0,0.15134843,Moderate
16017,0,0.48662978,High
16018,0,0.13577925,Moderate
16019,0,0.021018054,Low
16020,0,0.071720615,Low
16021,0,0.2683585,High
16022,0,0.34878093,High
16023,0,0.053359356,Low
16024,0,0.16880013,Moderate
16025,0,0.066066176,Low
16026,1,0.53871536,Very High
16027,1,0.7248357,Very High
16028,0,0.33766285,High
16029,1,0.3417521,High
16030,1,0.4655243,High
16031,0,0.034382824,Low
16032,0,0.46388024,High
16033,0,0.07507593,Low
16034,1,0.36104244,High
16035,0,0.16880924,Moderate
16036,0,0.25573808,High
16037,0,0.08671464,Low
16038,0,0.06472772,Low
16039,0,0.52582157,Very High
16040,1,0.87051284,Very High
16041,0,0.14552934,Moderate
16042,0,0.11136131,Moderate
16043,0,0.28856072,High
16044,1,0.27416682,High
16045,0,0.3235986,High
16046,0,0.19431384,Moderate
16047,1,0.36812437,High
16048,0,0.42938814,High
16049,0,0.13234618,Moderate
16050,0,0.63507426,Very High
16051,0,0.09322072,Low
16052,0,0.0870777,Low
16053,1,0.7544517,Very High
16054,0,0.12519917,Moderate
16055,0,0.04303527,Low
16056,0,0.10595162,Moderate
16057,0,0.17314248,Moderate
16058,0,0.081123054,Low
16059,0,0.16663358,Moderate
16060,1,0.15962909,Moderate
16061,0,0.40480638,High
16062,0,0.16319692,Moderate
16063,0,0.08584633,Low
16064,0,0.35266483,High
16065,0,0.3471777,High
16066,0,0.105278164,Moderate
16067,1,0.7306129,Very High
16068,0,0.22650717,Moderate
16069,0,0.1142097,Moderate
16070,0,0.13732255,Moderate
16071,0,0.09841536,Low
16072,0,0.10348033,Moderate
16073,0,0.06487189,Low
16074,0,0.14127502,Moderate
16075,0,0.1810059,Moderate
16076,1,0.644939,Very High
16077,0,0.14534165,Moderate
16078,0,0.21119364,Moderate
16079,1,0.31599054,High
16080,0,0.09277516,Low
16081,0,0.036858395,Low
16082,0,0.113186546,Moderate
16083,0,0.6762073,Very High
16084,0,0.49418288,High
16085,0,0.079932086,Low
16086,1,0.16805369,Moderate
16087,0,0.044600897,Low
16088,1,0.16695128,Moderate
16089,1,0.07940128,Low
16090,1,0.70162344,Very High
16091,0,0.3190633,High
16092,1,0.73748636,Very High
16093,1,0.74681485,Very High
16094,0,0.062549815,Low
16095,1,0.4657715,High
16096,0,0.2802037,High
16097,0,0.063012324,Low
16098,1,0.64991957,Very High
16099,1,0.82020235,Very High
16100,1,0.1816028,Moderate
16101,1,0.14752416,Moderate
16102,0,0.02994831,Low
16103,0,0.03275286,Low
16104,0,0.67338693,Very High
16105,1,0.15498649,Moderate
16106,1,0.17615673,Moderate
16107,1,0.14989233,Moderate
16108,1,0.6348597,Very High
16109,0,0.2051913,Moderate
16110,0,0.08666086,Low
16111,1,0.07272438,Low
16112,0,0.041659098,Low
16113,0,0.10580839,Moderate
16114,0,0.055350468,Low
16115,0,0.0277177,Low
16116,1,0.48923743,High
16117,1,0.085902154,Low
16118,0,0.03158175,Low
16119,0,0.23614614,Moderate
16120,0,0.10478867,Moderate
16121,0,0.1592108,Moderate
16122,1,0.49936876,High
16123,0,0.025613302,Low
16124,0,0.10534355,Moderate
16125,1,0.55973953,Very High
16126,1,0.7687182,Very High
16127,0,0.7996012,Very High
16128,0,0.13879478,Moderate
16129,1,0.04560799,Low
16130,0,0.12040516,Moderate
16131,0,0.10711909,Moderate
16132,0,0.23448214,Moderate
16133,1,0.6378394,Very High
16134,1,0.14774297,Moderate
16135,1,0.38876963,High
16136,1,0.2986967,High
16137,0,0.39199287,High
16138,1,0.33171874,High
16139,1,0.29623985,High
16140,0,0.057428043,Low
16141,0,0.39959016,High
16142,0,0.4869229,High
16143,0,0.104708225,Moderate
16144,0,0.044429224,Low
16145,0,0.044768084,Low
16146,0,0.09443757,Low
16147,0,0.059813097,Low
16148,0,0.07322596,Low
16149,1,0.2679913,High
16150,0,0.10148194,Moderate
16151,0,0.24759896,Moderate
16152,0,0.13634172,Moderate
16153,0,0.08846173,Low
16154,0,0.23859318,Moderate
16155,1,0.7666575,Very High
16156,1,0.3252783,High
16157,1,0.16341196,Moderate
16158,1,0.77911484,Very High
16159,0,0.11085052,Moderate
16160,0,0.06961343,Low
16161,0,0.034031898,Low
16162,0,0.07454811,Low
16163,1,0.6846972,Very High
16164,0,0.2723079,High
16165,0,0.08932769,Low
16166,0,0.11932013,Moderate
16167,0,0.14120759,Moderate
16168,0,0.15732792,Moderate
16169,0,0.14076068,Moderate
16170,1,0.21504013,Moderate
16171,0,0.23143123,Moderate
16172,0,0.034080353,Low
16173,0,0.26429898,High
16174,0,0.15233912,Moderate
16175,1,0.111994304,Moderate
16176,0,0.09771769,Low
16177,0,0.14234886,Moderate
16178,1,0.7967132,Very High
16179,0,0.20637445,Moderate
16180,1,0.14036976,Moderate
16181,0,0.042243075,Low
16182,1,0.101697944,Moderate
16183,0,0.045132805,Low
16184,1,0.23742718,Moderate
16185,1,0.2510974,High
16186,0,0.09179881,Low
16187,0,0.080275334,Low
16188,0,0.6119974,Very High
16189,1,0.66296244,Very High
16190,0,0.05939719,Low
16191,1,0.4634375,High
16192,1,0.69196475,Very High
16193,0,0.021850616,Low
16194,0,0.04400967,Low
16195,0,0.11703646,Moderate
16196,1,0.03530532,Low
16197,0,0.039997328,Low
16198,0,0.25182837,High
16199,0,0.10679771,Moderate
16200,0,0.13620879,Moderate
16201,0,0.33685842,High
16202,0,0.091360964,Low
16203,0,0.13194728,Moderate
16204,0,0.1956169,Moderate
16205,0,0.22110304,Moderate
16206,0,0.17067857,Moderate
16207,0,0.064232394,Low
16208,0,0.11842201,Moderate
16209,1,0.10070213,Moderate
16210,1,0.78593487,Very High
16211,0,0.16951454,Moderate
16212,0,0.46530703,High
16213,0,0.1429073,Moderate
16214,0,0.090529315,Low
16215,0,0.097731814,Low
16216,0,0.11795509,Moderate
16217,0,0.069713764,Low
16218,0,0.15019377,Moderate
16219,0,0.16528817,Moderate
16220,1,0.27528182,High
16221,0,0.030451795,Low
16222,0,0.0809601,Low
16223,1,0.7987067,Very High
16224,1,0.7912318,Very High
16225,1,0.45997065,High
16226,1,0.16701739,Moderate
16227,1,0.7548966,Very High
16228,0,0.3667768,High
16229,1,0.7288357,Very High
16230,0,0.05465131,Low
16231,0,0.17130768,Moderate
16232,1,0.36176798,High
16233,0,0.051113565,Low
16234,0,0.060404878,Low
16235,0,0.19681391,Moderate
16236,1,0.7605082,Very High
16237,0,0.66702724,Very High
16238,1,0.77957046,Very High
16239,0,0.11040309,Moderate
16240,0,0.04222557,Low
16241,0,0.107487015,Moderate
16242,0,0.04391021,Low
16243,0,0.1156292,Moderate
16244,1,0.2717401,High
16245,0,0.19677284,Moderate
16246,0,0.1527479,Moderate
16247,1,0.4445676,High
16248,1,0.7776953,Very High
16249,0,0.19284008,Moderate
16250,0,0.14332013,Moderate
16251,0,0.3090245,High
16252,0,0.39768568,High
16253,0,0.06833011,Low
16254,0,0.07627968,Low
16255,1,0.25783274,High
16256,0,0.30464137,High
16257,0,0.112889074,Moderate
16258,1,0.2476547,Moderate
16259,0,0.3005588,High
16260,1,0.7629859,Very High
16261,0,0.4421717,High
16262,0,0.08973297,Low
16263,0,0.052785546,Low
16264,0,0.04101116,Low
16265,1,0.47228664,High
16266,0,0.11935604,Moderate
16267,0,0.06930997,Low
16268,0,0.1146356,Moderate
16269,0,0.031280126,Low
16270,0,0.055082683,Low
16271,0,0.08436776,Low
16272,0,0.08534318,Low
16273,0,0.17678142,Moderate
16274,0,0.1589591,Moderate
16275,0,0.35500085,High
16276,0,0.102363475,Moderate
16277,1,0.029535968,Low
16278,0,0.0730833,Low
16279,0,0.08592307,Low
16280,0,0.08470719,Low
16281,0,0.02528712,Low
16282,0,0.30997357,High
16283,0,0.04799845,Low
16284,0,0.07200071,Low
16285,0,0.54267424,Very High
16286,0,0.2555595,High
16287,0,0.58449453,Very High
16288,0,0.13147785,Moderate
16289,1,0.20288551,Moderate
16290,1,0.62577015,Very High
16291,1,0.44128478,High
16292,0,0.09520755,Low
16293,1,0.15738939,Moderate
16294,0,0.15010901,Moderate
16295,1,0.37246004,High
16296,0,0.22399688,Moderate
16297,0,0.24873097,Moderate
16298,1,0.6968382,Very High
16299,0,0.1473786,Moderate
16300,1,0.5903703,Very High
16301,0,0.033693988,Low
16302,0,0.15230134,Moderate
16303,1,0.6677701,Very High
16304,0,0.024203314,Low
16305,1,0.68400186,Very High
16306,1,0.45344925,High
16307,0,0.1417093,Moderate
16308,1,0.6470568,Very High
16309,0,0.07078828,Low
16310,0,0.7679154,Very High
16311,0,0.11435377,Moderate
16312,0,0.069755405,Low
16313,0,0.1912314,Moderate
16314,0,0.14555094,Moderate
16315,0,0.07585103,Low
16316,0,0.45148322,High
16317,0,0.23852654,Moderate
16318,0,0.059958357,Low
16319,0,0.11491814,Moderate
16320,0,0.23051387,Moderate
16321,0,0.12954718,Moderate
16322,0,0.26005816,High
16323,1,0.23658912,Moderate
16324,0,0.07549954,Low
16325,1,0.14962974,Moderate
16326,0,0.44317216,High
16327,1,0.12191508,Moderate
16328,0,0.30402637,High
16329,0,0.20463023,Moderate
16330,0,0.06535112,Low
16331,1,0.59881264,Very High
16332,0,0.122158945,Moderate
16333,0,0.24187662,Moderate
16334,1,0.14988092,Moderate
16335,0,0.13386203,Moderate
16336,0,0.2864391,High
16337,0,0.16145262,Moderate
16338,1,0.17929634,Moderate
16339,1,0.1425359,Moderate
16340,1,0.86937606,Very High
16341,0,0.115637206,Moderate
16342,0,0.11774433,Moderate
16343,0,0.07006257,Low
16344,1,0.37588173,High
16345,0,0.29951036,High
16346,0,0.020312654,Low
16347,1,0.5301752,Very High
16348,0,0.5870239,Very High
16349,0,0.042595413,Low
16350,1,0.14985704,Moderate
16351,0,0.69978625,Very High
16352,0,0.033898562,Low
16353,1,0.2033639,Moderate
16354,1,0.26543206,High
16355,0,0.032390106,Low
16356,0,0.13719997,Moderate
16357,0,0.11487258,Moderate
16358,0,0.42696306,High
16359,0,0.1597241,Moderate
16360,0,0.25396907,High
16361,0,0.28623724,High
16362,0,0.06244622,Low
16363,0,0.34745866,High
16364,0,0.14182603,Moderate
16365,0,0.11576976,Moderate
16366,0,0.123321794,Moderate
16367,0,0.17252468,Moderate
16368,1,0.19620457,Moderate
16369,0,0.048265807,Low
16370,0,0.023470996,Low
16371,0,0.094277225,Low
16372,0,0.03393448,Low
16373,0,0.19219086,Moderate
16374,0,0.032881547,Low
16375,1,0.8351132,Very High
16376,1,0.5434402,Very High
16377,1,0.8538053,Very High
16378,0,0.06692526,Low
16379,0,0.06373444,Low
16380,1,0.527508,Very High
16381,1,0.27179527,High
16382,1,0.17629673,Moderate
16383,1,0.48793116,High
16384,0,0.354658,High
16385,0,0.2582627,High
16386,0,0.12902051,Moderate
16387,1,0.31585285,High
16388,0,0.023063598,Low
16389,0,0.08384446,Low
16390,0,0.34265313,High
16391,1,0.17006885,Moderate
16392,1,0.19633853,Moderate
16393,0,0.049276534,Low
16394,0,0.106598966,Moderate
16395,0,0.12531722,Moderate
16396,0,0.037188277,Low
16397,0,0.6512773,Very High
16398,0,0.19124922,Moderate
16399,0,0.2020257,Moderate
16400,0,0.13741872,Moderate
16401,1,0.73921764,Very High
16402,0,0.2424962,Moderate
16403,0,0.10522344,Moderate
16404,0,0.29740092,High
16405,0,0.22268379,Moderate
16406,1,0.1854033,Moderate
16407,1,0.110144086,Moderate
16408,0,0.23470508,Moderate
16409,0,0.09920766,Low
16410,0,0.035689127,Low
16411,0,0.124435335,Moderate
16412,0,0.07662506,Low
16413,0,0.20774993,Moderate
16414,0,0.25174382,High
16415,0,0.14605345,Moderate
16416,0,0.54637915,Very High
16417,0,0.18941717,Moderate
16418,0,0.08989394,Low
16419,0,0.06369744,Low
16420,0,0.12727927,Moderate
16421,0,0.013588508,Low
16422,0,0.13027757,Moderate
16423,0,0.088033,Low
16424,1,0.26369506,High
16425,0,0.088802546,Low
16426,0,0.13720456,Moderate
16427,0,0.20906062,Moderate
16428,0,0.20806925,Moderate
16429,0,0.23028226,Moderate
16430,0,0.154313,Moderate
16431,0,0.01840384,Low
16432,0,0.59824395,Very High
16433,1,0.6153538,Very High
16434,1,0.18462946,Moderate
16435,1,0.3406354,High
16436,0,0.16989236,Moderate
16437,0,0.19274864,Moderate
16438,0,0.04906536,Low
16439,1,0.13619193,Moderate
16440,1,0.3006725,High
16441,1,0.56218743,Very High
16442,0,0.09385864,Low
16443,0,0.21300186,Moderate
16444,0,0.31039143,High
16445,0,0.14631319,Moderate
16446,0,0.093790226,Low
16447,1,0.28995806,High
16448,0,0.16375531,Moderate
16449,1,0.15176275,Moderate
16450,0,0.09145549,Low
16451,0,0.11931501,Moderate
16452,1,0.8692853,Very High
16453,0,0.077868894,Low
16454,0,0.24514626,Moderate
16455,1,0.8595174,Very High
16456,0,0.71576154,Very High
16457,1,0.11594429,Moderate
16458,0,0.061517205,Low
16459,0,0.52014977,Very High
16460,1,0.60928965,Very High
16461,0,0.12114101,Moderate
16462,1,0.7450699,Very High
16463,0,0.21932745,Moderate
16464,1,0.66585237,Very High
16465,0,0.096368216,Low
16466,0,0.08567706,Low
16467,0,0.09740781,Low
16468,1,0.32569775,High
16469,0,0.15391669,Moderate
16470,1,0.818336,Very High
16471,0,0.066644475,Low
16472,0,0.0496153,Low
16473,0,0.09006761,Low
16474,0,0.24020891,Moderate
16475,0,0.2034425,Moderate
16476,1,0.59522784,Very High
16477,0,0.09123688,Low
16478,1,0.85295475,Very High
16479,1,0.7045877,Very High
16480,1,0.6155355,Very High
16481,1,0.362472,High
16482,0,0.04206479,Low
16483,1,0.366321,High
16484,0,0.13249703,Moderate
16485,1,0.16195081,Moderate
16486,0,0.09635026,Low
16487,0,0.13363403,Moderate
16488,1,0.7329314,Very High
16489,0,0.22962467,Moderate
16490,1,0.83463985,Very High
16491,1,0.40502566,High
16492,0,0.23992261,Moderate
16493,0,0.099265955,Low
16494,0,0.21106942,Moderate
16495,0,0.10385714,Moderate
16496,1,0.4459201,High
16497,0,0.30783415,High
16498,0,0.51847386,Very High
16499,0,0.2005749,Moderate
16500,0,0.078815445,Low
16501,1,0.16608784,Moderate
16502,0,0.2653841,High
16503,1,0.795669,Very High
16504,0,0.22021967,Moderate
16505,0,0.15793136,Moderate
16506,1,0.68201,Very High
16507,1,0.67184794,Very High
16508,1,0.73321575,Very High
16509,0,0.19662131,Moderate
16510,1,0.5715271,Very High
16511,0,0.12914865,Moderate
16512,1,0.78981906,Very High
16513,1,0.8549956,Very High
16514,0,0.115385905,Moderate
16515,1,0.45725837,High
16516,1,0.49449995,High
16517,0,0.04036321,Low
16518,1,0.6982657,Very High
16519,0,0.16882947,Moderate
16520,1,0.5085532,Very High
16521,0,0.77754635,Very High
16522,1,0.7231363,Very High
16523,0,0.35847005,High
16524,0,0.2258396,Moderate
16525,0,0.5279629,Very High
16526,0,0.28800315,High
16527,0,0.72335553,Very High
16528,0,0.061102275,Low
16529,0,0.15749733,Moderate
16530,0,0.065693684,Low
16531,0,0.12960099,Moderate
16532,0,0.15649071,Moderate
16533,0,0.18607852,Moderate
16534,0,0.1450873,Moderate
16535,0,0.13779604,Moderate
16536,1,0.5641457,Very High
16537,0,0.015248035,Low
16538,0,0.13398421,Moderate
16539,0,0.3395232,High
16540,0,0.15691309,Moderate
16541,0,0.5146831,Very High
16542,1,0.67678535,Very High
16543,1,0.8174999,Very High
16544,1,0.6034218,Very High
16545,0,0.14419167,Moderate
16546,0,0.23658717,Moderate
16547,1,0.116588734,Moderate
16548,0,0.022696683,Low
16549,0,0.4999953,High
16550,0,0.5330826,Very High
16551,0,0.028011221,Low
16552,0,0.13077536,Moderate
16553,1,0.3180177,High
16554,0,0.27066186,High
16555,1,0.9251399,Very High
16556,0,0.23790829,Moderate
16557,0,0.067331925,Low
16558,0,0.08660289,Low
16559,1,0.8070139,Very High
16560,1,0.34439453,High
16561,0,0.03846354,Low
16562,1,0.2870423,High
16563,0,0.13686621,Moderate
16564,0,0.16347021,Moderate
16565,0,0.050037637,Low
16566,0,0.11272077,Moderate
16567,1,0.61443526,Very High
16568,0,0.4184831,High
16569,0,0.32921454,High
16570,0,0.13617523,Moderate
16571,1,0.18895125,Moderate
16572,0,0.77183056,Very High
16573,0,0.09632106,Low
16574,0,0.18674074,Moderate
16575,0,0.36052313,High
16576,0,0.22202018,Moderate
16577,0,0.68022,Very High
16578,0,0.055668812,Low
16579,1,0.50625056,Very High
16580,0,0.17231795,Moderate
16581,0,0.08385558,Low
16582,0,0.32714313,High
16583,1,0.1414558,Moderate
16584,0,0.052457526,Low
16585,1,0.17254266,Moderate
16586,0,0.022836417,Low
16587,0,0.05117723,Low
16588,0,0.028553111,Low
16589,0,0.038409293,Low
16590,0,0.16920415,Moderate
16591,0,0.4977493,High
16592,0,0.31632057,High
16593,1,0.8139747,Very High
16594,0,0.6074196,Very High
16595,1,0.49656415,High
16596,1,0.11525889,Moderate
16597,0,0.20722522,Moderate
16598,0,0.04262144,Low
16599,1,0.40358388,High
16600,0,0.21540451,Moderate
16601,0,0.66694736,Very High
16602,0,0.101071656,Moderate
16603,1,0.8185475,Very High
16604,0,0.1809111,Moderate
16605,0,0.107802786,Moderate
16606,0,0.16335867,Moderate
16607,0,0.19353235,Moderate
16608,0,0.44102278,High
16609,1,0.33746812,High
16610,0,0.09647167,Low
16611,0,0.37478432,High
16612,0,0.4457135,High
16613,1,0.73397565,Very High
16614,0,0.119442225,Moderate
16615,1,0.1315781,Moderate
16616,0,0.30801046,High
16617,0,0.23114981,Moderate
16618,0,0.10066396,Moderate
16619,0,0.04758061,Low
16620,0,0.16644548,Moderate
16621,0,0.62439775,Very High
16622,0,0.118830524,Moderate
16623,1,0.73095095,Very High
16624,0,0.09191514,Low
16625,0,0.07038149,Low
16626,1,0.81919646,Very High
16627,1,0.5671473,Very High
16628,1,0.07726188,Low
16629,0,0.19020428,Moderate
16630,0,0.10465877,Moderate
16631,0,0.28184813,High
16632,1,0.49794212,High
16633,0,0.26680085,High
16634,1,0.7191386,Very High
16635,1,0.7527058,Very High
16636,0,0.017155213,Low
16637,1,0.23505808,Moderate
16638,1,0.48738763,High
16639,0,0.08860271,Low
16640,1,0.5272676,Very High
16641,1,0.7382284,Very High
16642,0,0.08948251,Low
16643,0,0.52683914,Very High
16644,0,0.27517268,High
16645,1,0.27003977,High
16646,0,0.089458294,Low
16647,0,0.09145656,Low
16648,0,0.10119869,Moderate
16649,0,0.15072848,Moderate
16650,1,0.6518135,Very High
16651,0,0.17060247,Moderate
16652,1,0.54042655,Very High
16653,0,0.1488907,Moderate
16654,0,0.11113424,Moderate
16655,1,0.23908971,Moderate
16656,0,0.09356586,Low
16657,0,0.1957814,Moderate
16658,0,0.074861564,Low
16659,0,0.16547416,Moderate
16660,0,0.14022508,Moderate
16661,0,0.09743136,Low
16662,0,0.09888993,Low
16663,1,0.7527834,Very High
16664,0,0.17034401,Moderate
16665,0,0.11982575,Moderate
16666,0,0.061955426,Low
16667,1,0.11796165,Moderate
16668,1,0.4940185,High
16669,0,0.17306805,Moderate
16670,0,0.06576957,Low
16671,0,0.20193796,Moderate
16672,0,0.05919368,Low
16673,0,0.40735587,High
16674,0,0.10801264,Moderate
16675,0,0.44827396,High
16676,0,0.09659889,Low
16677,0,0.098452896,Low
16678,0,0.17052364,Moderate
16679,0,0.42946792,High
16680,1,0.6065974,Very High
16681,0,0.14997338,Moderate
16682,0,0.4411558,High
16683,0,0.11346109,Moderate
16684,1,0.7863604,Very High
16685,0,0.18621393,Moderate
16686,0,0.29927522,High
16687,1,0.50773174,Very High
16688,0,0.087478444,Low
16689,1,0.60759604,Very High
16690,1,0.829436,Very High
16691,1,0.79265887,Very High
16692,0,0.08106983,Low
16693,0,0.044394508,Low
16694,1,0.6874432,Very High
16695,0,0.052909207,Low
16696,0,0.1552078,Moderate
16697,0,0.7498971,Very High
16698,0,0.49574205,High
16699,0,0.24035993,Moderate
16700,1,0.84579545,Very High
16701,1,0.5790922,Very High
16702,0,0.03912016,Low
16703,0,0.19224569,Moderate
16704,0,0.15826988,Moderate
16705,0,0.65578824,Very High
16706,0,0.09423912,Low
16707,0,0.14070383,Moderate
16708,0,0.16908711,Moderate
16709,0,0.1909164,Moderate
16710,0,0.080143705,Low
16711,0,0.4368011,High
16712,1,0.47913438,High
16713,0,0.20587954,Moderate
16714,1,0.8415403,Very High
16715,0,0.10356757,Moderate
16716,0,0.16342278,Moderate
16717,0,0.07656786,Low
16718,1,0.43890414,High
16719,0,0.17853184,Moderate
16720,0,0.055587485,Low
16721,1,0.1454184,Moderate
16722,0,0.16798523,Moderate
16723,1,0.81598324,Very High
16724,0,0.061902333,Low
16725,0,0.031384468,Low
16726,0,0.042343594,Low
16727,0,0.39388344,High
16728,1,0.74329764,Very High
16729,0,0.20786653,Moderate
16730,1,0.53218716,Very High
16731,0,0.10912058,Moderate
16732,1,0.18277599,Moderate
16733,0,0.62646884,Very High
16734,1,0.23021467,Moderate
16735,0,0.17755815,Moderate
16736,0,0.1278703,Moderate
16737,0,0.12842856,Moderate
16738,0,0.097800225,Low
16739,1,0.41482756,High
16740,0,0.07089825,Low
16741,1,0.3681258,High
16742,0,0.11175485,Moderate
16743,0,0.50610614,Very High
16744,0,0.5962102,Very High
16745,1,0.16029823,Moderate
16746,0,0.09311749,Low
16747,0,0.057814613,Low
16748,0,0.032770485,Low
16749,0,0.805779,Very High
16750,0,0.22932331,Moderate
16751,0,0.15818344,Moderate
16752,0,0.46945596,High
16753,0,0.07049317,Low
16754,1,0.519132,Very High
16755,0,0.15501158,Moderate
16756,1,0.19633587,Moderate
16757,0,0.14831999,Moderate
16758,0,0.23592687,Moderate
16759,0,0.122442156,Moderate
16760,0,0.08897197,Low
16761,0,0.07093397,Low
16762,0,0.22310087,Moderate
16763,1,0.8176109,Very High
16764,0,0.25402606,High
16765,0,0.8159504,Very High
16766,0,0.18108362,Moderate
16767,0,0.15758076,Moderate
16768,1,0.2677211,High
16769,0,0.56436586,Very High
16770,0,0.17265038,Moderate
16771,1,0.6535543,Very High
16772,1,0.7399538,Very High
16773,1,0.43188798,High
16774,0,0.18495308,Moderate
16775,0,0.24292685,Moderate
16776,0,0.09493763,Low
16777,0,0.17728497,Moderate
16778,0,0.06653733,Low
16779,0,0.2775694,High
16780,1,0.46157172,High
16781,1,0.15172958,Moderate
16782,0,0.47073066,High
16783,1,0.42142183,High
16784,1,0.14473122,Moderate
16785,1,0.14792143,Moderate
16786,1,0.49906772,High
16787,0,0.116561,Moderate
16788,1,0.3745929,High
16789,1,0.8711364,Very High
16790,1,0.7778401,Very High
16791,0,0.034768913,Low
16792,0,0.15655884,Moderate
16793,0,0.5782051,Very High
16794,0,0.073986776,Low
16795,0,0.10410249,Moderate
16796,0,0.021175198,Low
16797,0,0.3210158,High
16798,0,0.11128075,Moderate
16799,0,0.4830223,High
16800,1,0.567725,Very High
16801,0,0.14204212,Moderate
16802,1,0.5729298,Very High
16803,0,0.18674868,Moderate
16804,0,0.0469933,Low
16805,0,0.26872578,High
16806,0,0.14115581,Moderate
16807,1,0.39565748,High
16808,1,0.13544218,Moderate
16809,0,0.07505428,Low
16810,0,0.042067412,Low
16811,0,0.13402626,Moderate
16812,0,0.13958654,Moderate
16813,1,0.79201186,Very High
16814,1,0.18763617,Moderate
16815,1,0.17763238,Moderate
16816,0,0.13506399,Moderate
16817,0,0.091678366,Low
16818,0,0.09960375,Low
16819,0,0.13133377,Moderate
16820,0,0.08755818,Low
16821,0,0.111007355,Moderate
16822,0,0.08894873,Low
16823,0,0.5744459,Very High
16824,0,0.10157321,Moderate
16825,1,0.20361455,Moderate
16826,1,0.14691311,Moderate
16827,1,0.3616821,High
16828,0,0.10121031,Moderate
16829,0,0.048314612,Low
16830,1,0.070265085,Low
16831,0,0.2361087,Moderate
16832,1,0.1311375,Moderate
16833,1,0.7563804,Very High
16834,0,0.57381284,Very High
16835,1,0.7004891,Very High
16836,0,0.08047221,Low
16837,0,0.061246503,Low
16838,0,0.10684266,Moderate
16839,1,0.8442122,Very High
16840,1,0.37453043,High
16841,0,0.09403019,Low
16842,0,0.11438435,Moderate
16843,0,0.14539741,Moderate
16844,0,0.16928805,Moderate
16845,1,0.39958653,High
16846,1,0.35958788,High
16847,0,0.122261845,Moderate
16848,1,0.7765488,Very High
16849,0,0.16561632,Moderate
16850,1,0.80516636,Very High
16851,0,0.111999065,Moderate
16852,0,0.21785548,Moderate
16853,0,0.03346101,Low
16854,1,0.75028735,Very High
16855,0,0.29084525,High
16856,0,0.23359443,Moderate
16857,0,0.7666964,Very High
16858,0,0.13433957,Moderate
16859,1,0.68789744,Very High
16860,0,0.065471776,Low
16861,0,0.12545341,Moderate
16862,0,0.061069485,Low
16863,1,0.18805334,Moderate
16864,1,0.32407403,High
16865,0,0.3388435,High
16866,0,0.08896164,Low
16867,0,0.15273802,Moderate
16868,0,0.17340837,Moderate
16869,0,0.06353462,Low
16870,1,0.6069894,Very High
16871,0,0.40406337,High
16872,1,0.4679532,High
16873,1,0.22013873,Moderate
16874,0,0.3014969,High
16875,0,0.29421827,High
16876,0,0.14387517,Moderate
16877,0,0.07384331,Low
16878,1,0.3268867,High
16879,0,0.028985677,Low
16880,0,0.19490957,Moderate
16881,0,0.47518942,High
16882,0,0.17933516,Moderate
16883,0,0.07693313,Low
16884,0,0.14134616,Moderate
16885,1,0.17104225,Moderate
16886,0,0.14636666,Moderate
16887,0,0.09738617,Low
16888,0,0.11114798,Moderate
16889,0,0.03789529,Low
16890,1,0.8190137,Very High
16891,0,0.033408336,Low
16892,0,0.22176503,Moderate
16893,0,0.076592155,Low
16894,0,0.06411207,Low
16895,1,0.17693754,Moderate
16896,1,0.4291929,High
16897,0,0.18505636,Moderate
16898,0,0.04478017,Low
16899,0,0.08892368,Low
16900,0,0.11853001,Moderate
16901,0,0.3602419,High
16902,0,0.13965455,Moderate
16903,0,0.18696636,Moderate
16904,0,0.08302204,Low
16905,0,0.06843679,Low
16906,0,0.12342969,Moderate
16907,0,0.13417105,Moderate
16908,1,0.30900124,High
16909,1,0.67269707,Very High
16910,0,0.13962464,Moderate
16911,0,0.07556873,Low
16912,0,0.21779661,Moderate
16913,0,0.30386513,High
16914,0,0.12963639,Moderate
16915,1,0.71026164,Very High
16916,0,0.040168174,Low
16917,0,0.15283282,Moderate
16918,0,0.11198764,Moderate
16919,0,0.21178754,Moderate
16920,0,0.62120944,Very High
16921,0,0.31500867,High
16922,0,0.1531253,Moderate
16923,1,0.58162963,Very High
16924,0,0.31497666,High
16925,0,0.2037167,Moderate
16926,1,0.60480255,Very High
16927,0,0.10743238,Moderate
16928,0,0.11703986,Moderate
16929,0,0.09291029,Low
16930,0,0.1804234,Moderate
16931,0,0.14612904,Moderate
16932,0,0.3796491,High
16933,1,0.87583727,Very High
16934,0,0.25465143,High
16935,0,0.20965369,Moderate
16936,0,0.13779472,Moderate
16937,0,0.095596604,Low
16938,1,0.7701222,Very High
16939,0,0.09871632,Low
16940,0,0.04374408,Low
16941,1,0.122071385,Moderate
16942,1,0.6333369,Very High
16943,1,0.65128356,Very High
16944,0,0.16953269,Moderate
16945,0,0.039799705,Low
16946,0,0.76843905,Very High
16947,0,0.5247935,Very High
16948,0,0.05388802,Low
16949,0,0.08031394,Low
16950,1,0.74039096,Very High
16951,0,0.40443236,High
16952,0,0.06170511,Low
16953,1,0.4880136,High
16954,0,0.5580237,Very High
16955,0,0.27848953,High
16956,0,0.15698728,Moderate
16957,0,0.5550488,Very High
16958,0,0.0341435,Low
16959,0,0.032631867,Low
16960,1,0.23025678,Moderate
16961,1,0.77865434,Very High
16962,1,0.17431378,Moderate
16963,0,0.06543374,Low
16964,1,0.8707148,Very High
16965,0,0.08070661,Low
16966,0,0.12430999,Moderate
16967,0,0.051863905,Low
16968,0,0.30839378,High
16969,0,0.22275978,Moderate
16970,1,0.10195634,Moderate
16971,1,0.7461815,Very High
16972,0,0.11856132,Moderate
16973,1,0.6695006,Very High
16974,0,0.030408427,Low
16975,1,0.691267,Very High
16976,0,0.17688394,Moderate
16977,0,0.08979355,Low
16978,0,0.54948395,Very High
16979,1,0.28273132,High
16980,0,0.35264662,High
16981,0,0.053235903,Low
16982,0,0.110613704,Moderate
16983,0,0.15303387,Moderate
16984,0,0.11631193,Moderate
16985,0,0.04871532,Low
16986,0,0.16120179,Moderate
16987,1,0.090634964,Low
16988,1,0.65551156,Very High
16989,0,0.29211214,High
16990,0,0.07669922,Low
16991,0,0.2518235,High
16992,1,0.7871141,Very High
16993,1,0.18125089,Moderate
16994,0,0.109582156,Moderate
16995,1,0.6132594,Very High
16996,0,0.5521688,Very High
16997,0,0.16103542,Moderate
16998,0,0.045689706,Low
16999,0,0.26202437,High
17000,0,0.14103755,Moderate
17001,0,0.12958908,Moderate
17002,1,0.35884765,High
17003,0,0.06979965,Low
17004,0,0.13765234,Moderate
17005,0,0.77171373,Very High
17006,0,0.16628483,Moderate
17007,1,0.43514758,High
17008,1,0.08370567,Low
17009,0,0.7154165,Very High
17010,0,0.05285086,Low
17011,0,0.20911285,Moderate
17012,0,0.22406265,Moderate
17013,0,0.235322,Moderate
17014,0,0.1405277,Moderate
17015,0,0.23733045,Moderate
17016,1,0.7380246,Very High
17017,0,0.07781835,Low
17018,1,0.3033725,High
17019,0,0.11627721,Moderate
17020,1,0.3952075,High
17021,1,0.710469,Very High
17022,0,0.31651455,High
17023,0,0.08879448,Low
17024,1,0.15394546,Moderate
17025,0,0.14100648,Moderate
17026,1,0.6722176,Very High
17027,1,0.20930468,Moderate
17028,1,0.21611974,Moderate
17029,0,0.1518236,Moderate
17030,0,0.1444527,Moderate
17031,0,0.43614125,High
17032,1,0.7570256,Very High
17033,0,0.33610392,High
17034,1,0.9360583,Very High
17035,1,0.2568621,High
17036,0,0.13197818,Moderate
17037,0,0.057785958,Low
17038,0,0.2245723,Moderate
17039,0,0.13276981,Moderate
17040,1,0.7951911,Very High
17041,0,0.33983868,High
17042,0,0.06953213,Low
17043,0,0.044894435,Low
17044,1,0.7074625,Very High
17045,0,0.22832724,Moderate
17046,1,0.17317745,Moderate
17047,1,0.16205132,Moderate
17048,0,0.12476925,Moderate
17049,1,0.74857074,Very High
17050,1,0.7558729,Very High
17051,1,0.70786184,Very High
17052,1,0.6237287,Very High
17053,1,0.67482173,Very High
17054,1,0.29005134,High
17055,0,0.21729803,Moderate
17056,0,0.7381432,Very High
17057,0,0.13650699,Moderate
17058,1,0.6070613,Very High
17059,1,0.1601381,Moderate
17060,1,0.6862589,Very High
17061,1,0.18943524,Moderate
17062,0,0.66716033,Very High
17063,0,0.15790442,Moderate
17064,1,0.25870532,High
17065,0,0.28592503,High
17066,0,0.115425855,Moderate
17067,0,0.08263506,Low
17068,0,0.053115014,Low
17069,0,0.101220354,Moderate
17070,1,0.6482657,Very High
17071,0,0.09222682,Low
17072,1,0.17698848,Moderate
17073,0,0.098143965,Low
17074,0,0.25337797,High
17075,0,0.23821522,Moderate
17076,0,0.16060333,Moderate
17077,1,0.75305134,Very High
17078,0,0.23057352,Moderate
17079,0,0.20666763,Moderate
17080,0,0.10619908,Moderate
17081,0,0.066272944,Low
17082,0,0.18425478,Moderate
17083,0,0.10318568,Moderate
17084,0,0.40880275,High
17085,0,0.15474975,Moderate
17086,1,0.5117685,Very High
17087,0,0.33413956,High
17088,1,0.5400003,Very High
17089,0,0.27941698,High
17090,0,0.3126287,High
17091,0,0.096156806,Low
17092,0,0.48874706,High
17093,1,0.13300757,Moderate
17094,0,0.15171054,Moderate
17095,0,0.06502106,Low
17096,0,0.118367314,Moderate
17097,0,0.11573541,Moderate
17098,0,0.046014264,Low
17099,0,0.10309747,Moderate
17100,0,0.063521355,Low
17101,1,0.53359807,Very High
17102,1,0.33937633,High
17103,0,0.22213757,Moderate
17104,0,0.2127635,Moderate
17105,0,0.062754884,Low
17106,1,0.20725,Moderate
17107,1,0.1931519,Moderate
17108,0,0.23546737,Moderate
17109,0,0.027094752,Low
17110,1,0.12013812,Moderate
17111,0,0.20920345,Moderate
17112,0,0.5230396,Very High
17113,0,0.11087663,Moderate
17114,0,0.1752943,Moderate
17115,0,0.2186865,Moderate
17116,0,0.11272601,Moderate
17117,0,0.15701786,Moderate
17118,0,0.12753382,Moderate
17119,0,0.08239929,Low
17120,0,0.022573745,Low
17121,0,0.22562219,Moderate
17122,1,0.7751206,Very High
17123,0,0.13838114,Moderate
17124,0,0.09355137,Low
17125,0,0.06551687,Low
17126,0,0.10488777,Moderate
17127,0,0.13081095,Moderate
17128,0,0.041624,Low
17129,0,0.2747343,High
17130,1,0.7970389,Very High
17131,0,0.109114744,Moderate
17132,0,0.14207418,Moderate
17133,1,0.15873331,Moderate
17134,1,0.6692297,Very High
17135,0,0.062636875,Low
17136,0,0.11784254,Moderate
17137,1,0.10011311,Moderate
17138,1,0.40960175,High
17139,1,0.46070588,High
17140,1,0.35188723,High
17141,1,0.767928,Very High
17142,0,0.114629515,Moderate
17143,1,0.41430357,High
17144,0,0.063239336,Low
17145,0,0.03393224,Low
17146,0,0.0427081,Low
17147,1,0.15329736,Moderate
17148,0,0.19020726,Moderate
17149,0,0.5213837,Very High
17150,0,0.15764776,Moderate
17151,0,0.1175018,Moderate
17152,0,0.056986842,Low
17153,0,0.025777468,Low
17154,1,0.7156813,Very High
17155,1,0.67842484,Very High
17156,1,0.7808939,Very High
17157,0,0.018336348,Low
17158,0,0.13386357,Moderate
17159,0,0.09156735,Low
17160,1,0.67163473,Very High
17161,0,0.033930685,Low
17162,0,0.084929384,Low
17163,0,0.13407531,Moderate
17164,0,0.17336898,Moderate
17165,0,0.05080444,Low
17166,0,0.21508765,Moderate
17167,0,0.1411686,Moderate
17168,0,0.081250355,Low
17169,0,0.13544121,Moderate
17170,0,0.10911884,Moderate
17171,0,0.36448544,High
17172,0,0.4639834,High
17173,0,0.09673912,Low
17174,0,0.14140846,Moderate
17175,1,0.72034085,Very High
17176,0,0.057350274,Low
17177,0,0.057817534,Low
17178,0,0.1614385,Moderate
17179,0,0.055360593,Low
17180,1,0.25860664,High
17181,1,0.7195054,Very High
17182,0,0.1516436,Moderate
17183,0,0.037567098,Low
17184,0,0.028300244,Low
17185,0,0.032054476,Low
17186,0,0.058691222,Low
17187,0,0.054969992,Low
17188,0,0.3236115,High
17189,1,0.63627416,Very High
17190,1,0.63021845,Very High
17191,0,0.7033479,Very High
17192,0,0.56826127,Very High
17193,0,0.031313553,Low
17194,1,0.2129063,Moderate
17195,0,0.07357035,Low
17196,0,0.05911503,Low
17197,0,0.15535398,Moderate
17198,0,0.17086816,Moderate
17199,0,0.12659223,Moderate
17200,0,0.044428416,Low
17201,0,0.15356591,Moderate
17202,1,0.81009585,Very High
17203,0,0.057947654,Low
17204,1,0.7508725,Very High
17205,0,0.06534052,Low
17206,0,0.13410361,Moderate
17207,0,0.099348255,Low
17208,1,0.78119487,Very High
17209,0,0.35552222,High
17210,0,0.13896663,Moderate
17211,0,0.08493044,Low
17212,0,0.15033308,Moderate
17213,0,0.20510028,Moderate
17214,1,0.4031243,High
17215,0,0.07832001,Low
17216,0,0.1926986,Moderate
17217,0,0.11921958,Moderate
17218,0,0.165071,Moderate
17219,0,0.3750614,High
17220,1,0.24038666,Moderate
17221,0,0.19934455,Moderate
17222,0,0.12300745,Moderate
17223,0,0.061627977,Low
17224,0,0.34446678,High
17225,0,0.31039503,High
17226,0,0.053944107,Low
17227,0,0.118270434,Moderate
17228,0,0.05818224,Low
17229,0,0.04578222,Low
17230,0,0.16511738,Moderate
17231,1,0.775979,Very High
17232,0,0.24238454,Moderate
17233,1,0.85714054,Very High
17234,0,0.13705102,Moderate
17235,1,0.7642689,Very High
17236,1,0.7829305,Very High
17237,1,0.7513558,Very High
17238,0,0.04498841,Low
17239,0,0.17461824,Moderate
17240,1,0.94421774,Very High
17241,0,0.32503745,High
17242,0,0.17040028,Moderate
17243,0,0.26243535,High
17244,0,0.119762965,Moderate
17245,1,0.6647015,Very High
17246,0,0.26630154,High
17247,0,0.33416888,High
17248,1,0.89431524,Very High
17249,1,0.6131827,Very High
17250,1,0.061652493,Low
17251,0,0.09970753,Low
17252,1,0.520716,Very High
17253,0,0.6108345,Very High
17254,0,0.11157119,Moderate
17255,1,0.7330443,Very High
17256,1,0.7443347,Very High
17257,1,0.68605494,Very High
17258,1,0.0938126,Low
17259,0,0.3750618,High
17260,0,0.10113992,Moderate
17261,0,0.06955342,Low
17262,0,0.1448824,Moderate
17263,0,0.1302299,Moderate
17264,0,0.05690317,Low
17265,1,0.15097788,Moderate
17266,1,0.62999827,Very High
17267,0,0.18339884,Moderate
17268,0,0.12200663,Moderate
17269,0,0.33212712,High
17270,0,0.10355116,Moderate
17271,0,0.04242157,Low
17272,0,0.06813229,Low
17273,0,0.04239892,Low
17274,0,0.3181248,High
17275,1,0.15397604,Moderate
17276,0,0.1016929,Moderate
17277,0,0.1714069,Moderate
17278,0,0.14620335,Moderate
17279,0,0.71732813,Very High
17280,0,0.14699604,Moderate
17281,0,0.16209438,Moderate
17282,1,0.50312114,Very High
17283,1,0.24031694,Moderate
17284,0,0.12677675,Moderate
17285,1,0.4125732,High
17286,0,0.13390256,Moderate
17287,0,0.088968515,Low
17288,0,0.049663093,Low
17289,0,0.12674965,Moderate
17290,1,0.34697172,High
17291,0,0.13577932,Moderate
17292,1,0.14017037,Moderate
17293,0,0.06362433,Low
17294,0,0.180061,Moderate
17295,0,0.64821684,Very High
17296,0,0.08732878,Low
17297,1,0.4884396,High
17298,0,0.05828535,Low
17299,0,0.048073255,Low
17300,0,0.043365818,Low
17301,0,0.12426663,Moderate
17302,0,0.15848824,Moderate
17303,0,0.06850458,Low
17304,1,0.71390617,Very High
17305,1,0.57344925,Very High
17306,0,0.20505093,Moderate
17307,0,0.29439354,High
17308,1,0.13733168,Moderate
17309,0,0.056351326,Low
17310,1,0.7231364,Very High
17311,0,0.06983878,Low
17312,1,0.34920228,High
17313,1,0.14439243,Moderate
17314,0,0.07474165,Low
17315,0,0.33277875,High
17316,1,0.35006887,High
17317,1,0.693663,Very High
17318,0,0.08850624,Low
17319,0,0.55854625,Very High
17320,1,0.61007935,Very High
17321,0,0.21695863,Moderate
17322,0,0.014490935,Low
17323,0,0.06526991,Low
17324,1,0.700013,Very High
17325,0,0.44796774,High
17326,0,0.17858012,Moderate
17327,0,0.13926663,Moderate
17328,0,0.03287887,Low
17329,0,0.25529525,High
17330,0,0.07256675,Low
17331,0,0.10696706,Moderate
17332,1,0.33417174,High
17333,0,0.11149584,Moderate
17334,0,0.061754685,Low
17335,0,0.30559608,High
17336,0,0.091752574,Low
17337,0,0.05124903,Low
17338,0,0.04558701,Low
17339,0,0.32354793,High
17340,0,0.29280943,High
17341,0,0.11973162,Moderate
17342,0,0.07251984,Low
17343,0,0.2042199,Moderate
17344,0,0.09873106,Low
17345,0,0.05366143,Low
17346,0,0.11220722,Moderate
17347,0,0.028886888,Low
17348,0,0.048007756,Low
17349,0,0.0492908,Low
17350,1,0.6561445,Very High
17351,0,0.061543737,Low
17352,1,0.65117955,Very High
17353,0,0.1371385,Moderate
17354,0,0.110483706,Moderate
17355,0,0.18731298,Moderate
17356,1,0.16985247,Moderate
17357,0,0.03711265,Low
17358,0,0.15234837,Moderate
17359,1,0.83844215,Very High
17360,0,0.056214105,Low
17361,1,0.47133058,High
17362,0,0.50006545,Very High
17363,0,0.34996134,High
17364,1,0.78540117,Very High
17365,1,0.236274,Moderate
17366,0,0.056443557,Low
17367,0,0.32719815,High
17368,0,0.034261864,Low
17369,0,0.2702417,High
17370,0,0.13644633,Moderate
17371,0,0.063203424,Low
17372,0,0.06273618,Low
17373,0,0.11437572,Moderate
17374,0,0.19509901,Moderate
17375,1,0.72235584,Very High
17376,0,0.36088097,High
17377,0,0.10269269,Moderate
17378,0,0.22324753,Moderate
17379,0,0.081067905,Low
17380,0,0.38121676,High
17381,0,0.055875342,Low
17382,0,0.07155692,Low
17383,0,0.15736006,Moderate
17384,0,0.10082749,Moderate
17385,1,0.4199055,High
17386,0,0.029533561,Low
17387,1,0.5758237,Very High
17388,0,0.07922202,Low
17389,1,0.7588195,Very High
17390,0,0.07166492,Low
17391,0,0.41133794,High
17392,0,0.053210944,Low
17393,0,0.09398018,Low
17394,1,0.7705014,Very High
17395,0,0.13603671,Moderate
17396,0,0.75671697,Very High
17397,0,0.059302185,Low
17398,0,0.22641556,Moderate
17399,0,0.081923254,Low
17400,0,0.14318854,Moderate
17401,0,0.1535316,Moderate
17402,0,0.17534304,Moderate
17403,1,0.49898413,High
17404,0,0.23564474,Moderate
17405,0,0.082605675,Low
17406,0,0.27323395,High
17407,0,0.033180077,Low
17408,0,0.098815255,Low
17409,0,0.12164713,Moderate
17410,0,0.1650784,Moderate
17411,0,0.13992031,Moderate
17412,0,0.22961904,Moderate
17413,0,0.076143526,Low
17414,1,0.8512589,Very High
17415,0,0.17827272,Moderate
17416,1,0.79126376,Very High
17417,0,0.36250055,High
17418,0,0.15773274,Moderate
17419,0,0.1675447,Moderate
17420,0,0.056360014,Low
17421,0,0.45388913,High
17422,0,0.32373783,High
17423,0,0.0506279,Low
17424,1,0.29203266,High
17425,0,0.103030175,Moderate
17426,0,0.16950427,Moderate
17427,0,0.2490099,Moderate
17428,0,0.06717777,Low
17429,0,0.10391237,Moderate
17430,1,0.10943109,Moderate
17431,0,0.3843889,High
17432,1,0.8093122,Very High
17433,0,0.14480598,Moderate
17434,0,0.350288,High
17435,0,0.17902769,Moderate
17436,0,0.137781,Moderate
17437,0,0.17443289,Moderate
17438,0,0.07237778,Low
17439,0,0.18786763,Moderate
17440,0,0.058324035,Low
17441,1,0.11600249,Moderate
17442,1,0.3561653,High
17443,0,0.1273374,Moderate
17444,0,0.26793364,High
17445,0,0.35419062,High
17446,1,0.7954636,Very High
17447,1,0.78447783,Very High
17448,0,0.038114004,Low
17449,1,0.080364645,Low
17450,0,0.19435224,Moderate
17451,1,0.12121795,Moderate
17452,1,0.24219081,Moderate
17453,1,0.42459244,High
17454,0,0.17312828,Moderate
17455,0,0.1904102,Moderate
17456,0,0.12835827,Moderate
17457,0,0.21566883,Moderate
17458,0,0.07519651,Low
17459,0,0.16150627,Moderate
17460,0,0.09943443,Low
17461,1,0.53141475,Very High
17462,1,0.13970023,Moderate
17463,0,0.055101834,Low
17464,1,0.18576798,Moderate
17465,0,0.18438612,Moderate
17466,0,0.047578234,Low
17467,0,0.13094828,Moderate
17468,0,0.06098086,Low
17469,0,0.11025186,Moderate
17470,0,0.082198694,Low
17471,0,0.2729007,High
17472,0,0.037743617,Low
17473,0,0.094480865,Low
17474,1,0.4980908,High
17475,0,0.03815221,Low
17476,0,0.03209416,Low
17477,0,0.10184738,Moderate
17478,1,0.5078983,Very High
17479,0,0.22010106,Moderate
17480,0,0.12838261,Moderate
17481,0,0.0447067,Low
17482,0,0.14507724,Moderate
17483,1,0.79569614,Very High
17484,0,0.43633458,High
17485,1,0.7635122,Very High
17486,1,0.77203465,Very High
17487,0,0.17136362,Moderate
17488,0,0.07228146,Low
17489,1,0.17522655,Moderate
17490,0,0.16362512,Moderate
17491,0,0.10286452,Moderate
17492,0,0.082307905,Low
17493,0,0.06925048,Low
17494,0,0.06604968,Low
17495,0,0.14263935,Moderate
17496,0,0.096860476,Low
17497,1,0.64657766,Very High
17498,0,0.21280102,Moderate
17499,0,0.6962574,Very High
17500,0,0.08380877,Low
17501,0,0.36270666,High
17502,0,0.05678326,Low
17503,0,0.059439432,Low
17504,0,0.09269073,Low
17505,0,0.08949193,Low
17506,0,0.01972141,Low
17507,0,0.17918557,Moderate
17508,1,0.21188575,Moderate
17509,1,0.07678304,Low
17510,0,0.082296,Low
17511,1,0.28040007,High
17512,0,0.24173172,Moderate
17513,1,0.535416,Very High
17514,0,0.13937666,Moderate
17515,0,0.07236557,Low
17516,0,0.08975137,Low
17517,1,0.7585731,Very High
17518,0,0.040128287,Low
17519,0,0.09488965,Low
17520,0,0.52371603,Very High
17521,0,0.12352201,Moderate
17522,0,0.033029217,Low
17523,0,0.074853316,Low
17524,0,0.3432122,High
17525,1,0.18580313,Moderate
17526,1,0.8278617,Very High
17527,0,0.14472695,Moderate
17528,0,0.040385213,Low
17529,0,0.12891506,Moderate
17530,0,0.03403765,Low
17531,0,0.07721782,Low
17532,0,0.23451313,Moderate
17533,0,0.07335927,Low
17534,1,0.2606077,High
17535,0,0.09336888,Low
17536,0,0.048345055,Low
17537,0,0.091523126,Low
17538,0,0.05941788,Low
17539,0,0.14107968,Moderate
17540,0,0.43015343,High
17541,1,0.45823798,High
17542,1,0.48961884,High
17543,0,0.1696023,Moderate
17544,0,0.20229244,Moderate
17545,1,0.81862366,Very High
17546,0,0.16254318,Moderate
17547,1,0.7280039,Very High
17548,1,0.6949977,Very High
17549,1,0.17920727,Moderate
17550,0,0.36273524,High
17551,1,0.8377751,Very High
17552,0,0.4172484,High
17553,0,0.08838385,Low
17554,0,0.12642848,Moderate
17555,0,0.1484186,Moderate
17556,0,0.20679137,Moderate
17557,0,0.224571,Moderate
17558,0,0.04912048,Low
17559,0,0.5678264,Very High
17560,0,0.25656924,High
17561,1,0.26047853,High
17562,1,0.4494611,High
17563,1,0.2005729,Moderate
17564,1,0.14685108,Moderate
17565,0,0.15997422,Moderate
17566,0,0.16078763,Moderate
17567,0,0.109562874,Moderate
17568,0,0.04516279,Low
17569,0,0.19315752,Moderate
17570,1,0.6883943,Very High
17571,0,0.032622535,Low
17572,0,0.07256301,Low
17573,0,0.031427555,Low
17574,0,0.14667265,Moderate
17575,0,0.08101907,Low
17576,1,0.33196434,High
17577,0,0.057809245,Low
17578,0,0.06129628,Low
17579,0,0.05501011,Low
17580,0,0.09356365,Low
17581,1,0.690044,Very High
17582,1,0.71758074,Very High
17583,1,0.6731718,Very High
17584,1,0.063586555,Low
17585,0,0.14307152,Moderate
17586,1,0.7526239,Very High
17587,1,0.2904322,High
17588,0,0.5259151,Very High
17589,0,0.16964282,Moderate
17590,0,0.2090688,Moderate
17591,0,0.124539554,Moderate
17592,0,0.67489845,Very High
17593,0,0.09549035,Low
17594,0,0.19976203,Moderate
17595,0,0.29737034,High
17596,1,0.14197473,Moderate
17597,0,0.053624053,Low
17598,0,0.09325991,Low
17599,1,0.26367208,High
17600,0,0.050389636,Low
17601,0,0.22483055,Moderate
17602,0,0.0964737,Low
17603,0,0.19466905,Moderate
17604,0,0.055657674,Low
17605,0,0.17049885,Moderate
17606,0,0.23943841,Moderate
17607,0,0.07588031,Low
17608,0,0.104925066,Moderate
17609,0,0.28786027,High
17610,0,0.16150975,Moderate
17611,0,0.21495159,Moderate
17612,0,0.07133366,Low
17613,0,0.4099258,High
17614,0,0.056945827,Low
17615,1,0.77073985,Very High
17616,0,0.021254547,Low
17617,0,0.10937538,Moderate
17618,0,0.051266342,Low
17619,1,0.44150987,High
17620,1,0.7080148,Very High
17621,0,0.11256873,Moderate
17622,0,0.23414913,Moderate
17623,1,0.6925516,Very High
17624,0,0.13514242,Moderate
17625,1,0.33854458,High
17626,0,0.5820853,Very High
17627,0,0.19521807,Moderate
17628,0,0.18629985,Moderate
17629,1,0.39767554,High
17630,0,0.09963207,Low
17631,0,0.039617863,Low
17632,0,0.038582966,Low
17633,0,0.08877438,Low
17634,0,0.3143808,High
17635,1,0.7531041,Very High
17636,0,0.055150867,Low
17637,0,0.091044605,Low
17638,0,0.06655127,Low
17639,0,0.14876865,Moderate
17640,0,0.053086855,Low
17641,1,0.27537325,High
17642,0,0.11046619,Moderate
17643,0,0.15837264,Moderate
17644,0,0.059830215,Low
17645,1,0.1403455,Moderate
17646,0,0.12082952,Moderate
17647,0,0.13807786,Moderate
17648,1,0.40499195,High
17649,0,0.081696466,Low
17650,1,0.8439761,Very High
17651,1,0.27203727,High
17652,0,0.05997222,Low
17653,0,0.027309176,Low
17654,1,0.6293605,Very High
17655,0,0.08942244,Low
17656,0,0.16989584,Moderate
17657,0,0.40328804,High
17658,0,0.083567806,Low
17659,0,0.05123315,Low
17660,0,0.37095845,High
17661,0,0.15502992,Moderate
17662,0,0.21205802,Moderate
17663,0,0.08264173,Low
17664,0,0.38470885,High
17665,0,0.09092341,Low
17666,0,0.08208392,Low
17667,0,0.13951549,Moderate
17668,1,0.81620204,Very High
17669,0,0.34335104,High
17670,0,0.05913412,Low
17671,0,0.048104927,Low
17672,0,0.075006984,Low
17673,0,0.06807874,Low
17674,0,0.037512966,Low
17675,0,0.08600098,Low
17676,0,0.13689399,Moderate
17677,0,0.1949962,Moderate
17678,0,0.09720763,Low
17679,0,0.029225001,Low
17680,0,0.065485924,Low
17681,0,0.13320425,Moderate
17682,1,0.2566977,High
17683,0,0.2934267,High
17684,0,0.12234875,Moderate
17685,0,0.17520216,Moderate
17686,1,0.57234496,Very High
17687,0,0.09921152,Low
17688,1,0.7851214,Very High
17689,0,0.12009469,Moderate
17690,0,0.027834222,Low
17691,0,0.050625656,Low
17692,0,0.16828284,Moderate
17693,1,0.3814863,High
17694,0,0.6019368,Very High
17695,0,0.09042859,Low
17696,0,0.08802056,Low
17697,0,0.07055419,Low
17698,1,0.7237603,Very High
17699,0,0.107195325,Moderate
17700,0,0.0467309,Low
17701,0,0.07715962,Low
17702,0,0.14745468,Moderate
17703,0,0.73409975,Very High
17704,0,0.14785783,Moderate
17705,0,0.053956438,Low
17706,0,0.23212448,Moderate
17707,0,0.13675058,Moderate
17708,0,0.22016545,Moderate
17709,0,0.11550752,Moderate
17710,0,0.25978473,High
17711,0,0.5862484,Very High
17712,0,0.1535018,Moderate
17713,1,0.8732089,Very High
17714,0,0.06230106,Low
17715,1,0.83357245,Very High
17716,0,0.07076913,Low
17717,0,0.08941795,Low
17718,0,0.11461713,Moderate
17719,1,0.34574938,High
17720,0,0.32774633,High
17721,0,0.21769892,Moderate
17722,0,0.09639669,Low
17723,0,0.21803167,Moderate
17724,0,0.17213649,Moderate
17725,1,0.7755118,Very High
17726,0,0.044107404,Low
17727,0,0.06224169,Low
17728,0,0.05371776,Low
17729,0,0.51938885,Very High
17730,0,0.08794459,Low
17731,0,0.19920649,Moderate
17732,0,0.15576167,Moderate
17733,1,0.60677874,Very High
17734,0,0.14681348,Moderate
17735,0,0.32366806,High
17736,1,0.07082544,Low
17737,0,0.25936377,High
17738,1,0.41167518,High
17739,1,0.188006,Moderate
17740,0,0.44824597,High
17741,0,0.30595767,High
17742,1,0.48983634,High
17743,0,0.07658568,Low
17744,1,0.62526476,Very High
17745,0,0.17640775,Moderate
17746,1,0.09692549,Low
17747,1,0.6495175,Very High
17748,0,0.712782,Very High
17749,0,0.021937724,Low
17750,0,0.5756598,Very High
17751,0,0.08028035,Low
17752,0,0.23678546,Moderate
17753,0,0.099888496,Low
17754,0,0.030274313,Low
17755,0,0.028935129,Low
17756,0,0.09411781,Low
17757,1,0.9403758,Very High
17758,0,0.12664714,Moderate
17759,1,0.7187993,Very High
17760,0,0.09370005,Low
17761,0,0.060246896,Low
17762,1,0.69344896,Very High
17763,0,0.34217924,High
17764,0,0.65188575,Very High
17765,0,0.14674224,Moderate
17766,0,0.14997977,Moderate
17767,0,0.048885975,Low
17768,0,0.09690606,Low
17769,0,0.53743225,Very High
17770,0,0.10355981,Moderate
17771,0,0.1329609,Moderate
17772,0,0.12858872,Moderate
17773,0,0.13881677,Moderate
17774,0,0.15050071,Moderate
17775,1,0.71314245,Very High
17776,1,0.7166859,Very High
17777,0,0.4894335,High
17778,0,0.17597613,Moderate
17779,0,0.4113895,High
17780,0,0.14030719,Moderate
17781,0,0.27155882,High
17782,1,0.6037672,Very High
17783,0,0.084519275,Low
17784,0,0.15700094,Moderate
17785,1,0.20435219,Moderate
17786,0,0.5105266,Very High
17787,0,0.19774717,Moderate
17788,0,0.5648183,Very High
17789,0,0.4888057,High
17790,0,0.40722394,High
17791,0,0.15573756,Moderate
17792,0,0.13067575,Moderate
17793,0,0.10785262,Moderate
17794,1,0.7645077,Very High
17795,0,0.517057,Very High
17796,0,0.2779304,High
17797,0,0.12266753,Moderate
17798,1,0.38599157,High
17799,1,0.6541474,Very High
17800,0,0.09221943,Low
17801,0,0.13229473,Moderate
17802,1,0.7147231,Very High
17803,0,0.03462994,Low
17804,0,0.07840993,Low
17805,0,0.10561731,Moderate
17806,0,0.027123934,Low
17807,1,0.7277238,Very High
17808,0,0.22998446,Moderate
17809,1,0.9053014,Very High
17810,1,0.12886247,Moderate
17811,0,0.54027784,Very High
17812,0,0.28505287,High
17813,1,0.6622188,Very High
17814,0,0.15680665,Moderate
17815,0,0.22666192,Moderate
17816,0,0.11889474,Moderate
17817,0,0.16613771,Moderate
17818,1,0.11500062,Moderate
17819,0,0.15660928,Moderate
17820,0,0.17545682,Moderate
17821,0,0.12488913,Moderate
17822,1,0.36392933,High
17823,0,0.07817161,Low
17824,1,0.72788256,Very High
17825,1,0.184,Moderate
17826,1,0.47848752,High
17827,0,0.09464662,Low
17828,0,0.033387464,Low
17829,0,0.16415471,Moderate
17830,0,0.1906141,Moderate
17831,0,0.1569513,Moderate
17832,1,0.7451168,Very High
17833,0,0.5055118,Very High
17834,0,0.15965344,Moderate
17835,0,0.06398861,Low
17836,1,0.17963527,Moderate
17837,1,0.7816667,Very High
17838,0,0.13315643,Moderate
17839,1,0.22641517,Moderate
17840,0,0.04138241,Low
17841,1,0.17538124,Moderate
17842,0,0.27395707,High
17843,0,0.72628105,Very High
17844,0,0.031853277,Low
17845,1,0.67369187,Very High
17846,0,0.053995296,Low
17847,1,0.78856856,Very High
17848,0,0.056203116,Low
17849,0,0.15930796,Moderate
17850,0,0.08731449,Low
17851,0,0.07217275,Low
17852,0,0.538279,Very High
17853,0,0.057291113,Low
17854,0,0.1426336,Moderate
17855,0,0.03426032,Low
17856,0,0.053190142,Low
17857,0,0.20638451,Moderate
17858,0,0.11238708,Moderate
17859,0,0.07019179,Low
17860,1,0.1191284,Moderate
17861,0,0.73805285,Very High
17862,0,0.16000752,Moderate
17863,1,0.9399438,Very High
17864,1,0.6262157,Very High
17865,0,0.057281394,Low
17866,0,0.06246233,Low
17867,1,0.23251496,Moderate
17868,0,0.14830078,Moderate
17869,1,0.09316269,Low
17870,0,0.05530421,Low
17871,0,0.25343624,High
17872,1,0.5083121,Very High
17873,0,0.07601181,Low
17874,0,0.15391205,Moderate
17875,1,0.8888719,Very High
17876,0,0.035940193,Low
17877,0,0.04041224,Low
17878,0,0.18908136,Moderate
17879,0,0.31521392,High
17880,1,0.34022677,High
17881,0,0.17944886,Moderate
17882,0,0.23039393,Moderate
17883,0,0.03625845,Low
17884,0,0.2508335,High
17885,0,0.6065854,Very High
17886,0,0.12792416,Moderate
17887,0,0.050776344,Low
17888,0,0.11586155,Moderate
17889,0,0.29050797,High
17890,0,0.047261275,Low
17891,0,0.05066436,Low
17892,1,0.7451338,Very High
17893,0,0.34511727,High
17894,0,0.057217542,Low
17895,1,0.64688224,Very High
17896,0,0.372787,High
17897,1,0.49029008,High
17898,0,0.07332577,Low
17899,0,0.21781164,Moderate
17900,0,0.08193102,Low
17901,0,0.39060363,High
17902,0,0.1320162,Moderate
17903,0,0.24891268,Moderate
17904,0,0.6416574,Very High
17905,1,0.3010828,High
17906,0,0.100887574,Moderate
17907,1,0.755361,Very High
17908,1,0.3197923,High
17909,1,0.7770621,Very High
17910,1,0.4888888,High
17911,1,0.7804085,Very High
17912,1,0.23496075,Moderate
17913,0,0.07838826,Low
17914,0,0.17153433,Moderate
17915,0,0.09808441,Low
17916,1,0.8013723,Very High
17917,1,0.2043324,Moderate
17918,0,0.10200075,Moderate
17919,1,0.81902355,Very High
17920,0,0.07386408,Low
17921,1,0.14423081,Moderate
17922,1,0.79134613,Very High
17923,0,0.092355624,Low
17924,1,0.64768153,Very High
17925,1,0.82386965,Very High
17926,0,0.10883676,Moderate
17927,1,0.9220535,Very High
17928,0,0.42525056,High
17929,0,0.059348058,Low
17930,0,0.07271113,Low
17931,0,0.35686153,High
17932,1,0.62402505,Very High
17933,0,0.103797145,Moderate
17934,0,0.037221663,Low
17935,0,0.09264388,Low
17936,0,0.17865425,Moderate
17937,0,0.16666266,Moderate
17938,0,0.052004762,Low
17939,0,0.11428944,Moderate
17940,0,0.14777982,Moderate
17941,1,0.826859,Very High
17942,0,0.042747974,Low
17943,0,0.04021193,Low
17944,0,0.14025317,Moderate
17945,1,0.4786786,High
17946,0,0.32890794,High
17947,0,0.3031562,High
17948,0,0.26317364,High
17949,0,0.15263146,Moderate
17950,0,0.15397209,Moderate
17951,1,0.9082995,Very High
17952,0,0.40001774,High
17953,0,0.16319717,Moderate
17954,0,0.30321318,High
17955,0,0.17195918,Moderate
17956,0,0.13597699,Moderate
17957,0,0.12989339,Moderate
17958,0,0.074477084,Low
17959,0,0.043122474,Low
17960,1,0.79957306,Very High
17961,0,0.15215988,Moderate
17962,1,0.113415696,Moderate
17963,0,0.13518007,Moderate
17964,1,0.2125755,Moderate
17965,0,0.13946016,Moderate
17966,0,0.27652496,High
17967,1,0.62502867,Very High
17968,0,0.03038564,Low
17969,0,0.10060829,Moderate
17970,0,0.15997945,Moderate
17971,0,0.14594752,Moderate
17972,1,0.3664976,High
17973,0,0.12237816,Moderate
17974,1,0.74461186,Very High
17975,0,0.5160118,Very High
17976,0,0.13393365,Moderate
17977,0,0.07463339,Low
17978,0,0.0621723,Low
17979,0,0.08798396,Low
17980,0,0.16112241,Moderate
17981,0,0.06514999,Low
17982,0,0.07006426,Low
17983,0,0.17832886,Moderate
17984,0,0.14016011,Moderate
17985,0,0.07189196,Low
17986,1,0.21706395,Moderate
17987,0,0.36710405,High
17988,0,0.03663723,Low
17989,1,0.7527454,Very High
17990,0,0.15629089,Moderate
17991,0,0.12582973,Moderate
17992,0,0.16974089,Moderate
17993,0,0.04025847,Low
17994,0,0.031469937,Low
17995,0,0.07504951,Low
17996,0,0.08235782,Low
17997,0,0.036689088,Low
17998,0,0.07729779,Low
17999,0,0.3997663,High
18000,1,0.52490336,Very High
18001,1,0.46352488,High
18002,1,0.7789223,Very High
18003,0,0.06475284,Low
18004,0,0.53106594,Very High
18005,0,0.05331396,Low
18006,1,0.8319216,Very High
18007,0,0.055674206,Low
18008,0,0.02549098,Low
18009,1,0.54893875,Very High
18010,1,0.10787184,Moderate
18011,1,0.3699301,High
18012,0,0.15314682,Moderate
18013,1,0.784078,Very High
18014,0,0.09296221,Low
18015,0,0.24742167,Moderate
18016,0,0.14526328,Moderate
18017,0,0.40798828,High
18018,0,0.15701696,Moderate
18019,0,0.36949858,High
18020,1,0.8125438,Very High
18021,0,0.17801975,Moderate
18022,0,0.20897505,Moderate
18023,1,0.18390244,Moderate
18024,0,0.16047342,Moderate
18025,1,0.5489497,Very High
18026,0,0.20543444,Moderate
18027,1,0.7109536,Very High
18028,0,0.21374397,Moderate
18029,0,0.08036696,Low
18030,0,0.19576925,Moderate
18031,0,0.15580224,Moderate
18032,0,0.07770472,Low
18033,0,0.041281562,Low
18034,1,0.7428055,Very High
18035,0,0.09477416,Low
18036,1,0.7218671,Very High
18037,0,0.055465158,Low
18038,0,0.2467582,Moderate
18039,0,0.7772483,Very High
18040,0,0.5209685,Very High
18041,0,0.1342387,Moderate
18042,0,0.4116023,High
18043,0,0.49135748,High
18044,0,0.15624489,Moderate
18045,0,0.1391607,Moderate
18046,0,0.1469104,Moderate
18047,0,0.14302999,Moderate
18048,1,0.4321731,High
18049,1,0.3782462,High
18050,0,0.18603857,Moderate
18051,0,0.046501458,Low
18052,0,0.08058039,Low
18053,0,0.10407052,Moderate
18054,0,0.1661692,Moderate
18055,0,0.11019268,Moderate
18056,0,0.1480202,Moderate
18057,0,0.041831914,Low
18058,1,0.4742899,High
18059,0,0.4840659,High
18060,0,0.09638117,Low
18061,0,0.23914969,Moderate
18062,0,0.09414581,Low
18063,1,0.77668756,Very High
18064,0,0.16953574,Moderate
18065,1,0.35493976,High
18066,0,0.082777984,Low
18067,1,0.7882825,Very High
18068,0,0.58569187,Very High
18069,0,0.053273495,Low
18070,0,0.26383904,High
18071,0,0.17963447,Moderate
18072,1,0.76443034,Very High
18073,0,0.47456282,High
18074,1,0.73264384,Very High
18075,1,0.27807754,High
18076,1,0.6566003,Very High
18077,0,0.1612741,Moderate
18078,1,0.07321186,Low
18079,0,0.042355333,Low
18080,0,0.16973382,Moderate
18081,0,0.062758744,Low
18082,0,0.4384397,High
18083,0,0.06998304,Low
18084,0,0.3894265,High
18085,0,0.33816206,High
18086,0,0.66079825,Very High
18087,1,0.1289364,Moderate
18088,0,0.08000935,Low
18089,0,0.33979508,High
18090,0,0.15903945,Moderate
18091,0,0.10015814,Moderate
18092,0,0.14548971,Moderate
18093,1,0.7793851,Very High
18094,0,0.18512724,Moderate
18095,1,0.8784554,Very High
18096,0,0.072591476,Low
18097,1,0.64140344,Very High
18098,1,0.12517767,Moderate
18099,0,0.433009,High
18100,1,0.6225604,Very High
18101,1,0.7741247,Very High
18102,1,0.60266364,Very High
18103,0,0.21302328,Moderate
18104,0,0.1519163,Moderate
18105,0,0.39900252,High
18106,0,0.14500211,Moderate
18107,0,0.07921305,Low
18108,0,0.039522458,Low
18109,0,0.06047926,Low
18110,1,0.788892,Very High
18111,1,0.8142269,Very High
18112,0,0.3046498,High
18113,0,0.1012808,Moderate
18114,1,0.31491622,High
18115,0,0.022410423,Low
18116,0,0.10265606,Moderate
18117,1,0.7803682,Very High
18118,0,0.19707812,Moderate
18119,0,0.110112265,Moderate
18120,0,0.12718424,Moderate
18121,0,0.034811296,Low
18122,0,0.14029045,Moderate
18123,0,0.26625568,High
18124,0,0.21329981,Moderate
18125,0,0.07639334,Low
18126,0,0.17438953,Moderate
18127,0,0.06409607,Low
18128,0,0.103161156,Moderate
18129,0,0.21838196,Moderate
18130,1,0.043572016,Low
18131,0,0.27418932,High
18132,0,0.04539452,Low
18133,0,0.03591069,Low
18134,1,0.18017638,Moderate
18135,0,0.33092418,High
18136,1,0.91873014,Very High
18137,0,0.21792024,Moderate
18138,0,0.25480318,High
18139,1,0.095487095,Low
18140,0,0.0565844,Low
18141,0,0.23389451,Moderate
18142,0,0.06756623,Low
18143,1,0.23047546,Moderate
18144,0,0.04239161,Low
18145,0,0.083999895,Low
18146,0,0.12825978,Moderate
18147,0,0.040067784,Low
18148,0,0.02029312,Low
18149,0,0.04394743,Low
18150,0,0.39451775,High
18151,0,0.122298464,Moderate
18152,1,0.66584384,Very High
18153,0,0.032988228,Low
18154,0,0.17993045,Moderate
18155,0,0.16892156,Moderate
18156,0,0.14221211,Moderate
18157,0,0.12792851,Moderate
18158,1,0.66789347,Very High
18159,1,0.8145118,Very High
18160,0,0.03509661,Low
18161,0,0.16286203,Moderate
18162,0,0.120327905,Moderate
18163,0,0.2936982,High
18164,0,0.06294933,Low
18165,1,0.07058496,Low
18166,0,0.1437667,Moderate
18167,0,0.18988083,Moderate
18168,0,0.064302795,Low
18169,0,0.13634089,Moderate
18170,1,0.79242873,Very High
18171,0,0.36928543,High
18172,0,0.04547685,Low
18173,0,0.058438927,Low
18174,0,0.19054496,Moderate
18175,0,0.044850804,Low
18176,0,0.17170419,Moderate
18177,0,0.44425482,High
18178,0,0.33173975,High
18179,0,0.03637664,Low
18180,0,0.34202793,High
18181,0,0.06958184,Low
18182,0,0.056204047,Low
18183,0,0.033953324,Low
18184,0,0.0926734,Low
18185,0,0.19743285,Moderate
18186,1,0.57567364,Very High
18187,1,0.12714873,Moderate
18188,0,0.18499681,Moderate
18189,1,0.30895436,High
18190,0,0.1763165,Moderate
18191,0,0.26671746,High
18192,0,0.1613778,Moderate
18193,1,0.8305349,Very High
18194,0,0.72486365,Very High
18195,0,0.06698012,Low
18196,0,0.20886113,Moderate
18197,0,0.06774072,Low
18198,0,0.07330074,Low
18199,1,0.6041194,Very High
18200,0,0.07748125,Low
18201,0,0.115697786,Moderate
18202,0,0.064593606,Low
18203,0,0.18274423,Moderate
18204,0,0.08057996,Low
18205,0,0.16992816,Moderate
18206,0,0.08808199,Low
18207,0,0.10073469,Moderate
18208,0,0.19743861,Moderate
18209,0,0.15326115,Moderate
18210,0,0.08469043,Low
18211,0,0.10611144,Moderate
18212,0,0.07164148,Low
18213,1,0.24938066,Moderate
18214,1,0.10567024,Moderate
18215,0,0.2995756,High
18216,0,0.40497288,High
18217,1,0.81455004,Very High
18218,0,0.1735597,Moderate
18219,0,0.060296386,Low
18220,1,0.53490984,Very High
18221,0,0.54817957,Very High
18222,1,0.76117855,Very High
18223,0,0.060116787,Low
18224,0,0.18981972,Moderate
18225,0,0.11666278,Moderate
18226,1,0.8281075,Very High
18227,0,0.115622595,Moderate
18228,0,0.5982734,Very High
18229,0,0.6707222,Very High
18230,1,0.81621236,Very High
18231,0,0.052122876,Low
18232,0,0.19294594,Moderate
18233,0,0.09809018,Low
18234,0,0.013481384,Low
18235,0,0.55691296,Very High
18236,0,0.15315394,Moderate
18237,0,0.13974947,Moderate
18238,0,0.04195297,Low
18239,0,0.27081376,High
18240,0,0.09818063,Low
18241,0,0.36578634,High
18242,1,0.6372824,Very High
18243,0,0.4526626,High
18244,0,0.7899278,Very High
18245,0,0.19535865,Moderate
18246,0,0.10787588,Moderate
18247,0,0.31925577,High
18248,0,0.09808886,Low
18249,0,0.17059681,Moderate
18250,1,0.7821295,Very High
18251,1,0.6272056,Very High
18252,0,0.22704272,Moderate
18253,1,0.35407192,High
18254,0,0.07559548,Low
18255,0,0.14212711,Moderate
18256,0,0.12212739,Moderate
18257,1,0.7768619,Very High
18258,1,0.42902276,High
18259,0,0.30012187,High
18260,1,0.7418172,Very High
18261,0,0.07858284,Low
18262,0,0.13327281,Moderate
18263,0,0.1435517,Moderate
18264,1,0.09890168,Low
18265,0,0.05241069,Low
18266,0,0.15834948,Moderate
18267,1,0.363266,High
18268,0,0.11281996,Moderate
18269,0,0.19577678,Moderate
18270,0,0.06709136,Low
18271,0,0.24349234,Moderate
18272,0,0.73195857,Very High
18273,0,0.22885026,Moderate
18274,1,0.2989157,High
18275,0,0.13676609,Moderate
18276,0,0.18012983,Moderate
18277,0,0.219395,Moderate
18278,1,0.77509457,Very High
18279,1,0.8202867,Very High
18280,0,0.1384061,Moderate
18281,0,0.24294908,Moderate
18282,1,0.34489584,High
18283,0,0.02716554,Low
18284,0,0.23802501,Moderate
18285,0,0.31924248,High
18286,0,0.09472693,Low
18287,0,0.075506315,Low
18288,0,0.18573402,Moderate
18289,0,0.04777694,Low
18290,0,0.12243718,Moderate
18291,0,0.22598828,Moderate
18292,1,0.39540935,High
18293,1,0.51473475,Very High
18294,0,0.20848145,Moderate
18295,0,0.19709332,Moderate
18296,1,0.52943456,Very High
18297,1,0.39445493,High
18298,0,0.14636995,Moderate
18299,0,0.10775328,Moderate
18300,0,0.13968249,Moderate
18301,0,0.15341449,Moderate
18302,0,0.32264444,High
18303,0,0.4249048,High
18304,1,0.32633322,High
18305,0,0.16553448,Moderate
18306,0,0.18149784,Moderate
18307,0,0.21587004,Moderate
18308,0,0.04825721,Low
18309,0,0.08923733,Low
18310,0,0.18485108,Moderate
18311,0,0.077465005,Low
18312,1,0.21578214,Moderate
18313,0,0.14309119,Moderate
18314,1,0.17863172,Moderate
18315,0,0.6753354,Very High
18316,0,0.044004556,Low
18317,1,0.23226279,Moderate
18318,1,0.26329607,High
18319,0,0.1456517,Moderate
18320,0,0.10206616,Moderate
18321,0,0.14256667,Moderate
18322,0,0.05224279,Low
18323,0,0.1816028,Moderate
18324,0,0.1349399,Moderate
18325,0,0.1420161,Moderate
18326,0,0.36159918,High
18327,1,0.15022199,Moderate
18328,0,0.12244454,Moderate
18329,0,0.1070044,Moderate
18330,1,0.13334864,Moderate
18331,0,0.098946944,Low
18332,0,0.28305393,High
18333,0,0.04345631,Low
18334,0,0.12648107,Moderate
18335,0,0.12038984,Moderate
18336,1,0.8239608,Very High
18337,1,0.3731479,High
18338,0,0.09454612,Low
18339,0,0.15323216,Moderate
18340,1,0.14546046,Moderate
18341,0,0.20953672,Moderate
18342,0,0.27763554,High
18343,0,0.42957446,High
18344,0,0.12080984,Moderate
18345,0,0.15337108,Moderate
18346,0,0.07235394,Low
18347,0,0.55677056,Very High
18348,0,0.34078488,High
18349,0,0.09239586,Low
18350,1,0.116251126,Moderate
18351,1,0.31528884,High
18352,1,0.8033169,Very High
18353,0,0.12237534,Moderate
18354,0,0.09268249,Low
18355,0,0.26948217,High
18356,0,0.091765486,Low
18357,0,0.06654952,Low
18358,0,0.53095365,Very High
18359,1,0.46642303,High
18360,1,0.32738736,High
18361,0,0.15684724,Moderate
18362,0,0.108234435,Moderate
18363,1,0.12035582,Moderate
18364,0,0.0728484,Low
18365,0,0.072329246,Low
18366,0,0.11730572,Moderate
18367,0,0.20235486,Moderate
18368,0,0.05229869,Low
18369,1,0.3751563,High
18370,0,0.4478906,High
18371,1,0.7936408,Very High
18372,0,0.04765579,Low
18373,1,0.21705784,Moderate
18374,0,0.10914508,Moderate
18375,1,0.12370456,Moderate
18376,1,0.82386255,Very High
18377,0,0.06718706,Low
18378,0,0.06565055,Low
18379,0,0.16187525,Moderate
18380,0,0.05189575,Low
18381,0,0.70328057,Very High
18382,1,0.7502227,Very High
18383,1,0.5661584,Very High
18384,1,0.60143065,Very High
18385,0,0.23839226,Moderate
18386,1,0.16289388,Moderate
18387,0,0.110567786,Moderate
18388,0,0.14166057,Moderate
18389,0,0.124438964,Moderate
18390,0,0.042715587,Low
18391,1,0.27772808,High
18392,0,0.05791468,Low
18393,1,0.17306656,Moderate
18394,1,0.7692529,Very High
18395,1,0.38060707,High
18396,0,0.24433273,Moderate
18397,1,0.5185627,Very High
18398,0,0.13430306,Moderate
18399,0,0.039299283,Low
18400,0,0.032475136,Low
18401,0,0.085651845,Low
18402,0,0.12391833,Moderate
18403,0,0.22777924,Moderate
18404,0,0.14842674,Moderate
18405,0,0.045519624,Low
18406,0,0.06563138,Low
18407,0,0.11918779,Moderate
18408,0,0.107269205,Moderate
18409,0,0.112952426,Moderate
18410,1,0.7729059,Very High
18411,0,0.15840258,Moderate
18412,0,0.12056991,Moderate
18413,0,0.19766387,Moderate
18414,0,0.05782148,Low
18415,0,0.2534365,High
18416,0,0.12457193,Moderate
18417,0,0.16261493,Moderate
18418,0,0.06442143,Low
18419,0,0.061089694,Low
18420,1,0.6955468,Very High
18421,1,0.70473844,Very High
18422,1,0.19491318,Moderate
18423,1,0.6444481,Very High
18424,1,0.06833855,Low
18425,0,0.13827597,Moderate
18426,0,0.6246671,Very High
18427,0,0.10740467,Moderate
18428,0,0.24573833,Moderate
18429,0,0.21309933,Moderate
18430,1,0.6827951,Very High
18431,0,0.13279152,Moderate
18432,0,0.18076263,Moderate
18433,0,0.52447873,Very High
18434,0,0.26169237,High
18435,0,0.07390854,Low
18436,0,0.064209186,Low
18437,0,0.036694504,Low
18438,1,0.58776325,Very High
18439,0,0.10563636,Moderate
18440,0,0.16707352,Moderate
18441,0,0.19606696,Moderate
18442,1,0.07435341,Low
18443,1,0.41407353,High
18444,1,0.7107671,Very High
18445,1,0.5324972,Very High
18446,0,0.049728464,Low
18447,0,0.111930825,Moderate
18448,1,0.10513391,Moderate
18449,1,0.43928042,High
18450,0,0.31804392,High
18451,0,0.45318964,High
18452,0,0.036219638,Low
18453,0,0.08123518,Low
18454,1,0.21508007,Moderate
18455,1,0.6730868,Very High
18456,0,0.042121563,Low
18457,0,0.13469768,Moderate
18458,0,0.10944391,Moderate
18459,0,0.16807945,Moderate
18460,0,0.20633896,Moderate
18461,0,0.13608581,Moderate
18462,0,0.079016335,Low
18463,0,0.20886582,Moderate
18464,0,0.108849354,Moderate
18465,0,0.07452873,Low
18466,1,0.15229358,Moderate
18467,0,0.24670874,Moderate
18468,0,0.7245744,Very High
18469,0,0.07362595,Low
18470,0,0.12236388,Moderate
18471,0,0.12959458,Moderate
18472,0,0.16729535,Moderate
18473,0,0.07075266,Low
18474,0,0.047690254,Low
18475,1,0.20944828,Moderate
18476,0,0.18468039,Moderate
18477,0,0.05293228,Low
18478,0,0.11174143,Moderate
18479,0,0.40057394,High
18480,0,0.31561577,High
18481,0,0.062555,Low
18482,1,0.28117543,High
18483,0,0.07258639,Low
18484,0,0.16188642,Moderate
18485,0,0.1150105,Moderate
18486,0,0.24396932,Moderate
18487,0,0.074794985,Low
18488,0,0.15300725,Moderate
18489,0,0.10879375,Moderate
18490,1,0.701063,Very High
18491,1,0.17042617,Moderate
18492,0,0.06300472,Low
18493,0,0.17884304,Moderate
18494,0,0.09780307,Low
18495,0,0.08964352,Low
18496,0,0.23569919,Moderate
18497,0,0.05156205,Low
18498,0,0.06981651,Low
18499,0,0.07412551,Low
18500,0,0.13898861,Moderate
18501,0,0.09324789,Low
18502,0,0.12906736,Moderate
18503,0,0.040458728,Low
18504,0,0.11600722,Moderate
18505,0,0.08849133,Low
18506,0,0.030898014,Low
18507,0,0.11857158,Moderate
18508,1,0.37359294,High
18509,1,0.38504425,High
18510,0,0.28427505,High
18511,0,0.17062657,Moderate
18512,1,0.13821225,Moderate
18513,0,0.34506565,High
18514,1,0.71652895,Very High
18515,0,0.6557815,Very High
18516,1,0.67323095,Very High
18517,0,0.031235188,Low
18518,0,0.107302435,Moderate
18519,1,0.73957926,Very High
18520,0,0.06628994,Low
18521,0,0.07920828,Low
18522,0,0.055052117,Low
18523,1,0.20455408,Moderate
18524,1,0.13622129,Moderate
18525,0,0.05564696,Low
18526,0,0.14520158,Moderate
18527,0,0.17159909,Moderate
18528,0,0.24003844,Moderate
18529,0,0.06637847,Low
18530,0,0.2688238,High
18531,0,0.09172865,Low
18532,0,0.07898162,Low
18533,0,0.32471722,High
18534,0,0.1222163,Moderate
18535,0,0.076705754,Low
18536,0,0.013584967,Low
18537,0,0.67558163,Very High
18538,0,0.07160475,Low
18539,0,0.11438898,Moderate
18540,1,0.773223,Very High
18541,0,0.09075516,Low
18542,0,0.038908694,Low
18543,0,0.06612824,Low
18544,0,0.0894629,Low
18545,0,0.07535216,Low
18546,0,0.11889629,Moderate
18547,0,0.053248655,Low
18548,0,0.09921884,Low
18549,0,0.12835024,Moderate
18550,0,0.06087391,Low
18551,1,0.19943872,Moderate
18552,0,0.1175257,Moderate
18553,1,0.08885737,Low
18554,1,0.27990532,High
18555,1,0.42495432,High
18556,0,0.06631503,Low
18557,0,0.086380176,Low
18558,0,0.20752424,Moderate
18559,0,0.0598309,Low
18560,0,0.08619347,Low
18561,0,0.040157914,Low
18562,0,0.06992215,Low
18563,0,0.08784512,Low
18564,0,0.07914153,Low
18565,0,0.024992486,Low
18566,0,0.12081635,Moderate
18567,0,0.13679962,Moderate
18568,0,0.12551878,Moderate
18569,0,0.106354035,Moderate
18570,0,0.18379651,Moderate
18571,0,0.062605634,Low
18572,0,0.19079298,Moderate
18573,0,0.08398891,Low
18574,1,0.07412298,Low
18575,0,0.18683012,Moderate
18576,0,0.34339288,High
18577,0,0.14218189,Moderate
18578,0,0.07409229,Low
18579,0,0.11548448,Moderate
18580,0,0.5013515,Very High
18581,0,0.4296887,High
18582,0,0.071156934,Low
18583,0,0.3962551,High
18584,0,0.040506866,Low
18585,0,0.09900921,Low
18586,0,0.024737295,Low
18587,0,0.17207195,Moderate
18588,0,0.068436906,Low
18589,0,0.069290996,Low
18590,0,0.10932172,Moderate
18591,0,0.07127802,Low
18592,1,0.3627464,High
18593,0,0.088560864,Low
18594,0,0.21645817,Moderate
18595,0,0.04440586,Low
18596,0,0.1351163,Moderate
18597,0,0.19138725,Moderate
18598,0,0.032777146,Low
18599,0,0.08506885,Low
18600,0,0.022633366,Low
18601,0,0.15324512,Moderate
18602,0,0.11194601,Moderate
18603,0,0.02748335,Low
18604,0,0.11525815,Moderate
18605,0,0.13325584,Moderate
18606,0,0.0905207,Low
18607,1,0.33602282,High
18608,0,0.14140607,Moderate
18609,0,0.12028719,Moderate
18610,1,0.8148472,Very High
18611,1,0.122555494,Moderate
18612,0,0.08483395,Low
18613,0,0.028156335,Low
18614,0,0.07993419,Low
18615,1,0.7084475,Very High
18616,0,0.11074971,Moderate
18617,0,0.097428866,Low
18618,0,0.045036435,Low
18619,1,0.7090496,Very High
18620,0,0.091987066,Low
18621,0,0.18372059,Moderate
18622,0,0.1793328,Moderate
18623,1,0.73596835,Very High
18624,0,0.08744533,Low
18625,0,0.094846204,Low
18626,1,0.54196036,Very High
18627,0,0.08904312,Low
18628,0,0.23842615,Moderate
18629,0,0.34266216,High
18630,0,0.10092331,Moderate
18631,0,0.10361801,Moderate
18632,1,0.13756599,Moderate
18633,0,0.10933444,Moderate
18634,0,0.044212285,Low
18635,1,0.40010732,High
18636,0,0.1288856,Moderate
18637,0,0.1248666,Moderate
18638,0,0.23722202,Moderate
18639,0,0.22298782,Moderate
18640,1,0.52440065,Very High
18641,0,0.09423663,Low
18642,0,0.11159511,Moderate
18643,0,0.2264881,Moderate
18644,0,0.38275248,High
18645,0,0.25576898,High
18646,0,0.19047096,Moderate
18647,0,0.13667071,Moderate
18648,0,0.116889454,Moderate
18649,0,0.0653189,Low
18650,0,0.060397096,Low
18651,0,0.11234376,Moderate
18652,0,0.080631025,Low
18653,0,0.07379038,Low
18654,0,0.08554824,Low
18655,1,0.3938825,High
18656,0,0.42802292,High
18657,0,0.47880784,High
18658,0,0.36705613,High
18659,0,0.77203983,Very High
18660,0,0.2172734,Moderate
18661,0,0.16209507,Moderate
18662,0,0.10615108,Moderate
18663,0,0.18024528,Moderate
18664,0,0.06053826,Low
18665,0,0.12489483,Moderate
18666,0,0.1447657,Moderate
18667,0,0.22244893,Moderate
18668,0,0.08514435,Low
18669,1,0.13495721,Moderate
18670,0,0.022266766,Low
18671,1,0.18514119,Moderate
18672,0,0.21306826,Moderate
18673,1,0.16099276,Moderate
18674,0,0.11637779,Moderate
18675,0,0.06705096,Low
18676,0,0.16764118,Moderate
18677,0,0.015669987,Low
18678,0,0.043162063,Low
18679,0,0.087462075,Low
18680,0,0.48225164,High
18681,0,0.10363934,Moderate
18682,1,0.25316182,High
18683,1,0.099776246,Low
18684,0,0.19497709,Moderate
18685,0,0.26952937,High
18686,0,0.044015408,Low
18687,0,0.43712083,High
18688,0,0.7095627,Very High
18689,1,0.12277338,Moderate
18690,0,0.094386265,Low
18691,0,0.18152653,Moderate
18692,0,0.64958936,Very High
18693,1,0.37326953,High
18694,0,0.19507498,Moderate
18695,1,0.7679294,Very High
18696,1,0.30422816,High
18697,0,0.042540308,Low
18698,0,0.06597656,Low
18699,0,0.15054421,Moderate
18700,0,0.055700183,Low
18701,1,0.3831797,High
18702,0,0.11533865,Moderate
18703,0,0.06321317,Low
18704,0,0.5147897,Very High
18705,0,0.04893483,Low
18706,1,0.5994354,Very High
18707,0,0.7042682,Very High
18708,0,0.34416032,High
18709,0,0.097308524,Low
18710,1,0.13632989,Moderate
18711,0,0.30736956,High
18712,0,0.116569296,Moderate
18713,0,0.035781592,Low
18714,0,0.03874577,Low
18715,0,0.024495862,Low
18716,0,0.0997132,Low
18717,0,0.054846786,Low
18718,0,0.05763929,Low
18719,1,0.77910477,Very High
18720,1,0.6824475,Very High
18721,0,0.7182202,Very High
18722,0,0.031888116,Low
18723,0,0.047579866,Low
18724,0,0.056882888,Low
18725,0,0.12666343,Moderate
18726,1,0.7912072,Very High
18727,0,0.093709506,Low
18728,0,0.038670626,Low
18729,0,0.057557654,Low
18730,0,0.038589362,Low
18731,1,0.13977058,Moderate
18732,1,0.49230307,High
18733,0,0.13829343,Moderate
18734,0,0.20660514,Moderate
18735,0,0.33453172,High
18736,0,0.5188279,Very High
18737,1,0.36239502,High
18738,1,0.3367591,High
18739,1,0.37693912,High
18740,0,0.28658837,High
18741,0,0.12153484,Moderate
18742,0,0.040041436,Low
18743,0,0.14875884,Moderate
18744,0,0.10726582,Moderate
18745,0,0.083212554,Low
18746,0,0.06135801,Low
18747,0,0.20725097,Moderate
18748,0,0.46899363,High
18749,1,0.71997267,Very High
18750,0,0.047487833,Low
18751,0,0.043370694,Low
18752,0,0.07784955,Low
18753,0,0.13709685,Moderate
18754,0,0.025058521,Low
18755,0,0.075153746,Low
18756,0,0.016336711,Low
18757,0,0.1281148,Moderate
18758,0,0.32783127,High
18759,0,0.24792214,Moderate
18760,1,0.7450741,Very High
18761,0,0.10441122,Moderate
18762,0,0.036924053,Low
18763,0,0.060221642,Low
18764,0,0.19298126,Moderate
18765,0,0.04862226,Low
18766,0,0.12992586,Moderate
18767,0,0.28752267,High
18768,0,0.08901823,Low
18769,0,0.13580976,Moderate
18770,0,0.07679722,Low
18771,1,0.44119832,High
18772,1,0.43278307,High
18773,1,0.14247482,Moderate
18774,1,0.7568496,Very High
18775,0,0.031319104,Low
18776,0,0.043496504,Low
18777,0,0.03278197,Low
18778,0,0.32494396,High
18779,0,0.11425127,Moderate
18780,0,0.10796795,Moderate
18781,0,0.11115242,Moderate
18782,0,0.18853806,Moderate
18783,0,0.14096057,Moderate
18784,0,0.023767656,Low
18785,0,0.0223441,Low
18786,0,0.06852229,Low
18787,0,0.10683997,Moderate
18788,0,0.12826464,Moderate
18789,0,0.03052999,Low
18790,0,0.06623475,Low
18791,0,0.14451627,Moderate
18792,1,0.66719264,Very High
18793,0,0.15440926,Moderate
18794,0,0.25945437,High
18795,0,0.04474094,Low
18796,1,0.24708904,Moderate
18797,0,0.1021319,Moderate
18798,0,0.16916588,Moderate
18799,0,0.1235277,Moderate
18800,0,0.31728232,High
18801,0,0.16505699,Moderate
18802,0,0.061957914,Low
18803,0,0.046409238,Low
18804,0,0.033113647,Low
18805,0,0.067353114,Low
18806,0,0.15458132,Moderate
18807,0,0.19947837,Moderate
18808,0,0.17316252,Moderate
18809,0,0.05193225,Low
18810,0,0.119050205,Moderate
18811,0,0.25796923,High
18812,0,0.21240725,Moderate
18813,1,0.16216126,Moderate
18814,0,0.17417933,Moderate
18815,0,0.08845436,Low
18816,1,0.24906631,Moderate
18817,0,0.040125743,Low
18818,0,0.041485626,Low
18819,1,0.15183449,Moderate
18820,0,0.06764196,Low
18821,0,0.06844592,Low
18822,1,0.65779185,Very High
18823,0,0.13363555,Moderate
18824,1,0.14602688,Moderate
18825,0,0.09398074,Low
18826,1,0.7079852,Very High
18827,0,0.5372631,Very High
18828,0,0.025849734,Low
18829,0,0.048066348,Low
18830,0,0.035135906,Low
18831,0,0.1091724,Moderate
18832,0,0.12038359,Moderate
18833,0,0.16317114,Moderate
18834,0,0.087034665,Low
18835,0,0.22661771,Moderate
18836,0,0.10005084,Moderate
18837,1,0.7721874,Very High
18838,0,0.016492205,Low
18839,0,0.12282293,Moderate
18840,0,0.18938527,Moderate
18841,1,0.69111586,Very High
18842,0,0.3150486,High
18843,0,0.12790962,Moderate
18844,0,0.116653636,Moderate
18845,1,0.057045102,Low
18846,1,0.21421452,Moderate
18847,0,0.08664148,Low
18848,0,0.036575355,Low
18849,0,0.24897917,Moderate
18850,0,0.05224331,Low
18851,0,0.050399814,Low
18852,1,0.47973776,High
18853,0,0.053889744,Low
18854,0,0.20490038,Moderate
18855,0,0.041702345,Low
18856,0,0.16803649,Moderate
18857,1,0.08819892,Low
18858,0,0.25410149,High
18859,0,0.105086416,Moderate
18860,0,0.075564034,Low
18861,0,0.03275655,Low
18862,0,0.16741382,Moderate
18863,1,0.16180502,Moderate
18864,0,0.049333688,Low
18865,0,0.6106055,Very High
18866,0,0.73478484,Very High
18867,0,0.08315228,Low
18868,1,0.7192613,Very High
18869,1,0.27441156,High
18870,0,0.52183264,Very High
18871,0,0.11180296,Moderate
18872,0,0.046788067,Low
18873,0,0.22530088,Moderate
18874,0,0.082959495,Low
18875,0,0.41654947,High
18876,0,0.056097466,Low
18877,1,0.48649105,High
18878,0,0.047529854,Low
18879,0,0.096657634,Low
18880,0,0.3390245,High
18881,0,0.082454264,Low
18882,0,0.15453133,Moderate
18883,0,0.10637026,Moderate
18884,0,0.33437908,High
18885,0,0.04471426,Low
18886,0,0.0519348,Low
18887,0,0.035378546,Low
18888,0,0.110953204,Moderate
18889,0,0.050727118,Low
18890,0,0.1036394,Moderate
18891,1,0.40872228,High
18892,0,0.03784131,Low
18893,1,0.68139935,Very High
18894,0,0.2297383,Moderate
18895,0,0.10715241,Moderate
18896,0,0.21320572,Moderate
18897,0,0.13505985,Moderate
18898,0,0.03140714,Low
18899,1,0.028517982,Low
18900,1,0.5537489,Very High
18901,0,0.12363918,Moderate
18902,0,0.06337458,Low
18903,0,0.33726594,High
18904,0,0.033190526,Low
18905,0,0.01949122,Low
18906,0,0.17053987,Moderate
18907,0,0.048274167,Low
18908,0,0.050580308,Low
18909,0,0.0982022,Low
18910,0,0.2185677,Moderate
18911,1,0.68372005,Very High
18912,0,0.12845488,Moderate
18913,0,0.11063359,Moderate
18914,1,0.5283207,Very High
18915,1,0.35383883,High
18916,0,0.16534881,Moderate
18917,0,0.07615895,Low
18918,1,0.6350803,Very High
18919,1,0.77343,Very High
18920,1,0.65770084,Very High
18921,0,0.1662072,Moderate
18922,0,0.042387683,Low
18923,0,0.119941294,Moderate
18924,0,0.104392074,Moderate
18925,0,0.070068456,Low
18926,0,0.7408561,Very High
18927,0,0.04909416,Low
18928,1,0.6278371,Very High
18929,1,0.79116136,Very High
18930,0,0.052818924,Low
18931,0,0.23385446,Moderate
18932,0,0.06909885,Low
18933,0,0.12221111,Moderate
18934,0,0.053937964,Low
18935,0,0.42394057,High
18936,0,0.18009794,Moderate
18937,0,0.5206489,Very High
18938,0,0.02860195,Low
18939,0,0.33494672,High
18940,1,0.031637482,Low
18941,0,0.109606706,Moderate
18942,0,0.05911383,Low
18943,0,0.11701884,Moderate
18944,0,0.03849352,Low
18945,0,0.058014203,Low
18946,0,0.10438639,Moderate
18947,1,0.24445477,Moderate
18948,0,0.20731413,Moderate
18949,0,0.16896336,Moderate
18950,0,0.03376787,Low
18951,1,0.33822274,High
18952,1,0.7880505,Very High
18953,0,0.13345252,Moderate
18954,0,0.0946176,Low
18955,0,0.20546073,Moderate
18956,1,0.14308731,Moderate
18957,0,0.06699255,Low
18958,1,0.8232484,Very High
18959,0,0.05308934,Low
18960,0,0.16858631,Moderate
18961,1,0.117048584,Moderate
18962,0,0.4523495,High
18963,0,0.117108695,Moderate
18964,1,0.26437804,High
18965,0,0.043328594,Low
18966,0,0.09911901,Low
18967,0,0.18728942,Moderate
18968,1,0.54401594,Very High
18969,0,0.026803857,Low
18970,0,0.0547739,Low
18971,0,0.031163968,Low
18972,0,0.022915674,Low
18973,0,0.69220096,Very High
18974,0,0.12101518,Moderate
18975,0,0.033528402,Low
18976,0,0.07195222,Low
18977,0,0.031742543,Low
18978,0,0.051236015,Low
18979,0,0.080610156,Low
18980,0,0.20784777,Moderate
18981,0,0.08262076,Low
18982,0,0.049458057,Low
18983,1,0.3569338,High
18984,0,0.10591728,Moderate
18985,0,0.19032273,Moderate
18986,0,0.031860024,Low
18987,0,0.14409687,Moderate
18988,0,0.26124224,High
18989,0,0.7413059,Very High
18990,0,0.13896255,Moderate
18991,0,0.17111537,Moderate
18992,0,0.70941705,Very High
18993,0,0.13539647,Moderate
18994,0,0.13754942,Moderate
18995,0,0.09249129,Low
18996,0,0.15598668,Moderate
18997,0,0.11782656,Moderate
18998,0,0.20782676,Moderate
18999,1,0.18421412,Moderate
19000,1,0.5451942,Very High
19001,0,0.18642554,Moderate
19002,0,0.16177334,Moderate
19003,0,0.083160125,Low
19004,0,0.038032457,Low
19005,0,0.038701553,Low
19006,0,0.06369486,Low
19007,0,0.09933645,Low
19008,0,0.12474378,Moderate
19009,0,0.017602632,Low
19010,0,0.048054587,Low
19011,0,0.11364886,Moderate
19012,1,0.5960349,Very High
19013,0,0.12900274,Moderate
19014,1,0.142646,Moderate
19015,0,0.12675202,Moderate
19016,0,0.15442455,Moderate
19017,0,0.14024267,Moderate
19018,0,0.13543767,Moderate
19019,0,0.16078952,Moderate
19020,0,0.031528376,Low
19021,0,0.10376091,Moderate
19022,1,0.73543245,Very High
19023,0,0.10390955,Moderate
19024,1,0.67365503,Very High
19025,0,0.09610622,Low
19026,1,0.34491873,High
19027,1,0.11402736,Moderate
19028,0,0.1796055,Moderate
19029,0,0.08979338,Low
19030,1,0.62888294,Very High
19031,0,0.28758904,High
19032,0,0.1325718,Moderate
19033,0,0.45736158,High
19034,1,0.17660227,Moderate
19035,0,0.14961803,Moderate
19036,1,0.5249486,Very High
19037,0,0.12764028,Moderate
19038,0,0.22095081,Moderate
19039,0,0.06121224,Low
19040,1,0.49679324,High
19041,0,0.06585674,Low
19042,0,0.1400316,Moderate
19043,1,0.8066726,Very High
19044,0,0.1086537,Moderate
19045,0,0.061289568,Low
19046,0,0.19749776,Moderate
19047,0,0.03081016,Low
19048,0,0.047775857,Low
19049,0,0.04364087,Low
19050,1,0.7305954,Very High
19051,1,0.6819686,Very High
19052,0,0.085918814,Low
19053,1,0.63165927,Very High
19054,1,0.13576128,Moderate
19055,0,0.11589723,Moderate
19056,1,0.774578,Very High
19057,0,0.26961282,High
19058,1,0.39738092,High
19059,0,0.20189223,Moderate
19060,1,0.75436544,Very High
19061,1,0.14365369,Moderate
19062,0,0.09320333,Low
19063,0,0.09481981,Low
19064,0,0.11550467,Moderate
19065,0,0.37381282,High
19066,1,0.7191682,Very High
19067,0,0.12883802,Moderate
19068,0,0.06701204,Low
19069,0,0.15439329,Moderate
19070,1,0.7592842,Very High
19071,0,0.089385726,Low
19072,0,0.045552928,Low
19073,0,0.06990168,Low
19074,0,0.09609298,Low
19075,0,0.044389572,Low
19076,0,0.3826166,High
19077,0,0.10504676,Moderate
19078,0,0.51317143,Very High
19079,0,0.15869156,Moderate
19080,0,0.09374503,Low
19081,0,0.060514696,Low
19082,0,0.3705304,High
19083,1,0.2387684,Moderate
19084,1,0.7192128,Very High
19085,0,0.11460376,Moderate
19086,0,0.12339858,Moderate
19087,0,0.06420284,Low
19088,1,0.7302485,Very High
19089,0,0.28914165,High
19090,0,0.07958049,Low
19091,0,0.061374452,Low
19092,1,0.7326433,Very High
19093,0,0.07433451,Low
19094,0,0.039593622,Low
19095,0,0.13166872,Moderate
19096,0,0.15663049,Moderate
19097,0,0.14428964,Moderate
19098,0,0.21679719,Moderate
19099,1,0.86465245,Very High
19100,0,0.081892505,Low
19101,1,0.56921726,Very High
19102,1,0.6553278,Very High
19103,0,0.104715556,Moderate
19104,1,0.48035267,High
19105,1,0.7775342,Very High
19106,1,0.63807064,Very High
19107,1,0.23620689,Moderate
19108,0,0.10569241,Moderate
19109,1,0.20247175,Moderate
19110,0,0.020267302,Low
19111,0,0.0644498,Low
19112,0,0.09424514,Low
19113,0,0.13832387,Moderate
19114,0,0.056402314,Low
19115,0,0.19652739,Moderate
19116,0,0.30391946,High
19117,0,0.0892002,Low
19118,0,0.46352836,High
19119,0,0.094523914,Low
19120,0,0.06965454,Low
19121,0,0.054172553,Low
19122,0,0.11351832,Moderate
19123,0,0.07099935,Low
19124,0,0.06470821,Low
19125,0,0.06447101,Low
19126,0,0.22040395,Moderate
19127,1,0.66773915,Very High
19128,0,0.057478007,Low
19129,0,0.10355947,Moderate
19130,0,0.27643573,High
19131,1,0.81426936,Very High
19132,0,0.028405933,Low
19133,0,0.105462864,Moderate
19134,0,0.6821096,Very High
19135,0,0.01817179,Low
19136,0,0.18229398,Moderate
19137,0,0.3359918,High
19138,0,0.039203536,Low
19139,0,0.13419455,Moderate
19140,0,0.2069696,Moderate
19141,0,0.06584941,Low
19142,0,0.024361955,Low
19143,0,0.0548168,Low
19144,0,0.07705965,Low
19145,0,0.10543729,Moderate
19146,1,0.82453686,Very High
19147,0,0.047693938,Low
19148,0,0.07300616,Low
19149,0,0.08277221,Low
19150,1,0.5165865,Very High
19151,0,0.14422251,Moderate
19152,0,0.13354686,Moderate
19153,0,0.057777505,Low
19154,0,0.17492831,Moderate
19155,0,0.08137244,Low
19156,0,0.11284477,Moderate
19157,0,0.10751988,Moderate
19158,0,0.06369132,Low
19159,0,0.239886,Moderate
19160,0,0.39836228,High
19161,0,0.14120232,Moderate
19162,0,0.13458218,Moderate
19163,0,0.10685365,Moderate
19164,0,0.16232958,Moderate
19165,0,0.07151371,Low
19166,0,0.06689919,Low
19167,1,0.2227034,Moderate
19168,1,0.39908564,High
19169,0,0.106036715,Moderate
19170,0,0.24088195,Moderate
19171,0,0.10852822,Moderate
19172,0,0.13078019,Moderate
19173,0,0.14697221,Moderate
19174,0,0.34984905,High
19175,0,0.04732475,Low
19176,0,0.29903507,High
19177,0,0.18317358,Moderate
19178,0,0.068844624,Low
19179,1,0.6780001,Very High
19180,0,0.051049672,Low
19181,0,0.06623654,Low
19182,0,0.0788517,Low
19183,0,0.07257078,Low
19184,1,0.1789767,Moderate
19185,0,0.17516808,Moderate
19186,0,0.065114774,Low
19187,0,0.04239042,Low
19188,0,0.23146032,Moderate
19189,0,0.037264716,Low
19190,1,0.24961092,Moderate
19191,0,0.12945236,Moderate
19192,0,0.11762362,Moderate
19193,0,0.092086524,Low
19194,0,0.047541924,Low
19195,0,0.3887653,High
19196,0,0.09986216,Low
19197,0,0.14144625,Moderate
19198,0,0.016630942,Low
19199,0,0.18271008,Moderate
19200,1,0.057230365,Low
19201,1,0.870753,Very High
19202,0,0.20603937,Moderate
19203,0,0.06099864,Low
19204,0,0.11733606,Moderate
19205,0,0.25074038,High
19206,0,0.12675302,Moderate
19207,1,0.7482416,Very High
19208,0,0.08086488,Low
19209,0,0.02680102,Low
19210,0,0.238102,Moderate
19211,0,0.0523823,Low
19212,0,0.16003332,Moderate
19213,1,0.69775045,Very High
19214,0,0.07710616,Low
19215,0,0.4174309,High
19216,0,0.10697499,Moderate
19217,0,0.13180426,Moderate
19218,0,0.06284766,Low
19219,0,0.05699272,Low
19220,0,0.113601916,Moderate
19221,1,0.70198095,Very High
19222,0,0.0092624985,Low
19223,0,0.05161328,Low
19224,1,0.41656145,High
19225,0,0.083978415,Low
19226,0,0.24005245,Moderate
19227,0,0.20204964,Moderate
19228,0,0.052093763,Low
19229,0,0.15484065,Moderate
19230,0,0.3601855,High
19231,0,0.12521327,Moderate
19232,0,0.14665131,Moderate
19233,1,0.18229048,Moderate
19234,1,0.49445796,High
19235,0,0.12440999,Moderate
19236,0,0.030952146,Low
19237,0,0.28088114,High
19238,0,0.09898826,Low
19239,0,0.075832345,Low
19240,0,0.059382517,Low
19241,0,0.0659311,Low
19242,1,0.79192775,Very High
19243,0,0.06260592,Low
19244,1,0.3087073,High
19245,0,0.27361396,High
19246,0,0.16444883,Moderate
19247,0,0.7387023,Very High
19248,0,0.12218713,Moderate
19249,1,0.5610508,Very High
19250,0,0.53139806,Very High
19251,1,0.05790249,Low
19252,1,0.27713525,High
19253,0,0.022161245,Low
19254,0,0.08437502,Low
19255,1,0.2200738,Moderate
19256,0,0.13025297,Moderate
19257,0,0.14294502,Moderate
19258,0,0.020413868,Low
19259,1,0.74601114,Very High
19260,0,0.14902082,Moderate
19261,1,0.7844561,Very High
19262,0,0.13395077,Moderate
19263,0,0.23251393,Moderate
19264,0,0.13530137,Moderate
19265,0,0.56219745,Very High
19266,1,0.059139863,Low
19267,0,0.21817814,Moderate
19268,0,0.067379236,Low
19269,0,0.1165895,Moderate
19270,1,0.13430001,Moderate
19271,1,0.5035017,Very High
19272,0,0.11539759,Moderate
19273,0,0.033553552,Low
19274,0,0.052751474,Low
19275,0,0.12858029,Moderate
19276,0,0.08041898,Low
19277,0,0.093998335,Low
19278,0,0.16366321,Moderate
19279,0,0.4055429,High
19280,0,0.11235852,Moderate
19281,0,0.31785402,High
19282,0,0.10666817,Moderate
19283,0,0.11850866,Moderate
19284,1,0.1384232,Moderate
19285,1,0.67876595,Very High
19286,1,0.12376387,Moderate
19287,0,0.109539084,Moderate
19288,0,0.120518126,Moderate
19289,0,0.093563795,Low
19290,0,0.20690122,Moderate
19291,0,0.15231343,Moderate
19292,1,0.15532254,Moderate
19293,0,0.14658496,Moderate
19294,0,0.4434409,High
19295,0,0.09386332,Low
19296,0,0.1235975,Moderate
19297,0,0.036813535,Low
19298,1,0.34490344,High
19299,0,0.109178424,Moderate
19300,0,0.084233336,Low
19301,0,0.3007537,High
19302,0,0.09739203,Low
19303,0,0.69272584,Very High
19304,0,0.18155997,Moderate
19305,0,0.16126676,Moderate
19306,0,0.037588637,Low
19307,0,0.052624315,Low
19308,0,0.062704995,Low
19309,0,0.17843911,Moderate
19310,0,0.053900626,Low
19311,1,0.3959684,High
19312,0,0.053561885,Low
19313,1,0.41919005,High
19314,0,0.075591855,Low
19315,0,0.15926471,Moderate
19316,0,0.43991357,High
19317,0,0.14429992,Moderate
19318,1,0.7711287,Very High
19319,0,0.022423442,Low
19320,1,0.1562356,Moderate
19321,0,0.09777162,Low
19322,0,0.15586315,Moderate
19323,0,0.37367928,High
19324,0,0.10670077,Moderate
19325,0,0.11402121,Moderate
19326,0,0.09065414,Low
19327,0,0.21133868,Moderate
19328,0,0.17823824,Moderate
19329,1,0.7363745,Very High
19330,0,0.24178545,Moderate
19331,0,0.046019737,Low
19332,0,0.15466312,Moderate
19333,0,0.1412489,Moderate
19334,0,0.14293738,Moderate
19335,0,0.0961727,Low
19336,0,0.026222175,Low
19337,0,0.038886875,Low
19338,1,0.11586987,Moderate
19339,0,0.05503529,Low
19340,0,0.0780262,Low
19341,0,0.13473879,Moderate
19342,0,0.10294342,Moderate
19343,0,0.2310421,Moderate
19344,0,0.7176959,Very High
19345,1,0.80446774,Very High
19346,0,0.063345574,Low
19347,1,0.41781312,High
19348,0,0.41388556,High
19349,0,0.20154272,Moderate
19350,0,0.13878058,Moderate
19351,1,0.65550655,Very High
19352,1,0.5739085,Very High
19353,0,0.053707276,Low
19354,0,0.12304674,Moderate
19355,1,0.2168709,Moderate
19356,0,0.036511485,Low
19357,0,0.1306421,Moderate
19358,0,0.28403163,High
19359,0,0.55657935,Very High
19360,0,0.21275015,Moderate
19361,1,0.41080973,High
19362,0,0.10082845,Moderate
19363,0,0.057754274,Low
19364,0,0.051120806,Low
19365,0,0.037154954,Low
19366,0,0.083287776,Low
19367,0,0.087260544,Low
19368,0,0.1405855,Moderate
19369,0,0.4052282,High
19370,0,0.036721036,Low
19371,0,0.1759928,Moderate
19372,0,0.087068416,Low
19373,0,0.018423405,Low
19374,0,0.04487517,Low
19375,0,0.045743767,Low
19376,0,0.1266808,Moderate
19377,0,0.022254435,Low
19378,1,0.13672124,Moderate
19379,0,0.08473278,Low
19380,0,0.037104685,Low
19381,0,0.031218996,Low
19382,0,0.47404283,High
19383,0,0.2351777,Moderate
19384,0,0.3881947,High
19385,0,0.01753954,Low
19386,0,0.4054635,High
19387,0,0.1528524,Moderate
19388,1,0.14099967,Moderate
19389,0,0.3657691,High
19390,1,0.24544781,Moderate
19391,0,0.056699485,Low
19392,0,0.062311586,Low
19393,0,0.1196169,Moderate
19394,0,0.12707116,Moderate
19395,0,0.031164598,Low
19396,0,0.07678461,Low
19397,0,0.107917085,Moderate
19398,0,0.052560307,Low
19399,0,0.19130915,Moderate
19400,0,0.08115855,Low
19401,0,0.20816809,Moderate
19402,0,0.27353057,High
19403,0,0.11756276,Moderate
19404,0,0.21771713,Moderate
19405,0,0.06563664,Low
19406,0,0.21939687,Moderate
19407,0,0.07708458,Low
19408,0,0.043829728,Low
19409,1,0.35211137,High
19410,0,0.09518439,Low
19411,0,0.032849677,Low
19412,0,0.29537523,High
19413,0,0.26048744,High
19414,0,0.16950278,Moderate
19415,0,0.056945384,Low
19416,1,0.118035056,Moderate
19417,1,0.29514343,High
19418,0,0.053010695,Low
19419,0,0.098997466,Low
19420,0,0.100175165,Moderate
19421,0,0.06782445,Low
19422,1,0.16142759,Moderate
19423,0,0.21824686,Moderate
19424,0,0.05096691,Low
19425,0,0.09735709,Low
19426,0,0.24476647,Moderate
19427,0,0.09729248,Low
19428,0,0.032696478,Low
19429,0,0.31488937,High
19430,0,0.14004849,Moderate
19431,0,0.07859154,Low
19432,0,0.26063222,High
19433,0,0.11634135,Moderate
19434,1,0.3418479,High
19435,0,0.32762265,High
19436,0,0.13855988,Moderate
19437,0,0.031299498,Low
19438,0,0.06647208,Low
19439,0,0.091835655,Low
19440,0,0.027137192,Low
19441,0,0.17695752,Moderate
19442,0,0.265293,High
19443,1,0.22099976,Moderate
19444,0,0.041360267,Low
19445,0,0.34355694,High
19446,0,0.13848127,Moderate
19447,0,0.05147866,Low
19448,0,0.2167783,Moderate
19449,0,0.14733863,Moderate
19450,0,0.14292425,Moderate
19451,0,0.04315885,Low
19452,0,0.07962704,Low
19453,1,0.6943566,Very High
19454,1,0.25042462,High
19455,0,0.14938621,Moderate
19456,0,0.08712489,Low
19457,0,0.0837717,Low
19458,0,0.1859775,Moderate
19459,0,0.13248183,Moderate
19460,0,0.068331406,Low
19461,0,0.39395896,High
19462,0,0.1086654,Moderate
19463,1,0.1741538,Moderate
19464,0,0.034550134,Low
19465,0,0.23753889,Moderate
19466,1,0.44054747,High
19467,0,0.13189614,Moderate
19468,0,0.11485009,Moderate
19469,0,0.034643523,Low
19470,0,0.055567067,Low
19471,0,0.52177393,Very High
19472,1,0.77665836,Very High
19473,0,0.14404298,Moderate
19474,0,0.035301547,Low
19475,1,0.2098212,Moderate
19476,0,0.070299454,Low
19477,0,0.1737624,Moderate
19478,0,0.10543293,Moderate
19479,0,0.026296105,Low
19480,0,0.11130553,Moderate
19481,0,0.15955094,Moderate
19482,0,0.4006697,High
19483,0,0.15135616,Moderate
19484,0,0.09472175,Low
19485,0,0.44573736,High
19486,1,0.7048134,Very High
19487,0,0.07694532,Low
19488,0,0.30398583,High
19489,0,0.64027345,Very High
19490,1,0.82385,Very High
19491,0,0.08634153,Low
19492,0,0.15186137,Moderate
19493,0,0.02481149,Low
19494,0,0.14660145,Moderate
19495,0,0.15566972,Moderate
19496,1,0.5209886,Very High
19497,0,0.2226563,Moderate
19498,0,0.06373801,Low
19499,1,0.31231058,High
19500,0,0.36159918,High
19501,0,0.06570704,Low
19502,0,0.040792294,Low
19503,0,0.11075484,Moderate
19504,0,0.07356991,Low
19505,0,0.21440443,Moderate
19506,0,0.10060205,Moderate
19507,0,0.6261543,Very High
19508,0,0.24112305,Moderate
19509,0,0.08462227,Low
19510,0,0.02640822,Low
19511,1,0.21420471,Moderate
19512,0,0.17015441,Moderate
19513,0,0.04038327,Low
19514,0,0.050744206,Low
19515,0,0.18385977,Moderate
19516,0,0.35171917,High
19517,0,0.015773654,Low
19518,0,0.11523456,Moderate
19519,0,0.15549128,Moderate
19520,1,0.20972824,Moderate
19521,1,0.73763347,Very High
19522,1,0.26925784,High
19523,1,0.7142989,Very High
19524,0,0.022906238,Low
19525,0,0.085160226,Low
19526,0,0.05900342,Low
19527,0,0.07043235,Low
19528,1,0.19171081,Moderate
19529,0,0.36673072,High
19530,1,0.04645531,Low
19531,0,0.18688361,Moderate
19532,0,0.09971358,Low
19533,1,0.8230901,Very High
19534,0,0.50995725,Very High
19535,0,0.19190277,Moderate
19536,0,0.030887797,Low
19537,1,0.66622466,Very High
19538,0,0.11947468,Moderate
19539,0,0.030823112,Low
19540,0,0.12628685,Moderate
19541,0,0.03421046,Low
19542,0,0.14015312,Moderate
19543,0,0.07275952,Low
19544,0,0.071160085,Low
19545,0,0.13113515,Moderate
19546,0,0.6426351,Very High
19547,0,0.16126315,Moderate
19548,1,0.21754502,Moderate
19549,1,0.6764915,Very High
19550,1,0.033973236,Low
19551,0,0.13366096,Moderate
19552,0,0.697507,Very High
19553,1,0.15054244,Moderate
19554,0,0.057819154,Low
19555,0,0.33874717,High
19556,0,0.061347485,Low
19557,1,0.8060468,Very High
19558,0,0.021151002,Low
19559,0,0.17395727,Moderate
19560,0,0.05622573,Low
19561,0,0.22211137,Moderate
19562,0,0.0762274,Low
19563,0,0.12253934,Moderate
19564,1,0.13408396,Moderate
19565,1,0.32773748,High
19566,0,0.32703307,High
19567,0,0.07012218,Low
19568,0,0.052349374,Low
19569,0,0.11296488,Moderate
19570,1,0.1359164,Moderate
19571,0,0.1419308,Moderate
19572,0,0.2613052,High
19573,1,0.10396398,Moderate
19574,0,0.2576326,High
19575,0,0.05582583,Low
19576,0,0.07350865,Low
19577,0,0.040596966,Low
19578,1,0.6134574,Very High
19579,0,0.070008494,Low
19580,0,0.15062083,Moderate
19581,0,0.03150918,Low
19582,0,0.04237015,Low
19583,0,0.07297898,Low
19584,0,0.05343663,Low
19585,1,0.15535972,Moderate
19586,0,0.06493527,Low
19587,0,0.18374698,Moderate
19588,1,0.8239397,Very High
19589,0,0.08100551,Low
19590,0,0.07143873,Low
19591,0,0.0450104,Low
19592,0,0.4004255,High
19593,0,0.078686655,Low
19594,0,0.16658072,Moderate
19595,0,0.11864971,Moderate
19596,1,0.7339996,Very High
19597,0,0.16618991,Moderate
19598,0,0.06169261,Low
19599,0,0.15174338,Moderate
19600,0,0.03189993,Low
19601,0,0.112787195,Moderate
19602,0,0.08788086,Low
19603,0,0.17841373,Moderate
19604,1,0.2118167,Moderate
19605,0,0.32264444,High
19606,0,0.19518319,Moderate
19607,0,0.037619375,Low
19608,0,0.045834724,Low
19609,0,0.020908698,Low
19610,0,0.027108476,Low
19611,0,0.049233608,Low
19612,0,0.040793255,Low
19613,0,0.0667784,Low
19614,0,0.16424981,Moderate
19615,0,0.02750114,Low
19616,0,0.14852051,Moderate
19617,1,0.7712159,Very High
19618,0,0.08295444,Low
19619,0,0.035659254,Low
19620,0,0.16319036,Moderate
19621,0,0.07766779,Low
19622,1,0.6529496,Very High
19623,1,0.06236628,Low
19624,0,0.11407923,Moderate
19625,0,0.1195894,Moderate
19626,0,0.059939604,Low
19627,0,0.12937158,Moderate
19628,0,0.17930464,Moderate
19629,0,0.30394226,High
19630,0,0.24752691,Moderate
19631,0,0.1527122,Moderate
19632,0,0.06383091,Low
19633,0,0.07581041,Low
19634,1,0.6312526,Very High
19635,0,0.057182547,Low
19636,0,0.13427232,Moderate
19637,0,0.2669357,High
19638,1,0.7162927,Very High
19639,0,0.0285648,Low
19640,0,0.42448497,High
19641,1,0.4351951,High
19642,0,0.10671439,Moderate
19643,0,0.06193649,Low
19644,0,0.016201071,Low
19645,0,0.17465733,Moderate
19646,0,0.057998225,Low
19647,0,0.054046392,Low
19648,0,0.14621095,Moderate
19649,1,0.16425215,Moderate
19650,1,0.7443414,Very High
19651,0,0.03887454,Low
19652,0,0.10500324,Moderate
19653,0,0.08070953,Low
19654,0,0.02426454,Low
19655,1,0.35177618,High
19656,0,0.07058018,Low
19657,0,0.30548298,High
19658,0,0.32407248,High
19659,0,0.034476444,Low
19660,1,0.41795677,High
19661,1,0.29668188,High
19662,0,0.39149898,High
19663,0,0.015469172,Low
19664,0,0.031899754,Low
19665,0,0.029481359,Low
19666,0,0.16082704,Moderate
19667,0,0.050396252,Low
19668,0,0.7005445,Very High
19669,0,0.09658944,Low
19670,0,0.077683076,Low
19671,0,0.31896394,High
19672,0,0.042050056,Low
19673,0,0.147157,Moderate
19674,0,0.14832442,Moderate
19675,0,0.030751934,Low
19676,0,0.19519553,Moderate
19677,1,0.46944407,High
19678,0,0.050834395,Low
19679,0,0.06727427,Low
19680,0,0.16825604,Moderate
19681,0,0.06234458,Low
19682,0,0.116383165,Moderate
19683,0,0.091438696,Low
19684,1,0.21373445,Moderate
19685,0,0.026994381,Low
19686,1,0.33121696,High
19687,1,0.63109756,Very High
19688,0,0.10328013,Moderate
19689,0,0.086526975,Low
19690,0,0.074237116,Low
19691,0,0.027890405,Low
19692,0,0.078592576,Low
19693,0,0.33810914,High
19694,1,0.14775226,Moderate
19695,0,0.12599818,Moderate
19696,0,0.057832666,Low
19697,0,0.02697152,Low
19698,1,0.80039924,Very High
19699,0,0.060736425,Low
19700,1,0.34615242,High
19701,0,0.15907249,Moderate
19702,0,0.070913985,Low
19703,0,0.072855026,Low
19704,0,0.13937622,Moderate
19705,0,0.26130608,High
19706,1,0.27429032,High
19707,0,0.17585756,Moderate
19708,1,0.5155803,Very High
19709,0,0.05398614,Low
19710,0,0.102995574,Moderate
19711,0,0.041049283,Low
19712,1,0.8222463,Very High
19713,0,0.08170543,Low
19714,0,0.10474097,Moderate
19715,0,0.07183468,Low
19716,0,0.06403629,Low
19717,0,0.27114838,High
19718,0,0.03382141,Low
19719,0,0.03357448,Low
19720,0,0.051357564,Low
19721,0,0.07434972,Low
19722,0,0.042538114,Low
19723,0,0.052071117,Low
19724,0,0.041127093,Low
19725,0,0.03449107,Low
19726,0,0.060612947,Low
19727,0,0.5570612,Very High
19728,1,0.10686248,Moderate
19729,0,0.1282034,Moderate
19730,0,0.050755415,Low
19731,0,0.07182003,Low
19732,0,0.113846235,Moderate
19733,0,0.06633478,Low
19734,0,0.052393556,Low
19735,0,0.1305774,Moderate
19736,0,0.044186726,Low
19737,0,0.09077445,Low
19738,0,0.6397994,Very High
19739,0,0.09615645,Low
19740,1,0.71670884,Very High
19741,0,0.110083066,Moderate
19742,0,0.05583005,Low
19743,1,0.47157997,High
19744,0,0.08464516,Low
19745,0,0.13815825,Moderate
19746,0,0.2355791,Moderate
19747,0,0.079250924,Low
19748,0,0.066621415,Low
19749,0,0.07365115,Low
19750,0,0.10877718,Moderate
19751,1,0.19269842,Moderate
19752,0,0.26817653,High
19753,1,0.51915985,Very High
19754,0,0.03566212,Low
19755,0,0.14225389,Moderate
19756,1,0.71914893,Very High
19757,0,0.027205968,Low
19758,0,0.2760029,High
19759,0,0.025875874,Low
19760,0,0.025443885,Low
19761,0,0.1845929,Moderate
19762,1,0.43271875,High
19763,0,0.10512238,Moderate
19764,0,0.06715426,Low
19765,0,0.1360382,Moderate
19766,0,0.64865893,Very High
19767,0,0.027500765,Low
19768,1,0.17607081,Moderate
19769,0,0.16646238,Moderate
19770,0,0.15008055,Moderate
19771,1,0.80622697,Very High
19772,0,0.038066603,Low
19773,0,0.2195095,Moderate
19774,0,0.09013027,Low
19775,0,0.035839636,Low
19776,0,0.40541324,High
19777,0,0.069345094,Low
19778,0,0.08637944,Low
19779,0,0.2828122,High
19780,0,0.13555254,Moderate
19781,0,0.068395786,Low
19782,0,0.26776785,High
19783,1,0.46832263,High
19784,0,0.114787936,Moderate
19785,1,0.09369076,Low
19786,0,0.04975638,Low
19787,0,0.052045155,Low
19788,0,0.27966258,High
19789,0,0.0626093,Low
19790,0,0.124554925,Moderate
19791,0,0.016010243,Low
19792,1,0.24341637,Moderate
19793,0,0.14354801,Moderate
19794,0,0.25716054,High
19795,0,0.08946423,Low
19796,0,0.07283085,Low
19797,0,0.13677716,Moderate
19798,0,0.17354412,Moderate
19799,1,0.5014059,Very High
19800,0,0.16724618,Moderate
19801,0,0.10507226,Moderate
19802,1,0.50161386,Very High
19803,0,0.065724194,Low
19804,0,0.056077044,Low
19805,0,0.15980586,Moderate
19806,1,0.23708214,Moderate
19807,0,0.018718386,Low
19808,0,0.121874735,Moderate
19809,0,0.12330181,Moderate
19810,0,0.505514,Very High
19811,0,0.06844541,Low
19812,0,0.07308016,Low
19813,0,0.041964788,Low
19814,0,0.36162737,High
19815,1,0.7692162,Very High
19816,0,0.043211732,Low
19817,0,0.055940814,Low
19818,1,0.6591825,Very High
19819,1,0.4258832,High
19820,0,0.22107123,Moderate
19821,1,0.37297463,High
19822,0,0.148808,Moderate
19823,0,0.17580049,Moderate
19824,0,0.1588362,Moderate
19825,1,0.6978477,Very High
19826,0,0.08846246,Low
19827,0,0.17262653,Moderate
19828,0,0.10436907,Moderate
19829,0,0.022255505,Low
19830,0,0.2724183,High
19831,0,0.0738444,Low
19832,1,0.4879736,High
19833,0,0.086816974,Low
19834,0,0.069565445,Low
19835,0,0.6283743,Very High
19836,0,0.028061194,Low
19837,0,0.18414931,Moderate
19838,0,0.08362866,Low
19839,0,0.09566901,Low
19840,0,0.45324865,High
19841,0,0.085574314,Low
19842,0,0.066492,Low
19843,0,0.6790277,Very High
19844,1,0.76131284,Very High
19845,0,0.14002791,Moderate
19846,1,0.2626365,High
19847,0,0.10058419,Moderate
19848,0,0.4272474,High
19849,0,0.054328855,Low
19850,0,0.040057287,Low
19851,0,0.02607889,Low
19852,0,0.04652155,Low
19853,0,0.07559114,Low
19854,1,0.41408455,High
19855,0,0.20564117,Moderate
19856,1,0.4816662,High
19857,0,0.0698339,Low
19858,0,0.07561912,Low
19859,0,0.03389784,Low
19860,0,0.067467414,Low
19861,0,0.22448242,Moderate
19862,1,0.5323956,Very High
19863,0,0.08656022,Low
19864,1,0.098310225,Low
19865,0,0.040756427,Low
19866,0,0.4784063,High
19867,0,0.0988088,Low
19868,0,0.30872533,High
19869,0,0.058942832,Low
19870,0,0.16456048,Moderate
19871,0,0.11070864,Moderate
19872,0,0.021035397,Low
19873,1,0.26989836,High
19874,0,0.10818256,Moderate
19875,0,0.12820107,Moderate
19876,0,0.23279428,Moderate
19877,0,0.058431335,Low
19878,0,0.14848737,Moderate
19879,0,0.10948656,Moderate
19880,0,0.16504087,Moderate
19881,1,0.11895549,Moderate
19882,0,0.10066536,Moderate
19883,0,0.10857593,Moderate
19884,0,0.07163506,Low
19885,0,0.037174657,Low
19886,0,0.093268014,Low
19887,0,0.086862996,Low
19888,1,0.35325065,High
19889,0,0.21281467,Moderate
19890,0,0.024284378,Low
19891,0,0.14027213,Moderate
19892,0,0.054625966,Low
19893,0,0.070924886,Low
19894,0,0.11632926,Moderate
19895,0,0.1869883,Moderate
19896,1,0.22898147,Moderate
19897,0,0.04962532,Low
19898,0,0.38498637,High
19899,1,0.73040694,Very High
19900,1,0.6527831,Very High
19901,0,0.39454496,High
19902,0,0.19228409,Moderate
19903,0,0.1599786,Moderate
19904,0,0.033281036,Low
19905,0,0.12807038,Moderate
19906,0,0.043638762,Low
19907,1,0.7324937,Very High
19908,0,0.21900746,Moderate
19909,1,0.2017936,Moderate
19910,0,0.03292032,Low
19911,0,0.035379108,Low
19912,0,0.1443736,Moderate
19913,1,0.17396766,Moderate
19914,0,0.12840723,Moderate
19915,0,0.038597226,Low
19916,0,0.016458787,Low
19917,0,0.17910373,Moderate
19918,0,0.13820958,Moderate
19919,0,0.06635793,Low
19920,1,0.13614066,Moderate
19921,0,0.17508286,Moderate
19922,0,0.13824098,Moderate
19923,1,0.10443495,Moderate
19924,0,0.1240691,Moderate
19925,0,0.073349565,Low
19926,1,0.40849605,High
19927,1,0.16568995,Moderate
19928,0,0.26429263,High
19929,0,0.12261637,Moderate
19930,0,0.118413694,Moderate
19931,0,0.1102841,Moderate
19932,1,0.21103233,Moderate
19933,0,0.080748156,Low
19934,0,0.32035443,High
19935,0,0.055893026,Low
19936,0,0.53473693,Very High
19937,0,0.34245226,High
19938,1,0.19662711,Moderate
19939,0,0.046041187,Low
19940,0,0.107825965,Moderate
19941,0,0.06636616,Low
19942,0,0.02706338,Low
19943,0,0.08655666,Low
19944,0,0.20844896,Moderate
19945,0,0.09210468,Low
19946,0,0.041893624,Low
19947,0,0.073421195,Low
19948,0,0.55727684,Very High
19949,0,0.06137094,Low
19950,0,0.23227835,Moderate
19951,0,0.049783077,Low
19952,0,0.10579802,Moderate
19953,0,0.1448257,Moderate
19954,0,0.086618274,Low
19955,0,0.137186,Moderate
19956,0,0.20965627,Moderate
19957,0,0.17047943,Moderate
19958,0,0.29326335,High
19959,0,0.076080956,Low
19960,0,0.30508065,High
19961,1,0.55713046,Very High
19962,0,0.25054196,High
19963,0,0.05292604,Low
19964,0,0.20235066,Moderate
19965,0,0.06578699,Low
19966,0,0.029957393,Low
19967,0,0.08557413,Low
19968,0,0.13024978,Moderate
19969,0,0.02439164,Low
19970,0,0.05198481,Low
19971,0,0.415215,High
19972,0,0.12182624,Moderate
19973,0,0.14978893,Moderate
19974,0,0.09064892,Low
19975,0,0.22707811,Moderate
19976,0,0.16221194,Moderate
19977,0,0.091438524,Low
19978,0,0.3252048,High
19979,0,0.27554455,High
19980,0,0.05506081,Low
19981,0,0.0303216,Low
19982,0,0.0636052,Low
19983,1,0.8988059,Very High
19984,0,0.10172627,Moderate
19985,1,0.26101792,High
19986,0,0.13432795,Moderate
19987,0,0.039994024,Low
19988,0,0.083066516,Low
19989,1,0.78444666,Very High
19990,0,0.05822474,Low
19991,0,0.2484461,Moderate
19992,0,0.3673756,High
19993,0,0.09593666,Low
19994,0,0.1480766,Moderate
19995,0,0.10192998,Moderate
19996,0,0.1211531,Moderate
19997,1,0.16077071,Moderate
19998,0,0.09860918,Low
19999,0,0.11191971,Moderate
20000,0,0.22331262,Moderate
20001,1,0.17344804,Moderate
20002,0,0.42515898,High
20003,0,0.12602772,Moderate
20004,0,0.044944014,Low
20005,0,0.07333335,Low
20006,1,0.2214869,Moderate
20007,0,0.15978575,Moderate
20008,0,0.27529627,High
20009,0,0.03972595,Low
20010,0,0.053253185,Low
20011,1,0.3352111,High
20012,0,0.43028095,High
20013,0,0.042649888,Low
20014,0,0.15311016,Moderate
20015,0,0.057193525,Low
20016,0,0.10735143,Moderate
20017,0,0.07540258,Low
20018,0,0.0639268,Low
20019,0,0.17995973,Moderate
20020,0,0.056949224,Low
20021,0,0.12068684,Moderate
20022,0,0.32951277,High
20023,0,0.08752118,Low
20024,0,0.052831028,Low
20025,0,0.2282407,Moderate
20026,1,0.2177103,Moderate
20027,1,0.07829557,Low
20028,0,0.19658898,Moderate
20029,1,0.35947222,High
20030,0,0.07925618,Low
20031,0,0.13649385,Moderate
20032,0,0.62959087,Very High
20033,0,0.41176483,High
20034,0,0.36931223,High
20035,0,0.2293365,Moderate
20036,0,0.07930774,Low
20037,0,0.08873338,Low
20038,0,0.08413705,Low
20039,0,0.10140309,Moderate
20040,0,0.11865614,Moderate
20041,0,0.11836675,Moderate
20042,0,0.0604051,Low
20043,0,0.06346809,Low
20044,0,0.04559275,Low
20045,0,0.20886832,Moderate
20046,1,0.18943754,Moderate
20047,0,0.26481247,High
20048,0,0.27743915,High
20049,0,0.05631727,Low
20050,0,0.16964014,Moderate
20051,0,0.37209487,High
20052,0,0.07254008,Low
20053,0,0.12584071,Moderate
20054,1,0.27925783,High
20055,0,0.25115594,High
20056,0,0.13585232,Moderate
20057,0,0.09172883,Low
20058,0,0.12788247,Moderate
20059,0,0.17591177,Moderate
20060,0,0.051749036,Low
20061,1,0.20349824,Moderate
20062,0,0.030463094,Low
20063,0,0.017225197,Low
20064,0,0.108222954,Moderate
20065,0,0.020248063,Low
20066,0,0.14268225,Moderate
20067,0,0.2777331,High
20068,0,0.042642117,Low
20069,0,0.1455656,Moderate
20070,1,0.21536721,Moderate
20071,0,0.041581113,Low
20072,0,0.057587393,Low
20073,0,0.046504494,Low
20074,0,0.155077,Moderate
20075,0,0.04302432,Low
20076,0,0.03156797,Low
20077,1,0.1154533,Moderate
20078,0,0.020728182,Low
20079,0,0.17402215,Moderate
20080,0,0.046593018,Low
20081,0,0.08821865,Low
20082,0,0.048007887,Low
20083,0,0.02189635,Low
20084,0,0.30990016,High
20085,0,0.05147317,Low
20086,0,0.12500308,Moderate
20087,0,0.14503965,Moderate
20088,0,0.11717038,Moderate
20089,0,0.01720764,Low
20090,0,0.32719424,High
20091,1,0.1522061,Moderate
20092,0,0.07712968,Low
20093,0,0.096328154,Low
20094,0,0.14136283,Moderate
20095,1,0.7290014,Very High
20096,0,0.11365581,Moderate
20097,0,0.11133893,Moderate
20098,0,0.025953017,Low
20099,0,0.065024614,Low
20100,1,0.18266502,Moderate
20101,1,0.18439801,Moderate
20102,0,0.1588653,Moderate
20103,0,0.2784086,High
20104,0,0.0869667,Low
20105,0,0.05204815,Low
20106,0,0.23943815,Moderate
20107,0,0.053144254,Low
20108,0,0.15765738,Moderate
20109,0,0.18611796,Moderate
20110,0,0.026101418,Low
20111,1,0.2829881,High
20112,0,0.10018942,Moderate
20113,0,0.10040986,Moderate
20114,1,0.4347051,High
20115,0,0.050553888,Low
20116,0,0.066479616,Low
20117,1,0.22323598,Moderate
20118,0,0.14158736,Moderate
20119,0,0.027284967,Low
20120,0,0.030516949,Low
20121,1,0.17895758,Moderate
20122,0,0.098980725,Low
20123,0,0.10957498,Moderate
20124,0,0.04623503,Low
20125,0,0.0797621,Low
20126,0,0.08815648,Low
20127,0,0.25879577,High
20128,1,0.094540305,Low
20129,0,0.069431104,Low
20130,1,0.6843884,Very High
20131,0,0.690383,Very High
20132,0,0.07176452,Low
20133,0,0.04066329,Low
20134,1,0.09993032,Low
20135,0,0.047126587,Low
20136,0,0.13315305,Moderate
20137,0,0.06734199,Low
20138,0,0.0711142,Low
20139,0,0.035467967,Low
20140,0,0.18954988,Moderate
20141,1,0.57810384,Very High
20142,0,0.019056631,Low
20143,0,0.11035092,Moderate
20144,0,0.016734006,Low
20145,0,0.075196214,Low
20146,0,0.042061813,Low
20147,1,0.78977466,Very High
20148,0,0.31081924,High
20149,1,0.73209834,Very High
20150,0,0.06560459,Low
20151,0,0.1386926,Moderate
20152,1,0.42416364,High
20153,0,0.0832964,Low
20154,1,0.31546283,High
20155,0,0.14126304,Moderate
20156,0,0.19633183,Moderate
20157,0,0.06380128,Low
20158,0,0.18004079,Moderate
20159,0,0.07768362,Low
20160,1,0.20313066,Moderate
20161,0,0.12756963,Moderate
20162,0,0.11556397,Moderate
20163,0,0.022510707,Low
20164,1,0.60348743,Very High
20165,1,0.17025147,Moderate
20166,0,0.04678291,Low
20167,0,0.078294195,Low
20168,0,0.086202234,Low
20169,0,0.09179192,Low
20170,0,0.04887324,Low
20171,1,0.12376793,Moderate
20172,1,0.17566589,Moderate
20173,0,0.26679868,High
20174,0,0.24896403,Moderate
20175,0,0.035399485,Low
20176,0,0.08809193,Low
20177,0,0.32117698,High
20178,0,0.16383363,Moderate
20179,0,0.1056955,Moderate
20180,0,0.048938487,Low
20181,0,0.19211832,Moderate
20182,0,0.036910187,Low
20183,0,0.025223361,Low
20184,0,0.08917208,Low
20185,0,0.04677835,Low
20186,0,0.06830218,Low
20187,0,0.122781344,Moderate
20188,0,0.16722904,Moderate
20189,0,0.3214733,High
20190,0,0.07419509,Low
20191,0,0.026697725,Low
20192,1,0.08323678,Low
20193,0,0.037478197,Low
20194,0,0.06945696,Low
20195,0,0.089780085,Low
20196,0,0.06239101,Low
20197,0,0.046726767,Low
20198,0,0.052467383,Low
20199,0,0.048533335,Low
20200,0,0.102604546,Moderate
20201,0,0.06937804,Low
20202,0,0.035551403,Low
20203,0,0.14258027,Moderate
20204,0,0.06638775,Low
20205,0,0.25884068,High
20206,0,0.13969365,Moderate
20207,1,0.66319185,Very High
20208,1,0.0771025,Low
20209,0,0.08860339,Low
20210,0,0.23525237,Moderate
20211,1,0.71673954,Very High
20212,0,0.21639301,Moderate
20213,1,0.2374267,Moderate
20214,0,0.12247937,Moderate
20215,1,0.75078607,Very High
20216,0,0.118768826,Moderate
20217,0,0.18872307,Moderate
20218,0,0.43049207,High
20219,0,0.19128975,Moderate
20220,0,0.04354466,Low
20221,1,0.59865916,Very High
20222,0,0.15236035,Moderate
20223,0,0.14352244,Moderate
20224,0,0.4603517,High
20225,0,0.58863056,Very High
20226,0,0.07003127,Low
20227,0,0.21227865,Moderate
20228,0,0.043727107,Low
20229,0,0.10548119,Moderate
20230,1,0.41802016,High
20231,0,0.37661055,High
20232,0,0.15564257,Moderate
20233,1,0.15299343,Moderate
20234,0,0.06045672,Low
20235,0,0.028037608,Low
20236,0,0.27846733,High
20237,0,0.6273161,Very High
20238,0,0.18268414,Moderate
20239,0,0.552691,Very High
20240,0,0.04650615,Low
20241,0,0.13198718,Moderate
20242,0,0.02764758,Low
20243,0,0.20107254,Moderate
20244,0,0.068379454,Low
20245,0,0.021689491,Low
20246,0,0.5222173,Very High
20247,0,0.13502942,Moderate
20248,0,0.14472377,Moderate
20249,1,0.6234813,Very High
20250,0,0.22167274,Moderate
20251,0,0.08698599,Low
20252,1,0.16695128,Moderate
20253,1,0.3251875,High
20254,0,0.068190396,Low
20255,1,0.86546993,Very High
20256,0,0.5699083,Very High
20257,0,0.1335127,Moderate
20258,1,0.15188819,Moderate
20259,0,0.10057412,Moderate
20260,0,0.061028197,Low
20261,0,0.10148679,Moderate
20262,0,0.027740289,Low
20263,0,0.106659144,Moderate
20264,0,0.29463276,High
20265,0,0.11030953,Moderate
20266,0,0.07560603,Low
20267,1,0.7089116,Very High
20268,0,0.21008244,Moderate
20269,0,0.2823742,High
20270,0,0.17795463,Moderate
20271,0,0.10289844,Moderate
20272,0,0.101875104,Moderate
20273,1,0.8011009,Very High
20274,0,0.11541905,Moderate
20275,0,0.038062807,Low
20276,1,0.18075013,Moderate
20277,0,0.16524096,Moderate
20278,0,0.11148184,Moderate
20279,1,0.1713864,Moderate
20280,0,0.13734537,Moderate
20281,0,0.068177566,Low
20282,1,0.8136453,Very High
20283,1,0.801466,Very High
20284,0,0.138011,Moderate
20285,0,0.5912617,Very High
20286,0,0.33327666,High
20287,0,0.050926495,Low
20288,1,0.329724,High
20289,0,0.14202295,Moderate
20290,0,0.25606006,High
20291,0,0.69567245,Very High
20292,0,0.066890605,Low
20293,0,0.12668115,Moderate
20294,1,0.21216245,Moderate
20295,0,0.07196664,Low
20296,1,0.20999815,Moderate
20297,0,0.06396993,Low
20298,0,0.3598149,High
20299,0,0.17202444,Moderate
20300,0,0.023485502,Low
20301,0,0.25929132,High
20302,0,0.06086991,Low
20303,0,0.08906171,Low
20304,0,0.09029307,Low
20305,0,0.028547663,Low
20306,0,0.21730128,Moderate
20307,1,0.35690823,High
20308,0,0.4736044,High
20309,0,0.088578984,Low
20310,0,0.32175782,High
20311,0,0.10295108,Moderate
20312,0,0.16067044,Moderate
20313,0,0.10547758,Moderate
20314,1,0.24060012,Moderate
20315,1,0.4940582,High
20316,0,0.035040855,Low
20317,0,0.072175674,Low
20318,0,0.040639833,Low
20319,1,0.56864464,Very High
20320,0,0.1886848,Moderate
20321,0,0.051275976,Low
20322,0,0.045412447,Low
20323,1,0.6639081,Very High
20324,0,0.2751667,High
20325,0,0.029055135,Low
20326,0,0.0963001,Low
20327,0,0.20510766,Moderate
20328,0,0.083960555,Low
20329,0,0.20998561,Moderate
20330,0,0.19420652,Moderate
20331,0,0.39069855,High
20332,0,0.10122546,Moderate
20333,0,0.1680834,Moderate
20334,0,0.04597975,Low
20335,0,0.011553035,Low
20336,1,0.69536513,Very High
20337,1,0.16677813,Moderate
20338,1,0.6094534,Very High
20339,0,0.63379455,Very High
20340,1,0.22389166,Moderate
20341,0,0.15655625,Moderate
20342,0,0.05088423,Low
20343,1,0.64236367,Very High
20344,0,0.104373425,Moderate
20345,0,0.057688028,Low
20346,0,0.4698397,High
20347,0,0.2753204,High
20348,0,0.12460909,Moderate
20349,0,0.08887383,Low
20350,0,0.6727425,Very High
20351,0,0.034893684,Low
20352,0,0.15751393,Moderate
20353,0,0.19750588,Moderate
20354,0,0.13959026,Moderate
20355,0,0.22289252,Moderate
20356,0,0.16088209,Moderate
20357,0,0.11480427,Moderate
20358,1,0.22176784,Moderate
20359,1,0.51579314,Very High
20360,1,0.71336126,Very High
20361,0,0.058720443,Low
20362,1,0.1191352,Moderate
20363,1,0.10119299,Moderate
20364,1,0.716225,Very High
20365,1,0.5132522,Very High
20366,0,0.13040967,Moderate
20367,1,0.6734526,Very High
20368,1,0.61211264,Very High
20369,1,0.20137669,Moderate
20370,0,0.19949213,Moderate
20371,1,0.1660127,Moderate
20372,1,0.17207946,Moderate
20373,0,0.48766923,High
20374,1,0.62903404,Very High
20375,0,0.2054605,Moderate
20376,0,0.11008741,Moderate
20377,0,0.23055619,Moderate
20378,1,0.6170328,Very High
20379,0,0.3903078,High
20380,0,0.622475,Very High
20381,1,0.18009028,Moderate
20382,1,0.653974,Very High
20383,0,0.12692349,Moderate
20384,0,0.22032022,Moderate
20385,1,0.7218153,Very High
20386,0,0.43734375,High
20387,0,0.09013139,Low
20388,1,0.46891302,High
20389,1,0.7296014,Very High
20390,0,0.57399803,Very High
20391,0,0.09500424,Low
20392,0,0.2225224,Moderate
20393,0,0.039454978,Low
20394,0,0.050210536,Low
20395,0,0.12377979,Moderate
20396,0,0.6676999,Very High
20397,0,0.15626936,Moderate
20398,0,0.02494676,Low
20399,1,0.83516675,Very High
20400,0,0.17251976,Moderate
20401,0,0.06548466,Low
20402,0,0.16779904,Moderate
20403,0,0.41020176,High
20404,0,0.09257362,Low
20405,0,0.037678484,Low
20406,0,0.2686165,High
20407,0,0.17007245,Moderate
20408,0,0.19223909,Moderate
20409,1,0.73210114,Very High
20410,0,0.09573971,Low
20411,0,0.102433264,Moderate
20412,0,0.13227011,Moderate
20413,0,0.029814549,Low
20414,0,0.1446097,Moderate
20415,0,0.11693504,Moderate
20416,0,0.52649647,Very High
20417,0,0.18527031,Moderate
20418,0,0.15912868,Moderate
20419,0,0.06719561,Low
20420,0,0.17674036,Moderate
20421,0,0.40956512,High
20422,0,0.14532204,Moderate
20423,0,0.19159475,Moderate
20424,0,0.058505353,Low
20425,1,0.78632635,Very High
20426,0,0.54368806,Very High
20427,0,0.21265408,Moderate
20428,1,0.61379516,Very High
20429,1,0.48327205,High
20430,1,0.6228563,Very High
20431,0,0.6025891,Very High
20432,0,0.14497212,Moderate
20433,0,0.07954601,Low
20434,0,0.06309252,Low
20435,0,0.028642427,Low
20436,0,0.17542684,Moderate
20437,0,0.0565726,Low
20438,1,0.78360736,Very High
20439,0,0.22144108,Moderate
20440,1,0.29998356,High
20441,1,0.58576816,Very High
20442,0,0.053580333,Low
20443,0,0.0777941,Low
20444,0,0.070509516,Low
20445,0,0.17139196,Moderate
20446,0,0.22535998,Moderate
20447,1,0.52553815,Very High
20448,0,0.23576038,Moderate
20449,0,0.06580243,Low
20450,0,0.027224146,Low
20451,0,0.6365121,Very High
20452,0,0.10404036,Moderate
20453,1,0.08719333,Low
20454,0,0.20313622,Moderate
20455,0,0.022274654,Low
20456,0,0.12773411,Moderate
20457,0,0.026319318,Low
20458,0,0.15008533,Moderate
20459,0,0.2926519,High
20460,0,0.26609734,High
20461,0,0.110994086,Moderate
20462,0,0.37316796,High
20463,0,0.08087868,Low
20464,1,0.07257491,Low
20465,1,0.7727695,Very High
20466,0,0.25821203,High
20467,0,0.12381294,Moderate
20468,0,0.17628159,Moderate
20469,0,0.12687895,Moderate
20470,0,0.05278315,Low
20471,0,0.24821521,Moderate
20472,0,0.22374347,Moderate
20473,1,0.5833478,Very High
20474,0,0.16764607,Moderate
20475,1,0.0621265,Low
20476,1,0.23483622,Moderate
20477,0,0.09543413,Low
20478,0,0.06317602,Low
20479,0,0.65061325,Very High
20480,0,0.14549032,Moderate
20481,1,0.6844013,Very High
20482,0,0.21563458,Moderate
20483,0,0.035110682,Low
20484,1,0.27178383,High
20485,0,0.061071176,Low
20486,0,0.1012199,Moderate
20487,0,0.14195038,Moderate
20488,0,0.12749657,Moderate
20489,0,0.023332888,Low
20490,0,0.15845788,Moderate
20491,0,0.34863162,High
20492,0,0.07610216,Low
20493,1,0.16992842,Moderate
20494,1,0.34751225,High
20495,1,0.7541409,Very High
20496,0,0.06784136,Low
20497,1,0.72133386,Very High
20498,1,0.5360763,Very High
20499,0,0.11852905,Moderate
20500,0,0.09111226,Low
20501,0,0.17627932,Moderate
20502,0,0.1334201,Moderate
20503,0,0.043652136,Low
20504,0,0.08450471,Low
20505,1,0.66455775,Very High
20506,1,0.17448151,Moderate
20507,0,0.019918863,Low
20508,0,0.047226567,Low
20509,0,0.08245845,Low
20510,0,0.10194715,Moderate
20511,0,0.24254403,Moderate
20512,1,0.27739406,High
20513,0,0.20644015,Moderate
20514,0,0.20316914,Moderate
20515,0,0.20539106,Moderate
20516,0,0.22427936,Moderate
20517,0,0.021937678,Low
20518,0,0.11157853,Moderate
20519,1,0.6573995,Very High
20520,0,0.12582347,Moderate
20521,1,0.54928154,Very High
20522,0,0.6423679,Very High
20523,0,0.16508543,Moderate
20524,1,0.8027078,Very High
20525,0,0.06721186,Low
20526,1,0.6811603,Very High
20527,0,0.090960585,Low
20528,1,0.32517502,High
20529,0,0.13405457,Moderate
20530,0,0.14652176,Moderate
20531,0,0.13824272,Moderate
20532,0,0.06649394,Low
20533,0,0.059576016,Low
20534,0,0.018709358,Low
20535,0,0.14492111,Moderate
20536,0,0.027658591,Low
20537,0,0.03972416,Low
20538,0,0.030988585,Low
20539,0,0.055603866,Low
20540,0,0.34944654,High
20541,0,0.21019943,Moderate
20542,1,0.60949904,Very High
20543,1,0.13000418,Moderate
20544,0,0.055398684,Low
20545,0,0.047783375,Low
20546,0,0.6835098,Very High
20547,0,0.05216208,Low
20548,0,0.09352185,Low
20549,0,0.62179655,Very High
20550,0,0.20722744,Moderate
20551,0,0.114048146,Moderate
20552,0,0.21089505,Moderate
20553,0,0.08301186,Low
20554,0,0.09144525,Low
20555,0,0.061435346,Low
20556,0,0.26884744,High
20557,0,0.08170376,Low
20558,0,0.05658738,Low
20559,0,0.14651732,Moderate
20560,1,0.7768412,Very High
20561,0,0.03218475,Low
20562,0,0.41057852,High
20563,0,0.2922492,High
20564,0,0.3090748,High
20565,0,0.09624706,Low
20566,0,0.047408264,Low
20567,1,0.75699687,Very High
20568,0,0.045526084,Low
20569,1,0.69837874,Very High
20570,0,0.22820422,Moderate
20571,0,0.09320516,Low
20572,0,0.43292367,High
20573,1,0.35374445,High
20574,0,0.26316538,High
20575,0,0.2818211,High
20576,0,0.016145857,Low
20577,0,0.10054964,Moderate
20578,0,0.35346815,High
20579,0,0.11769354,Moderate
20580,0,0.07252377,Low
20581,0,0.061039098,Low
20582,0,0.53230387,Very High
20583,0,0.109460205,Moderate
20584,0,0.086607054,Low
20585,0,0.38549057,High
20586,0,0.015581812,Low
20587,0,0.019067103,Low
20588,0,0.07775851,Low
20589,0,0.09355741,Low
20590,0,0.07775728,Low
20591,0,0.10459313,Moderate
20592,0,0.03116525,Low
20593,0,0.13453518,Moderate
20594,0,0.05641338,Low
20595,1,0.27652937,High
20596,0,0.045922715,Low
20597,1,0.72015184,Very High
20598,1,0.17770676,Moderate
20599,0,0.045529775,Low
20600,0,0.1602956,Moderate
20601,1,0.068633355,Low
20602,0,0.049282677,Low
20603,0,0.2796314,High
20604,1,0.17958656,Moderate
20605,0,0.11112797,Moderate
20606,1,0.6472518,Very High
20607,0,0.0769956,Low
20608,0,0.07587538,Low
20609,0,0.22619963,Moderate
20610,0,0.69613373,Very High
20611,0,0.026783329,Low
20612,1,0.1432645,Moderate
20613,0,0.20604597,Moderate
20614,0,0.16760032,Moderate
20615,1,0.72914207,Very High
20616,0,0.1101301,Moderate
20617,0,0.14544255,Moderate
20618,0,0.18744229,Moderate
20619,0,0.033561215,Low
20620,0,0.072180815,Low
20621,1,0.09649843,Low
20622,0,0.09380932,Low
20623,1,0.2502328,High
20624,0,0.1383638,Moderate
20625,0,0.17219476,Moderate
20626,0,0.200505,Moderate
20627,0,0.060211185,Low
20628,0,0.13955474,Moderate
20629,1,0.075203046,Low
20630,0,0.06404279,Low
20631,0,0.18451607,Moderate
20632,0,0.051877365,Low
20633,0,0.20973617,Moderate
20634,0,0.18084052,Moderate
20635,0,0.15714902,Moderate
20636,0,0.1355422,Moderate
20637,0,0.09907098,Low
20638,0,0.4007657,High
20639,0,0.10497217,Moderate
20640,1,0.3527031,High
20641,0,0.16419843,Moderate
20642,0,0.24115501,Moderate
20643,0,0.052166667,Low
20644,0,0.20744628,Moderate
20645,1,0.4243861,High
20646,1,0.46933872,High
20647,0,0.42554584,High
20648,0,0.06462748,Low
20649,0,0.24469261,Moderate
20650,0,0.1675184,Moderate
20651,0,0.13571538,Moderate
20652,1,0.5945477,Very High
20653,1,0.74129266,Very High
20654,0,0.11102658,Moderate
20655,1,0.22667463,Moderate
20656,0,0.02200455,Low
20657,1,0.16220002,Moderate
20658,0,0.24155144,Moderate
20659,1,0.25529572,High
20660,0,0.6859789,Very High
20661,1,0.18003576,Moderate
20662,0,0.47674572,High
20663,0,0.097759955,Low
20664,1,0.62604517,Very High
20665,1,0.45903343,High
20666,0,0.21407932,Moderate
20667,0,0.1245261,Moderate
20668,0,0.05020512,Low
20669,1,0.4761425,High
20670,0,0.061960325,Low
20671,1,0.55821836,Very High
20672,1,0.09348871,Low
20673,1,0.25780976,High
20674,1,0.41173062,High
20675,0,0.04105883,Low
20676,1,0.8126233,Very High
20677,0,0.057480346,Low
20678,1,0.132909,Moderate
20679,1,0.1343453,Moderate
20680,0,0.27638924,High
20681,1,0.469585,High
20682,0,0.08541834,Low
20683,0,0.2364737,Moderate
20684,0,0.061498884,Low
20685,1,0.7045916,Very High
20686,0,0.130943,Moderate
20687,1,0.7502744,Very High
20688,0,0.60223466,Very High
20689,0,0.018793037,Low
20690,1,0.6550547,Very High
20691,0,0.040741332,Low
20692,0,0.08670589,Low
20693,0,0.13848394,Moderate
20694,0,0.29815733,High
20695,1,0.7470029,Very High
20696,1,0.53383964,Very High
20697,0,0.1530403,Moderate
20698,0,0.13065894,Moderate
20699,1,0.08256644,Low
20700,0,0.10421126,Moderate
20701,0,0.08057131,Low
20702,0,0.541564,Very High
20703,0,0.16304003,Moderate
20704,1,0.22144118,Moderate
20705,0,0.083010115,Low
20706,0,0.09139302,Low
20707,0,0.10625512,Moderate
20708,1,0.27569562,High
20709,0,0.0806472,Low
20710,1,0.6587991,Very High
20711,0,0.18114129,Moderate
20712,0,0.16622762,Moderate
20713,0,0.10140713,Moderate
20714,0,0.14743605,Moderate
20715,0,0.1161993,Moderate
20716,0,0.057259586,Low
20717,0,0.06582476,Low
20718,0,0.14746396,Moderate
20719,0,0.2457389,Moderate
20720,0,0.118990995,Moderate
20721,0,0.07367347,Low
20722,1,0.9155763,Very High
20723,0,0.6323492,Very High
20724,0,0.06199965,Low
20725,1,0.8371639,Very High
20726,0,0.08212181,Low
20727,1,0.21511023,Moderate
20728,0,0.3718083,High
20729,0,0.13059029,Moderate
20730,0,0.07499677,Low
20731,0,0.17154232,Moderate
20732,0,0.08988096,Low
20733,0,0.16430561,Moderate
20734,1,0.50316787,Very High
20735,0,0.15937957,Moderate
20736,0,0.32178482,High
20737,0,0.47275734,High
20738,0,0.5255542,Very High
20739,1,0.6056284,Very High
20740,0,0.13530162,Moderate
20741,0,0.021609152,Low
20742,1,0.65902513,Very High
20743,1,0.20074691,Moderate
20744,0,0.044144634,Low
20745,1,0.12866804,Moderate
20746,0,0.15199094,Moderate
20747,0,0.098319784,Low
20748,0,0.06519694,Low
20749,0,0.052094154,Low
20750,0,0.18168487,Moderate
20751,0,0.25825343,High
20752,1,0.1796822,Moderate
20753,0,0.018182255,Low
20754,1,0.23975058,Moderate
20755,1,0.5229425,Very High
20756,0,0.17137061,Moderate
20757,1,0.8704796,Very High
20758,1,0.607082,Very High
20759,0,0.12754746,Moderate
20760,0,0.18592852,Moderate
20761,0,0.086938985,Low
20762,1,0.23533821,Moderate
20763,0,0.07181686,Low
20764,0,0.021460988,Low
20765,1,0.21886669,Moderate
20766,0,0.16860862,Moderate
20767,0,0.18838301,Moderate
20768,1,0.09422169,Low
20769,0,0.6391776,Very High
20770,0,0.026135933,Low
20771,1,0.7301567,Very High
20772,0,0.19465812,Moderate
20773,1,0.29828513,High
20774,0,0.037541695,Low
20775,1,0.7659308,Very High
20776,0,0.055233624,Low
20777,1,0.7385733,Very High
20778,0,0.07028749,Low
20779,0,0.03216735,Low
20780,0,0.1382472,Moderate
20781,0,0.22984669,Moderate
20782,0,0.06654168,Low
20783,0,0.06482783,Low
20784,0,0.029582271,Low
20785,0,0.044263773,Low
20786,0,0.0954784,Low
20787,0,0.043573238,Low
20788,0,0.030678283,Low
20789,1,0.31197354,High
20790,0,0.037978213,Low
20791,0,0.055947375,Low
20792,0,0.074708566,Low
20793,0,0.1319409,Moderate
20794,0,0.5408938,Very High
20795,0,0.14155813,Moderate
20796,0,0.15251786,Moderate
20797,0,0.054138884,Low
20798,1,0.7077679,Very High
20799,0,0.23151362,Moderate
20800,1,0.4836926,High
20801,0,0.11500162,Moderate
20802,0,0.088097855,Low
20803,1,0.8050142,Very High
20804,1,0.7532801,Very High
20805,1,0.17098236,Moderate
20806,1,0.18453151,Moderate
20807,1,0.112147115,Moderate
20808,1,0.18989132,Moderate
20809,1,0.22985962,Moderate
20810,0,0.1418929,Moderate
20811,1,0.7760663,Very High
20812,0,0.045462023,Low
20813,1,0.58571446,Very High
20814,0,0.34967655,High
20815,0,0.24482487,Moderate
20816,0,0.19302836,Moderate
20817,0,0.30758694,High
20818,0,0.32447323,High
20819,0,0.15489645,Moderate
20820,1,0.10774704,Moderate
20821,0,0.060766246,Low
20822,0,0.10234242,Moderate
20823,0,0.08023313,Low
20824,1,0.1756508,Moderate
20825,0,0.12735245,Moderate
20826,0,0.13592814,Moderate
20827,0,0.032972913,Low
20828,0,0.042549286,Low
20829,1,0.19864774,Moderate
20830,0,0.30039093,High
20831,0,0.15860133,Moderate
20832,0,0.17988633,Moderate
20833,0,0.09217796,Low
20834,1,0.53250813,Very High
20835,0,0.13410394,Moderate
20836,0,0.10419782,Moderate
20837,0,0.09844168,Low
20838,0,0.062051147,Low
20839,1,0.6955176,Very High
20840,1,0.18534745,Moderate
20841,0,0.18088207,Moderate
20842,0,0.17927192,Moderate
20843,1,0.29493195,High
20844,0,0.053109247,Low
20845,0,0.21318877,Moderate
20846,0,0.09545382,Low
20847,0,0.32762006,High
20848,0,0.08509641,Low
20849,0,0.2014731,Moderate
20850,0,0.11623091,Moderate
20851,0,0.15747243,Moderate
20852,1,0.3572921,High
20853,1,0.56487465,Very High
20854,0,0.12880214,Moderate
20855,1,0.75947654,Very High
20856,1,0.72800654,Very High
20857,0,0.119558185,Moderate
20858,1,0.21087883,Moderate
20859,0,0.38581195,High
20860,0,0.22158161,Moderate
20861,0,0.15556456,Moderate
20862,0,0.30370584,High
20863,0,0.10182168,Moderate
20864,0,0.1532387,Moderate
20865,0,0.052809477,Low
20866,0,0.21454039,Moderate
20867,0,0.5637152,Very High
20868,0,0.39278218,High
20869,0,0.43299362,High
20870,0,0.16913463,Moderate
20871,1,0.5907943,Very High
20872,0,0.33343318,High
20873,0,0.05400348,Low
20874,0,0.09978911,Low
20875,0,0.06366417,Low
20876,0,0.24471249,Moderate
20877,0,0.0990025,Low
20878,0,0.15287493,Moderate
20879,0,0.019703045,Low
20880,1,0.27391845,High
20881,0,0.40731218,High
20882,0,0.5512308,Very High
20883,0,0.025999352,Low
20884,1,0.5613945,Very High
20885,0,0.07645048,Low
20886,1,0.825426,Very High
20887,0,0.073341645,Low
20888,0,0.02458683,Low
20889,0,0.15974489,Moderate
20890,1,0.38028082,High
20891,0,0.15159883,Moderate
20892,0,0.039929222,Low
20893,0,0.56197155,Very High
20894,0,0.073821396,Low
20895,0,0.1626194,Moderate
20896,0,0.07582976,Low
20897,0,0.22507837,Moderate
20898,0,0.065636694,Low
20899,0,0.06237011,Low
20900,0,0.19403605,Moderate
20901,0,0.042753994,Low
20902,0,0.08470829,Low
20903,1,0.8793187,Very High
20904,1,0.73121786,Very High
20905,0,0.06101209,Low
20906,0,0.09492629,Low
20907,1,0.7370213,Very High
20908,0,0.09600101,Low
20909,0,0.10043682,Moderate
20910,0,0.08451096,Low
20911,0,0.029645156,Low
20912,1,0.3424474,High
20913,0,0.28226247,High
20914,1,0.5741184,Very High
20915,1,0.17343448,Moderate
20916,0,0.071835786,Low
20917,0,0.20177157,Moderate
20918,1,0.4337287,High
20919,0,0.32586694,High
20920,1,0.61319715,Very High
20921,1,0.6091809,Very High
20922,0,0.34266093,High
20923,1,0.057286702,Low
20924,0,0.16980006,Moderate
20925,0,0.3736192,High
20926,0,0.091682516,Low
20927,0,0.21292837,Moderate
20928,0,0.2525454,High
20929,0,0.11846286,Moderate
20930,0,0.12247945,Moderate
20931,1,0.20971437,Moderate
20932,0,0.06327012,Low
20933,1,0.82290745,Very High
20934,0,0.17825004,Moderate
20935,0,0.04613797,Low
20936,0,0.15859568,Moderate
20937,1,0.42555153,High
20938,0,0.17538463,Moderate
20939,0,0.085601985,Low
20940,0,0.16869979,Moderate
20941,0,0.16017139,Moderate
20942,0,0.09187209,Low
20943,0,0.44207472,High
20944,1,0.7056279,Very High
20945,0,0.037662294,Low
20946,0,0.05375198,Low
20947,0,0.11305511,Moderate
20948,0,0.054294933,Low
20949,0,0.19871113,Moderate
20950,0,0.28832674,High
20951,0,0.051968876,Low
20952,0,0.057670854,Low
20953,1,0.2473271,Moderate
20954,0,0.43136773,High
20955,0,0.17527814,Moderate
20956,1,0.6020535,Very High
20957,0,0.03515831,Low
20958,0,0.32088357,High
20959,0,0.199062,Moderate
20960,0,0.17484096,Moderate
20961,0,0.040180515,Low
20962,0,0.58656794,Very High
20963,1,0.44006088,High
20964,0,0.48396066,High
20965,0,0.05839246,Low
20966,0,0.026950972,Low
20967,0,0.038224194,Low
20968,1,0.7423368,Very High
20969,0,0.094926186,Low
20970,0,0.090102084,Low
20971,0,0.0997571,Low
20972,0,0.13852099,Moderate
20973,0,0.30534345,High
20974,1,0.29254386,High
20975,0,0.1630448,Moderate
20976,0,0.04745824,Low
20977,0,0.031211372,Low
20978,1,0.7007214,Very High
20979,0,0.20822251,Moderate
20980,1,0.26378658,High
20981,0,0.12778118,Moderate
20982,1,0.14644282,Moderate
20983,0,0.067953214,Low
20984,1,0.73088676,Very High
20985,0,0.021421777,Low
20986,0,0.0479162,Low
20987,1,0.63994455,Very High
20988,0,0.17679791,Moderate
20989,0,0.094415426,Low
20990,0,0.09678457,Low
20991,0,0.31591868,High
20992,1,0.77916086,Very High
20993,1,0.7444554,Very High
20994,1,0.59782183,Very High
20995,0,0.13784173,Moderate
20996,1,0.500598,Very High
20997,0,0.6853119,Very High
20998,0,0.09746071,Low
20999,0,0.1017456,Moderate
21000,0,0.19674756,Moderate
21001,0,0.2736532,High
21002,1,0.48714435,High
21003,0,0.057072155,Low
21004,1,0.76375353,Very High
21005,1,0.73162174,Very High
21006,0,0.049185585,Low
21007,0,0.075902216,Low
21008,1,0.2552641,High
21009,0,0.100060716,Moderate
21010,0,0.17427312,Moderate
21011,0,0.13132063,Moderate
21012,0,0.11937297,Moderate
21013,1,0.9156774,Very High
21014,1,0.7072592,Very High
21015,1,0.23348843,Moderate
21016,1,0.44211027,High
21017,1,0.70624155,Very High
21018,1,0.42678493,High
21019,0,0.21160273,Moderate
21020,0,0.06727354,Low
21021,0,0.02954076,Low
21022,0,0.09820328,Low
21023,0,0.08884999,Low
21024,1,0.1270277,Moderate
21025,0,0.12660743,Moderate
21026,0,0.041630864,Low
21027,0,0.21433125,Moderate
21028,1,0.77769595,Very High
21029,0,0.17991386,Moderate
21030,1,0.17511386,Moderate
21031,0,0.12970503,Moderate
21032,0,0.60757,Very High
21033,0,0.17602861,Moderate
21034,1,0.7953333,Very High
21035,0,0.08607635,Low
21036,0,0.14679897,Moderate
21037,0,0.32107165,High
21038,0,0.1333888,Moderate
21039,0,0.16302258,Moderate
21040,1,0.2011343,Moderate
21041,0,0.1100179,Moderate
21042,0,0.15863705,Moderate
21043,0,0.05743052,Low
21044,0,0.22656748,Moderate
21045,0,0.07349473,Low
21046,0,0.100603454,Moderate
21047,1,0.39481613,High
21048,0,0.19444445,Moderate
21049,1,0.3332254,High
21050,1,0.8360574,Very High
21051,0,0.6930822,Very High
21052,0,0.08566475,Low
21053,1,0.7566557,Very High
21054,0,0.20284015,Moderate
21055,0,0.13780418,Moderate
21056,0,0.16075534,Moderate
21057,1,0.4308155,High
21058,1,0.71998584,Very High
21059,0,0.08289819,Low
21060,1,0.29213098,High
21061,0,0.23472627,Moderate
21062,0,0.096485876,Low
21063,0,0.45022434,High
21064,0,0.17418557,Moderate
21065,0,0.40641063,High
21066,0,0.2345721,Moderate
21067,1,0.17533863,Moderate
21068,0,0.20875707,Moderate
21069,0,0.08916788,Low
21070,0,0.07887797,Low
21071,0,0.14281836,Moderate
21072,0,0.012090967,Low
21073,0,0.12885499,Moderate
21074,1,0.37656456,High
21075,0,0.23650278,Moderate
21076,0,0.0794443,Low
21077,1,0.60871094,Very High
21078,0,0.32652676,High
21079,0,0.20685765,Moderate
21080,1,0.10624201,Moderate
21081,0,0.049085356,Low
21082,0,0.038935207,Low
21083,0,0.2045697,Moderate
21084,0,0.040959504,Low
21085,0,0.08382872,Low
21086,0,0.048701786,Low
21087,0,0.22877385,Moderate
21088,0,0.13721521,Moderate
21089,0,0.048401717,Low
21090,0,0.12166185,Moderate
21091,0,0.087404035,Low
21092,0,0.07987266,Low
21093,0,0.06895742,Low
21094,0,0.037525047,Low
21095,0,0.1085524,Moderate
21096,0,0.06611715,Low
21097,0,0.19549659,Moderate
21098,0,0.7076453,Very High
21099,0,0.25895908,High
21100,0,0.24995705,Moderate
21101,0,0.031527963,Low
21102,0,0.39295092,High
21103,1,0.55641896,Very High
21104,0,0.11556278,Moderate
21105,0,0.16089906,Moderate
21106,1,0.83489835,Very High
21107,0,0.0952267,Low
21108,1,0.7465099,Very High
21109,1,0.14725506,Moderate
21110,1,0.71949786,Very High
21111,1,0.3276017,High
21112,0,0.19086432,Moderate
21113,0,0.264165,High
21114,0,0.111903824,Moderate
21115,0,0.09738403,Low
21116,0,0.16383962,Moderate
21117,0,0.3372727,High
21118,1,0.12957452,Moderate
21119,0,0.032975864,Low
21120,1,0.3447549,High
21121,0,0.71087146,Very High
21122,0,0.09837192,Low
21123,0,0.031489875,Low
21124,0,0.070895575,Low
21125,0,0.09292102,Low
21126,0,0.632116,Very High
21127,0,0.17052239,Moderate
21128,0,0.39157158,High
21129,0,0.0733492,Low
21130,0,0.37742803,High
21131,1,0.08832978,Low
21132,1,0.14031273,Moderate
21133,0,0.027000831,Low
21134,1,0.15738034,Moderate
21135,0,0.040898185,Low
21136,1,0.23028858,Moderate
21137,0,0.03762178,Low
21138,0,0.048362475,Low
21139,0,0.24658342,Moderate
21140,0,0.22571637,Moderate
21141,0,0.11863683,Moderate
21142,0,0.110415705,Moderate
21143,0,0.14756593,Moderate
21144,1,0.12744895,Moderate
21145,1,0.3776155,High
21146,0,0.1309233,Moderate
21147,1,0.4017224,High
21148,1,0.21747197,Moderate
21149,0,0.1077712,Moderate
21150,0,0.14651199,Moderate
21151,0,0.14100398,Moderate
21152,0,0.17878345,Moderate
21153,0,0.15548562,Moderate
21154,0,0.043287937,Low
21155,0,0.0714545,Low
21156,0,0.08720953,Low
21157,0,0.40619257,High
21158,0,0.6334214,Very High
21159,0,0.06780132,Low
21160,0,0.06888881,Low
21161,0,0.09389784,Low
21162,0,0.095752425,Low
21163,0,0.15292528,Moderate
21164,0,0.12321951,Moderate
21165,0,0.17204049,Moderate
21166,1,0.8100711,Very High
21167,1,0.7144719,Very High
21168,0,0.1153589,Moderate
21169,1,0.4343291,High
21170,0,0.22778971,Moderate
21171,0,0.08254488,Low
21172,0,0.15242359,Moderate
21173,0,0.024053339,Low
21174,0,0.06496463,Low
21175,0,0.16589768,Moderate
21176,0,0.5191115,Very High
21177,0,0.060298912,Low
21178,0,0.033330526,Low
21179,1,0.20295705,Moderate
21180,0,0.20977777,Moderate
21181,0,0.14751443,Moderate
21182,1,0.55485934,Very High
21183,0,0.10313673,Moderate
21184,0,0.06464667,Low
21185,0,0.12099619,Moderate
21186,0,0.260967,High
21187,0,0.040786054,Low
21188,0,0.06846006,Low
21189,1,0.17212832,Moderate
21190,0,0.05801223,Low
21191,0,0.028115593,Low
21192,0,0.018886773,Low
21193,0,0.10095327,Moderate
21194,0,0.21252337,Moderate
21195,0,0.19401336,Moderate
21196,1,0.3963458,High
21197,0,0.1271772,Moderate
21198,0,0.21291593,Moderate
21199,1,0.5225935,Very High
21200,0,0.1732372,Moderate
21201,0,0.11708291,Moderate
21202,0,0.6711514,Very High
21203,0,0.09047099,Low
21204,1,0.43165162,High
21205,0,0.09274558,Low
21206,0,0.08027447,Low
21207,1,0.5457594,Very High
21208,0,0.0732618,Low
21209,0,0.046852868,Low
21210,0,0.074128754,Low
21211,0,0.17239295,Moderate
21212,0,0.06796378,Low
21213,0,0.7931221,Very High
21214,0,0.4043836,High
21215,0,0.14604679,Moderate
21216,0,0.19339833,Moderate
21217,1,0.16802882,Moderate
21218,1,0.7545927,Very High
21219,0,0.09873303,Low
21220,0,0.10600505,Moderate
21221,0,0.6235078,Very High
21222,1,0.5705487,Very High
21223,0,0.11993084,Moderate
21224,0,0.2000735,Moderate
21225,0,0.48601684,High
21226,0,0.49126515,High
21227,0,0.044023484,Low
21228,0,0.074406214,Low
21229,0,0.18886308,Moderate
21230,0,0.1765142,Moderate
21231,0,0.13019027,Moderate
21232,0,0.13738237,Moderate
21233,1,0.48788336,High
21234,0,0.25431228,High
21235,0,0.03369366,Low
21236,1,0.9282822,Very High
21237,0,0.4162263,High
21238,0,0.0918533,Low
21239,0,0.0968484,Low
21240,1,0.30381235,High
21241,0,0.6949728,Very High
21242,1,0.317054,High
21243,0,0.42234173,High
21244,0,0.15232708,Moderate
21245,0,0.15045124,Moderate
21246,0,0.07144238,Low
21247,1,0.8055688,Very High
21248,0,0.17445397,Moderate
21249,0,0.09989435,Low
21250,0,0.120822795,Moderate
21251,0,0.07836944,Low
21252,0,0.11493392,Moderate
21253,0,0.041656204,Low
21254,0,0.104461715,Moderate
21255,0,0.15100524,Moderate
21256,0,0.23136672,Moderate
21257,0,0.051328488,Low
21258,0,0.1595114,Moderate
21259,0,0.03281199,Low
21260,0,0.30635905,High
21261,0,0.14436524,Moderate
21262,0,0.19810724,Moderate
21263,1,0.62153435,Very High
21264,0,0.11751258,Moderate
21265,1,0.17667866,Moderate
21266,0,0.5290771,Very High
21267,1,0.8086411,Very High
21268,1,0.08141667,Low
21269,0,0.18986873,Moderate
21270,0,0.13129751,Moderate
21271,0,0.14304271,Moderate
21272,0,0.17028269,Moderate
21273,0,0.19208547,Moderate
21274,1,0.797246,Very High
21275,1,0.47151402,High
21276,1,0.40253258,High
21277,0,0.12009144,Moderate
21278,0,0.38664538,High
21279,0,0.21874902,Moderate
21280,0,0.17939906,Moderate
21281,1,0.14921877,Moderate
21282,0,0.17006835,Moderate
21283,0,0.07551249,Low
21284,0,0.22192615,Moderate
21285,0,0.32955477,High
21286,0,0.66562605,Very High
21287,0,0.34380558,High
21288,0,0.0487394,Low
21289,1,0.2728323,High
21290,0,0.5784984,Very High
21291,0,0.048508845,Low
21292,1,0.38558906,High
21293,1,0.44706607,High
21294,0,0.12283206,Moderate
21295,0,0.099661246,Low
21296,0,0.28565145,High
21297,0,0.056619674,Low
21298,0,0.42869702,High
21299,0,0.07039581,Low
21300,1,0.14287207,Moderate
21301,0,0.23263253,Moderate
21302,1,0.6517253,Very High
21303,0,0.18849507,Moderate
21304,1,0.25416687,High
21305,0,0.10323323,Moderate
21306,0,0.339522,High
21307,0,0.08626236,Low
21308,1,0.19113092,Moderate
21309,1,0.34902778,High
21310,0,0.1778798,Moderate
21311,1,0.40093756,High
21312,1,0.6781092,Very High
21313,1,0.43069276,High
21314,0,0.37807405,High
21315,1,0.3365421,High
21316,0,0.14146987,Moderate
21317,0,0.12668411,Moderate
21318,1,0.8235298,Very High
21319,0,0.04277574,Low
21320,0,0.36007106,High
21321,0,0.09235812,Low
21322,1,0.84502006,Very High
21323,0,0.059479363,Low
21324,0,0.20418894,Moderate
21325,0,0.2170917,Moderate
21326,1,0.28196335,High
21327,1,0.17543887,Moderate
21328,0,0.12856866,Moderate
21329,0,0.19399321,Moderate
21330,0,0.17816912,Moderate
21331,1,0.52357143,Very High
21332,0,0.4004908,High
21333,0,0.09926173,Low
21334,0,0.08129162,Low
21335,0,0.14823051,Moderate
21336,0,0.19728337,Moderate
21337,0,0.05691092,Low
21338,0,0.083975814,Low
21339,1,0.13258192,Moderate
21340,0,0.2140255,Moderate
21341,0,0.23105781,Moderate
21342,0,0.03807323,Low
21343,1,0.8651761,Very High
21344,0,0.46349874,High
21345,0,0.059619293,Low
21346,0,0.079595864,Low
21347,0,0.0871499,Low
21348,0,0.21863088,Moderate
21349,0,0.28476915,High
21350,0,0.06790632,Low
21351,0,0.0568561,Low
21352,0,0.28093886,High
21353,0,0.036559656,Low
21354,0,0.13762152,Moderate
21355,1,0.6713887,Very High
21356,0,0.1118222,Moderate
21357,0,0.12214729,Moderate
21358,0,0.15929103,Moderate
21359,0,0.19701041,Moderate
21360,0,0.12819594,Moderate
21361,0,0.29034808,High
21362,0,0.061309062,Low
21363,0,0.61828613,Very High
21364,0,0.043717608,Low
21365,0,0.12884307,Moderate
21366,0,0.14385173,Moderate
21367,0,0.10198411,Moderate
21368,0,0.0989593,Low
21369,0,0.7457318,Very High
21370,0,0.19716121,Moderate
21371,1,0.19603989,Moderate
21372,0,0.39012158,High
21373,0,0.18970114,Moderate
21374,0,0.034536462,Low
21375,0,0.36253777,High
21376,0,0.057210263,Low
21377,1,0.7857589,Very High
21378,0,0.15284018,Moderate
21379,0,0.1164226,Moderate
21380,0,0.2448516,Moderate
21381,1,0.79954416,Very High
21382,0,0.086518146,Low
21383,0,0.14256085,Moderate
21384,0,0.07079421,Low
21385,0,0.043485478,Low
21386,0,0.21888687,Moderate
21387,0,0.249059,Moderate
21388,0,0.36032808,High
21389,0,0.074308395,Low
21390,0,0.1523245,Moderate
21391,0,0.4248558,High
21392,0,0.0973275,Low
21393,1,0.58001286,Very High
21394,1,0.46737546,High
21395,0,0.13876422,Moderate
21396,0,0.08577853,Low
21397,0,0.0992584,Low
21398,0,0.12591001,Moderate
21399,1,0.08969681,Low
21400,0,0.15447703,Moderate
21401,0,0.30026707,High
21402,1,0.83783686,Very High
21403,1,0.15861203,Moderate
21404,0,0.21177454,Moderate
21405,0,0.13281527,Moderate
21406,0,0.110290766,Moderate
21407,1,0.064261265,Low
21408,0,0.17394248,Moderate
21409,0,0.11084415,Moderate
21410,0,0.19033176,Moderate
21411,0,0.51590294,Very High
21412,0,0.119734064,Moderate
21413,0,0.023783233,Low
21414,0,0.040591024,Low
21415,0,0.0882438,Low
21416,0,0.21260597,Moderate
21417,0,0.3094189,High
21418,0,0.088283285,Low
21419,1,0.50645405,Very High
21420,0,0.104128264,Moderate
21421,1,0.76825017,Very High
21422,0,0.034422908,Low
21423,0,0.028154794,Low
21424,0,0.07670613,Low
21425,0,0.113211304,Moderate
21426,1,0.12615426,Moderate
21427,0,0.08879855,Low
21428,1,0.75408155,Very High
21429,0,0.14733163,Moderate
21430,0,0.102999225,Moderate
21431,0,0.10835548,Moderate
21432,0,0.15754133,Moderate
21433,0,0.10110462,Moderate
21434,0,0.02818938,Low
21435,0,0.15424801,Moderate
21436,1,0.3634421,High
21437,0,0.18047547,Moderate
21438,1,0.3393735,High
21439,0,0.061383806,Low
21440,1,0.3671775,High
21441,0,0.0806772,Low
21442,0,0.24569122,Moderate
21443,0,0.068707705,Low
21444,0,0.057374418,Low
21445,0,0.06159319,Low
21446,0,0.12802967,Moderate
21447,0,0.3378797,High
21448,0,0.38415933,High
21449,0,0.057023585,Low
21450,1,0.80378956,Very High
21451,0,0.06626887,Low
21452,0,0.12365035,Moderate
21453,0,0.683458,Very High
21454,0,0.054861784,Low
21455,0,0.07371198,Low
21456,0,0.3330185,High
21457,1,0.050838437,Low
21458,1,0.102068976,Moderate
21459,1,0.5767716,Very High
21460,0,0.054698925,Low
21461,0,0.06771209,Low
21462,0,0.08530963,Low
21463,1,0.7095155,Very High
21464,1,0.51723707,Very High
21465,1,0.511836,Very High
21466,0,0.06309965,Low
21467,1,0.3274644,High
21468,0,0.05790136,Low
21469,0,0.21750611,Moderate
21470,0,0.11779931,Moderate
21471,1,0.52907526,Very High
21472,0,0.043405674,Low
21473,0,0.026830696,Low
21474,0,0.22658852,Moderate
21475,0,0.07948347,Low
21476,0,0.041696046,Low
21477,0,0.1478137,Moderate
21478,0,0.14400433,Moderate
21479,0,0.10409598,Moderate
21480,0,0.0423052,Low
21481,1,0.40284246,High
21482,0,0.093077704,Low
21483,0,0.044014204,Low
21484,0,0.15244633,Moderate
21485,0,0.1650428,Moderate
21486,1,0.7009576,Very High
21487,0,0.16963185,Moderate
21488,0,0.15243754,Moderate
21489,0,0.10483999,Moderate
21490,0,0.17020552,Moderate
21491,0,0.10900318,Moderate
21492,0,0.053238694,Low
21493,0,0.261622,High
21494,1,0.10757457,Moderate
21495,1,0.13471837,Moderate
21496,0,0.11659908,Moderate
21497,0,0.015216957,Low
21498,0,0.43155688,High
21499,0,0.15121986,Moderate
21500,0,0.031459335,Low
21501,1,0.23411041,Moderate
21502,0,0.2419363,Moderate
21503,0,0.09834704,Low
21504,0,0.10026828,Moderate
21505,0,0.14790016,Moderate
21506,0,0.032752845,Low
21507,0,0.041820966,Low
21508,1,0.60183066,Very High
21509,1,0.6771,Very High
21510,1,0.63985854,Very High
21511,0,0.10651491,Moderate
21512,1,0.49841303,High
21513,0,0.129062,Moderate
21514,0,0.6849376,Very High
21515,0,0.13059048,Moderate
21516,0,0.21452503,Moderate
21517,0,0.7331242,Very High
21518,0,0.29515186,High
21519,0,0.15871102,Moderate
21520,0,0.084350124,Low
21521,0,0.059881154,Low
21522,0,0.16451122,Moderate
21523,0,0.33144632,High
21524,1,0.40828365,High
21525,1,0.5081707,Very High
21526,0,0.41133794,High
21527,0,0.05185521,Low
21528,0,0.051468737,Low
21529,0,0.18283173,Moderate
21530,0,0.14859748,Moderate
21531,1,0.7584599,Very High
21532,0,0.15890838,Moderate
21533,1,0.62180966,Very High
21534,1,0.7310727,Very High
21535,0,0.26223153,High
21536,1,0.75638556,Very High
21537,1,0.4920941,High
21538,0,0.21055265,Moderate
21539,0,0.11656043,Moderate
21540,1,0.54892254,Very High
21541,0,0.08375618,Low
21542,0,0.13785876,Moderate
21543,0,0.095122166,Low
21544,0,0.2513886,High
21545,0,0.12793228,Moderate
21546,0,0.082561135,Low
21547,0,0.14574033,Moderate
21548,0,0.23924474,Moderate
21549,0,0.7004238,Very High
21550,0,0.121393874,Moderate
21551,0,0.2620667,High
21552,1,0.6715114,Very High
21553,0,0.15353635,Moderate
21554,0,0.15665612,Moderate
21555,0,0.14095153,Moderate
21556,1,0.5258572,Very High
21557,0,0.54383594,Very High
21558,0,0.15503466,Moderate
21559,0,0.263619,High
21560,0,0.11221839,Moderate
21561,0,0.12237751,Moderate
21562,0,0.7125694,Very High
21563,0,0.1474143,Moderate
21564,0,0.6837017,Very High
21565,0,0.35346356,High
21566,0,0.11961664,Moderate
21567,0,0.2383902,Moderate
21568,0,0.17173977,Moderate
21569,1,0.6450607,Very High
21570,0,0.07615604,Low
21571,0,0.0676749,Low
21572,0,0.08040231,Low
21573,0,0.4536658,High
21574,1,0.7222891,Very High
21575,0,0.10008708,Moderate
21576,0,0.105657674,Moderate
21577,0,0.09590962,Low
21578,0,0.11149195,Moderate
21579,0,0.20810042,Moderate
21580,1,0.16893458,Moderate
21581,1,0.46935892,High
21582,0,0.032148782,Low
21583,1,0.825304,Very High
21584,0,0.13231562,Moderate
21585,0,0.23589237,Moderate
21586,0,0.12912346,Moderate
21587,1,0.19997707,Moderate
21588,0,0.21919663,Moderate
21589,0,0.14678057,Moderate
21590,0,0.038078167,Low
21591,0,0.09689113,Low
21592,0,0.11758627,Moderate
21593,0,0.37523174,High
21594,0,0.05718132,Low
21595,0,0.12050091,Moderate
21596,0,0.12056234,Moderate
21597,0,0.13582556,Moderate
21598,0,0.16075782,Moderate
21599,0,0.12569593,Moderate
21600,0,0.41139567,High
21601,1,0.118219286,Moderate
21602,1,0.7411027,Very High
21603,1,0.11753263,Moderate
21604,0,0.10730874,Moderate
21605,0,0.07908968,Low
21606,0,0.11409349,Moderate
21607,0,0.1570591,Moderate
21608,0,0.092728145,Low
21609,0,0.15887536,Moderate
21610,1,0.09498175,Low
21611,0,0.07991742,Low
21612,0,0.36406714,High
21613,1,0.42253804,High
21614,0,0.1495048,Moderate
21615,0,0.1238011,Moderate
21616,0,0.17130633,Moderate
21617,0,0.1667996,Moderate
21618,1,0.27009383,High
21619,0,0.299048,High
21620,0,0.08434167,Low
21621,0,0.078261875,Low
21622,0,0.08325773,Low
21623,0,0.182734,Moderate
21624,0,0.11187794,Moderate
21625,0,0.4437633,High
21626,0,0.09251731,Low
21627,0,0.108375445,Moderate
21628,0,0.083285436,Low
21629,0,0.18761766,Moderate
21630,0,0.055107184,Low
21631,0,0.1325021,Moderate
21632,0,0.062055323,Low
21633,0,0.080994405,Low
21634,1,0.1583574,Moderate
21635,1,0.7024522,Very High
21636,1,0.51793706,Very High
21637,0,0.64585614,Very High
21638,0,0.45041606,High
21639,0,0.1952408,Moderate
21640,1,0.8142771,Very High
21641,0,0.09120293,Low
21642,1,0.6606037,Very High
21643,0,0.04929262,Low
21644,0,0.1577705,Moderate
21645,0,0.22388415,Moderate
21646,0,0.15740833,Moderate
21647,1,0.7165344,Very High
21648,1,0.7680822,Very High
21649,0,0.35266754,High
21650,0,0.12667006,Moderate
21651,0,0.16765514,Moderate
21652,1,0.64840287,Very High
21653,0,0.17077227,Moderate
21654,0,0.024487177,Low
21655,0,0.023707956,Low
21656,0,0.12245919,Moderate
21657,0,0.037555784,Low
21658,0,0.058884475,Low
21659,0,0.34440222,High
21660,0,0.68101186,Very High
21661,0,0.13680522,Moderate
21662,0,0.13639836,Moderate
21663,0,0.13210848,Moderate
21664,0,0.08572692,Low
21665,0,0.1428568,Moderate
21666,0,0.15532795,Moderate
21667,0,0.121740274,Moderate
21668,1,0.744765,Very High
21669,0,0.060463276,Low
21670,0,0.012751832,Low
21671,0,0.11324828,Moderate
21672,1,0.2952982,High
21673,1,0.6908086,Very High
21674,0,0.09775719,Low
21675,0,0.10807273,Moderate
21676,0,0.1831882,Moderate
21677,0,0.21452415,Moderate
21678,0,0.12388119,Moderate
21679,0,0.10291245,Moderate
21680,0,0.09927988,Low
21681,0,0.09629665,Low
21682,0,0.17873622,Moderate
21683,0,0.07222737,Low
21684,0,0.14502747,Moderate
21685,0,0.09728989,Low
21686,0,0.13656232,Moderate
21687,0,0.16384806,Moderate
21688,0,0.19892974,Moderate
21689,1,0.16762087,Moderate
21690,0,0.116107486,Moderate
21691,0,0.20648336,Moderate
21692,0,0.06165148,Low
21693,0,0.13286361,Moderate
21694,0,0.32678282,High
21695,0,0.1397998,Moderate
21696,0,0.052937627,Low
21697,0,0.040824134,Low
21698,0,0.106259085,Moderate
21699,0,0.4063611,High
21700,0,0.18101536,Moderate
21701,0,0.08825656,Low
21702,1,0.7586658,Very High
21703,0,0.66273946,Very High
21704,0,0.0901421,Low
21705,0,0.018536681,Low
21706,0,0.49626642,High
21707,0,0.12616926,Moderate
21708,1,0.73991525,Very High
21709,0,0.6418376,Very High
21710,0,0.104461245,Moderate
21711,0,0.089253075,Low
21712,0,0.17446008,Moderate
21713,0,0.050738275,Low
21714,0,0.042624127,Low
21715,0,0.17065178,Moderate
21716,1,0.43356612,High
21717,0,0.34429094,High
21718,0,0.14917082,Moderate
21719,0,0.20429946,Moderate
21720,0,0.1366296,Moderate
21721,0,0.1416662,Moderate
21722,0,0.13588838,Moderate
21723,0,0.15798816,Moderate
21724,1,0.21922077,Moderate
21725,0,0.66727334,Very High
21726,0,0.04378765,Low
21727,1,0.6091459,Very High
21728,0,0.055977378,Low
21729,0,0.062479027,Low
21730,0,0.1573477,Moderate
21731,0,0.06333802,Low
21732,0,0.06595918,Low
21733,1,0.065673165,Low
21734,0,0.07334792,Low
21735,0,0.14874204,Moderate
21736,0,0.13302226,Moderate
21737,0,0.22157636,Moderate
21738,0,0.14566347,Moderate
21739,0,0.06263509,Low
21740,1,0.6813815,Very High
21741,1,0.6976015,Very High
21742,0,0.064275905,Low
21743,1,0.40558884,High
21744,0,0.16284424,Moderate
21745,0,0.25124004,High
21746,0,0.13168192,Moderate
21747,0,0.3263454,High
21748,0,0.19773538,Moderate
21749,0,0.20918542,Moderate
21750,0,0.112222746,Moderate
21751,0,0.09586937,Low
21752,0,0.48109946,High
21753,0,0.15041056,Moderate
21754,0,0.10244823,Moderate
21755,0,0.066511154,Low
21756,0,0.559811,Very High
21757,0,0.063455194,Low
21758,0,0.07219639,Low
21759,0,0.08225269,Low
21760,1,0.15989088,Moderate
21761,1,0.22807977,Moderate
21762,0,0.23210567,Moderate
21763,0,0.24933635,Moderate
21764,0,0.11595522,Moderate
21765,0,0.042388868,Low
21766,0,0.19396979,Moderate
21767,0,0.060706697,Low
21768,0,0.081365295,Low
21769,0,0.21028537,Moderate
21770,1,0.16604261,Moderate
21771,0,0.05362005,Low
21772,0,0.48411286,High
21773,0,0.039839953,Low
21774,0,0.06076533,Low
21775,1,0.6321622,Very High
21776,0,0.26969293,High
21777,0,0.0711983,Low
21778,0,0.09394615,Low
21779,1,0.1332391,Moderate
21780,0,0.09336819,Low
21781,0,0.15001409,Moderate
21782,1,0.30073833,High
21783,0,0.03312888,Low
21784,0,0.059173197,Low
21785,0,0.031052424,Low
21786,0,0.33816132,High
21787,1,0.07295837,Low
21788,0,0.33688772,High
21789,0,0.069976375,Low
21790,1,0.7489919,Very High
21791,0,0.14546928,Moderate
21792,0,0.060347836,Low
21793,0,0.1721485,Moderate
21794,0,0.15916422,Moderate
21795,0,0.0739712,Low
21796,0,0.06680437,Low
21797,0,0.08413268,Low
21798,0,0.14255175,Moderate
21799,0,0.1488473,Moderate
21800,0,0.12355525,Moderate
21801,1,0.7638024,Very High
21802,0,0.080343254,Low
21803,0,0.37690875,High
21804,0,0.02145036,Low
21805,1,0.101366684,Moderate
21806,0,0.061799828,Low
21807,0,0.103800714,Moderate
21808,0,0.04463677,Low
21809,0,0.11899763,Moderate
21810,1,0.5779666,Very High
21811,1,0.5807424,Very High
21812,1,0.7314264,Very High
21813,0,0.29302973,High
21814,0,0.113249205,Moderate
21815,0,0.2014142,Moderate
21816,1,0.6440658,Very High
21817,0,0.09469205,Low
21818,0,0.056260724,Low
21819,1,0.11666658,Moderate
21820,0,0.1726412,Moderate
21821,0,0.109005034,Moderate
21822,0,0.122461885,Moderate
21823,0,0.4200706,High
21824,0,0.06394107,Low
21825,0,0.028719272,Low
21826,0,0.057099544,Low
21827,0,0.03986045,Low
21828,0,0.07910431,Low
21829,0,0.16201693,Moderate
21830,0,0.060581636,Low
21831,1,0.3274644,High
21832,0,0.20493934,Moderate
21833,0,0.10494683,Moderate
21834,1,0.73445094,Very High
21835,0,0.094187126,Low
21836,1,0.13557228,Moderate
21837,0,0.12253516,Moderate
21838,0,0.08407126,Low
21839,1,0.1308301,Moderate
21840,0,0.079858325,Low
21841,0,0.50130814,Very High
21842,0,0.114874095,Moderate
21843,0,0.05861708,Low
21844,1,0.14821362,Moderate
21845,0,0.04651663,Low
21846,1,0.04910472,Low
21847,0,0.037479453,Low
21848,1,0.8143938,Very High
21849,0,0.11417621,Moderate
21850,0,0.04242705,Low
21851,0,0.07673728,Low
21852,0,0.07884941,Low
21853,0,0.4320162,High
21854,1,0.3315555,High
21855,0,0.06530203,Low
21856,0,0.056205224,Low
21857,0,0.16716978,Moderate
21858,0,0.12762299,Moderate
21859,0,0.0426668,Low
21860,0,0.07911048,Low
21861,0,0.045208655,Low
21862,0,0.10918649,Moderate
21863,0,0.0938834,Low
21864,0,0.042035967,Low
21865,1,0.25810063,High
21866,0,0.36452055,High
21867,0,0.14991702,Moderate
21868,0,0.18313159,Moderate
21869,0,0.46120507,High
21870,0,0.09822256,Low
21871,0,0.12346847,Moderate
21872,0,0.15485558,Moderate
21873,0,0.03142375,Low
21874,0,0.26020607,High
21875,0,0.14054573,Moderate
21876,0,0.034745436,Low
21877,0,0.45165086,High
21878,0,0.08159657,Low
21879,0,0.0947662,Low
21880,0,0.14477417,Moderate
21881,0,0.2086578,Moderate
21882,0,0.2152676,Moderate
21883,0,0.0807512,Low
21884,0,0.116268076,Moderate
21885,0,0.040100306,Low
21886,1,0.62427276,Very High
21887,0,0.0658647,Low
21888,0,0.044693787,Low
21889,1,0.0805231,Low
21890,0,0.059605595,Low
21891,1,0.1018392,Moderate
21892,1,0.5552129,Very High
21893,0,0.11024522,Moderate
21894,0,0.0727248,Low
21895,0,0.2423675,Moderate
21896,0,0.20286112,Moderate
21897,0,0.24093631,Moderate
21898,0,0.038877234,Low
21899,0,0.10564544,Moderate
21900,1,0.40603352,High
21901,1,0.6113106,Very High
21902,0,0.060048744,Low
21903,0,0.16985427,Moderate
21904,0,0.0508102,Low
21905,0,0.0908405,Low
21906,0,0.1055806,Moderate
21907,0,0.191059,Moderate
21908,0,0.03180571,Low
21909,0,0.14435638,Moderate
21910,0,0.1931916,Moderate
21911,0,0.04940792,Low
21912,0,0.19740774,Moderate
21913,0,0.13992296,Moderate
21914,1,0.59577763,Very High
21915,0,0.08488056,Low
21916,0,0.25174868,High
21917,1,0.6734227,Very High
21918,0,0.20220779,Moderate
21919,0,0.11604558,Moderate
21920,1,0.16633274,Moderate
21921,1,0.084055014,Low
21922,0,0.056085903,Low
21923,0,0.17814147,Moderate
21924,0,0.062121626,Low
21925,0,0.13791957,Moderate
21926,0,0.14200762,Moderate
21927,0,0.062184468,Low
21928,0,0.060398865,Low
21929,0,0.07051427,Low
21930,0,0.028605945,Low
21931,0,0.19300373,Moderate
21932,0,0.06850587,Low
21933,0,0.30398583,High
21934,0,0.10683076,Moderate
21935,0,0.18372612,Moderate
21936,0,0.0733052,Low
21937,1,0.49205437,High
21938,0,0.123779766,Moderate
21939,1,0.1939129,Moderate
21940,0,0.08478346,Low
21941,0,0.08955968,Low
21942,0,0.31850246,High
21943,1,0.09856696,Low
21944,0,0.035989128,Low
21945,1,0.30373693,High
21946,0,0.07015612,Low
21947,0,0.06690035,Low
21948,1,0.35328916,High
21949,0,0.14635924,Moderate
21950,0,0.041117184,Low
21951,1,0.28267163,High
21952,1,0.15230179,Moderate
21953,0,0.14951842,Moderate
21954,0,0.083484985,Low
21955,0,0.29202652,High
21956,0,0.09714805,Low
21957,0,0.1115258,Moderate
21958,0,0.18165876,Moderate
21959,1,0.15078363,Moderate
21960,0,0.060689285,Low
21961,1,0.88381594,Very High
21962,0,0.09541616,Low
21963,0,0.061078988,Low
21964,0,0.08292173,Low
21965,0,0.0124848895,Low
21966,0,0.18090661,Moderate
21967,0,0.04511977,Low
21968,0,0.0997336,Low
21969,0,0.11155637,Moderate
21970,0,0.022223396,Low
21971,0,0.07129919,Low
21972,0,0.31039432,High
21973,1,0.78004146,Very High
21974,0,0.114834845,Moderate
21975,1,0.6372577,Very High
21976,0,0.06985758,Low
21977,0,0.646046,Very High
21978,0,0.022434752,Low
21979,0,0.07352507,Low
21980,0,0.14110346,Moderate
21981,0,0.28733772,High
21982,1,0.23801796,Moderate
21983,0,0.056690495,Low
21984,0,0.16317965,Moderate
21985,0,0.2340874,Moderate
21986,1,0.40191263,High
21987,0,0.02408376,Low
21988,0,0.17549725,Moderate
21989,0,0.06563703,Low
21990,0,0.021306176,Low
21991,0,0.13937156,Moderate
21992,0,0.28378716,High
21993,0,0.07072776,Low
21994,0,0.035434462,Low
21995,0,0.049693808,Low
21996,0,0.040810574,Low
21997,0,0.15774277,Moderate
21998,0,0.13349131,Moderate
21999,0,0.04615069,Low
22000,0,0.03935405,Low
22001,0,0.22556783,Moderate
22002,0,0.057230625,Low
22003,0,0.059998512,Low
22004,0,0.16945218,Moderate
22005,0,0.051651575,Low
22006,1,0.11119207,Moderate
22007,0,0.21709059,Moderate
22008,0,0.11060329,Moderate
22009,0,0.047032293,Low
22010,0,0.06374527,Low
22011,1,0.711245,Very High
22012,1,0.70595247,Very High
22013,0,0.22161883,Moderate
22014,1,0.31412446,High
22015,0,0.15379031,Moderate
22016,0,0.2481412,Moderate
22017,0,0.27642614,High
22018,0,0.15725757,Moderate
22019,0,0.10491206,Moderate
22020,0,0.078975536,Low
22021,0,0.29283437,High
22022,1,0.15659569,Moderate
22023,0,0.16901179,Moderate
22024,0,0.13473587,Moderate
22025,0,0.13170037,Moderate
22026,0,0.116303414,Moderate
22027,0,0.040219594,Low
22028,0,0.14635414,Moderate
22029,0,0.028289637,Low
22030,0,0.05139304,Low
22031,0,0.14829233,Moderate
22032,0,0.036058195,Low
22033,0,0.064005874,Low
22034,0,0.03381133,Low
22035,0,0.06591373,Low
22036,0,0.06818894,Low
22037,0,0.056780115,Low
22038,0,0.11981004,Moderate
22039,0,0.09017201,Low
22040,0,0.034957804,Low
22041,0,0.096763894,Low
22042,0,0.08925666,Low
22043,0,0.22827621,Moderate
22044,0,0.04381566,Low
22045,0,0.048332077,Low
22046,0,0.13133328,Moderate
22047,0,0.03488542,Low
22048,1,0.36718678,High
22049,0,0.058993887,Low
22050,0,0.07128999,Low
22051,0,0.17755798,Moderate
22052,0,0.1630464,Moderate
22053,0,0.40871716,High
22054,0,0.18210246,Moderate
22055,0,0.040012434,Low
22056,0,0.59093964,Very High
22057,0,0.3444613,High
22058,0,0.035075337,Low
22059,0,0.24168552,Moderate
22060,0,0.14297263,Moderate
22061,0,0.7540408,Very High
22062,0,0.09029913,Low
22063,0,0.08800358,Low
22064,0,0.1512207,Moderate
22065,1,0.17128928,Moderate
22066,1,0.13002943,Moderate
22067,0,0.089737274,Low
22068,1,0.1995333,Moderate
22069,0,0.054849185,Low
22070,0,0.12020915,Moderate
22071,0,0.07159045,Low
22072,0,0.091714986,Low
22073,0,0.05958792,Low
22074,0,0.035561018,Low
22075,0,0.046758473,Low
22076,0,0.28499043,High
22077,0,0.074777454,Low
22078,0,0.040221155,Low
22079,0,0.28846395,High
22080,0,0.13512692,Moderate
22081,1,0.7502517,Very High
22082,0,0.25727427,High
22083,0,0.32052207,High
22084,1,0.16893387,Moderate
22085,0,0.096652925,Low
22086,0,0.14302418,Moderate
22087,0,0.06940837,Low
22088,0,0.09555384,Low
22089,0,0.18327388,Moderate
22090,0,0.19007282,Moderate
22091,1,0.39601696,High
22092,0,0.05117819,Low
22093,0,0.05420561,Low
22094,1,0.32586986,High
22095,1,0.8335608,Very High
22096,0,0.11278916,Moderate
22097,0,0.038879026,Low
22098,0,0.1804584,Moderate
22099,0,0.059072133,Low
22100,0,0.04305196,Low
22101,0,0.11152155,Moderate
22102,1,0.14160413,Moderate
22103,0,0.080374576,Low
22104,0,0.07319693,Low
22105,0,0.114367336,Moderate
22106,0,0.12033028,Moderate
22107,0,0.06888074,Low
22108,1,0.7889976,Very High
22109,0,0.031541478,Low
22110,0,0.1554713,Moderate
22111,0,0.04495745,Low
22112,1,0.67782974,Very High
22113,0,0.10450778,Moderate
22114,0,0.03680368,Low
22115,0,0.59317,Very High
22116,0,0.10065054,Moderate
22117,0,0.078839734,Low
22118,0,0.062087446,Low
22119,0,0.19110961,Moderate
22120,1,0.53382987,Very High
22121,0,0.17935306,Moderate
22122,0,0.13836674,Moderate
22123,0,0.12268059,Moderate
22124,0,0.03588741,Low
22125,1,0.8135586,Very High
22126,1,0.07734455,Low
22127,0,0.032685667,Low
22128,0,0.023333,Low
22129,0,0.10244278,Moderate
22130,0,0.049562205,Low
22131,0,0.29796872,High
22132,0,0.17592339,Moderate
22133,0,0.3068882,High
22134,0,0.4390052,High
22135,0,0.08416105,Low
22136,0,0.09854673,Low
22137,0,0.07544127,Low
22138,0,0.3624803,High
22139,0,0.087339096,Low
22140,0,0.08492066,Low
22141,0,0.036836006,Low
22142,0,0.09435908,Low
22143,0,0.36179233,High
22144,0,0.12974998,Moderate
22145,1,0.15637302,Moderate
22146,0,0.07256594,Low
22147,0,0.121531084,Moderate
22148,0,0.25852618,High
22149,0,0.13420264,Moderate
22150,0,0.19905746,Moderate
22151,0,0.13223572,Moderate
22152,0,0.07123919,Low
22153,1,0.57431644,Very High
22154,0,0.06873523,Low
22155,0,0.3342352,High
22156,0,0.098577335,Low
22157,0,0.09736066,Low
22158,0,0.071405426,Low
22159,0,0.11305987,Moderate
22160,0,0.12708639,Moderate
22161,0,0.04794747,Low
22162,0,0.16401686,Moderate
22163,0,0.36159918,High
22164,1,0.6641862,Very High
22165,0,0.24194883,Moderate
22166,0,0.12701103,Moderate
22167,0,0.26630542,High
22168,0,0.052595902,Low
22169,1,0.6934824,Very High
22170,0,0.2674427,High
22171,0,0.07631004,Low
22172,0,0.069298685,Low
22173,0,0.13365398,Moderate
22174,1,0.103365265,Moderate
22175,0,0.13781045,Moderate
22176,0,0.085089415,Low
22177,1,0.6592941,Very High
22178,1,0.11546164,Moderate
22179,0,0.10081716,Moderate
22180,0,0.04945253,Low
22181,0,0.07701202,Low
22182,0,0.059468962,Low
22183,0,0.21714894,Moderate
22184,0,0.08428081,Low
22185,0,0.1227462,Moderate
22186,0,0.01718625,Low
22187,0,0.16431725,Moderate
22188,0,0.06915592,Low
22189,0,0.070014454,Low
22190,0,0.17746514,Moderate
22191,0,0.221036,Moderate
22192,0,0.099266335,Low
22193,1,0.25088736,High
22194,0,0.10229052,Moderate
22195,0,0.24229367,Moderate
22196,0,0.11109228,Moderate
22197,0,0.037277605,Low
22198,0,0.10105901,Moderate
22199,0,0.07993299,Low
22200,0,0.102625445,Moderate
22201,0,0.1446634,Moderate
22202,0,0.12023401,Moderate
22203,1,0.44579914,High
22204,0,0.1530153,Moderate
22205,1,0.3085946,High
22206,0,0.07967686,Low
22207,0,0.16135801,Moderate
22208,0,0.17562966,Moderate
22209,0,0.20831412,Moderate
22210,0,0.10575356,Moderate
22211,0,0.10479377,Moderate
22212,0,0.09763242,Low
22213,1,0.30596802,High
22214,0,0.20644332,Moderate
22215,0,0.074496806,Low
22216,0,0.09337466,Low
22217,1,0.20556775,Moderate
22218,0,0.13012107,Moderate
22219,0,0.04017378,Low
22220,0,0.032403283,Low
22221,0,0.037054244,Low
22222,0,0.07292029,Low
22223,0,0.030894795,Low
22224,0,0.033522278,Low
22225,0,0.22556677,Moderate
22226,0,0.094817534,Low
22227,0,0.09581884,Low
22228,0,0.019530175,Low
22229,1,0.36141735,High
22230,0,0.14741583,Moderate
22231,0,0.40617332,High
22232,0,0.053064343,Low
22233,0,0.054587733,Low
22234,0,0.21444353,Moderate
22235,0,0.07234902,Low
22236,0,0.13278583,Moderate
22237,0,0.15512836,Moderate
22238,0,0.06318695,Low
22239,0,0.07158431,Low
22240,0,0.025508104,Low
22241,0,0.18314858,Moderate
22242,0,0.12298814,Moderate
22243,0,0.034169048,Low
22244,0,0.09741949,Low
22245,0,0.15885198,Moderate
22246,0,0.7575792,Very High
22247,0,0.05217078,Low
22248,1,0.20370089,Moderate
22249,0,0.067092836,Low
22250,1,0.13570967,Moderate
22251,1,0.11827644,Moderate
22252,0,0.2646703,High
22253,0,0.021698557,Low
22254,1,0.238102,Moderate
22255,0,0.063674,Low
22256,0,0.15665801,Moderate
22257,1,0.058429047,Low
22258,1,0.333084,High
22259,0,0.12329597,Moderate
22260,0,0.082304336,Low
22261,0,0.06215195,Low
22262,0,0.35725388,High
22263,1,0.03632214,Low
22264,0,0.15954462,Moderate
22265,0,0.037819378,Low
22266,0,0.021455783,Low
22267,1,0.06797588,Low
22268,0,0.04926933,Low
22269,1,0.16179086,Moderate
22270,0,0.0644062,Low
22271,0,0.09445447,Low
22272,0,0.0655024,Low
22273,0,0.05259219,Low
22274,0,0.040830337,Low
22275,0,0.043724913,Low
22276,0,0.049173847,Low
22277,1,0.1824633,Moderate
22278,0,0.0712466,Low
22279,0,0.06052954,Low
22280,1,0.14538649,Moderate
22281,1,0.11726255,Moderate
22282,0,0.19288805,Moderate
22283,0,0.043098968,Low
22284,0,0.089268275,Low
22285,0,0.19775407,Moderate
22286,1,0.51992565,Very High
22287,1,0.49991477,High
22288,0,0.21129808,Moderate
22289,1,0.7209047,Very High
22290,1,0.25235692,High
22291,1,0.74439096,Very High
22292,0,0.23672025,Moderate
22293,0,0.09838211,Low
22294,0,0.04781214,Low
22295,0,0.039443444,Low
22296,0,0.07339137,Low
22297,0,0.041031662,Low
22298,0,0.1145703,Moderate
22299,0,0.05357013,Low
22300,1,0.25771555,High
22301,0,0.056622133,Low
22302,0,0.031398203,Low
22303,0,0.073000915,Low
22304,0,0.07659614,Low
22305,0,0.1313505,Moderate
22306,0,0.05516319,Low
22307,1,0.32820404,High
22308,0,0.15693435,Moderate
22309,0,0.15070578,Moderate
22310,0,0.10949196,Moderate
22311,0,0.80258614,Very High
22312,0,0.10539311,Moderate
22313,0,0.16083011,Moderate
22314,0,0.09146875,Low
22315,0,0.052515794,Low
22316,1,0.35041177,High
22317,0,0.19920397,Moderate
22318,0,0.09651317,Low
22319,0,0.32697478,High
22320,0,0.08436697,Low
22321,0,0.06025048,Low
22322,0,0.13098592,Moderate
22323,0,0.11767714,Moderate
22324,0,0.045244627,Low
22325,0,0.05808394,Low
22326,1,0.15849751,Moderate
22327,0,0.08318271,Low
22328,0,0.40292948,High
22329,0,0.06468932,Low
22330,0,0.06544409,Low
22331,0,0.44396478,High
22332,0,0.037129615,Low
22333,1,0.11990854,Moderate
22334,0,0.046671476,Low
22335,0,0.058074024,Low
22336,0,0.34500673,High
22337,0,0.06537976,Low
22338,0,0.05320903,Low
22339,0,0.095828995,Low
22340,0,0.05507313,Low
22341,0,0.036398914,Low
22342,0,0.06689823,Low
22343,0,0.030362697,Low
22344,0,0.04641765,Low
22345,0,0.07896174,Low
22346,0,0.2682692,High
22347,0,0.07197448,Low
22348,0,0.054132245,Low
22349,0,0.06539349,Low
22350,0,0.028827457,Low
22351,0,0.11817111,Moderate
22352,0,0.05424212,Low
22353,0,0.19507137,Moderate
22354,0,0.080177955,Low
22355,0,0.08349301,Low
22356,0,0.19374283,Moderate
22357,0,0.032183576,Low
22358,0,0.07430353,Low
22359,0,0.23489775,Moderate
22360,0,0.040888704,Low
22361,0,0.10077297,Moderate
22362,0,0.15171497,Moderate
22363,0,0.16444762,Moderate
22364,0,0.14464384,Moderate
22365,0,0.10441046,Moderate
22366,1,0.31519058,High
22367,0,0.13733529,Moderate
22368,0,0.109058626,Moderate
22369,0,0.11131768,Moderate
22370,0,0.022010643,Low
22371,0,0.050418135,Low
22372,0,0.21338296,Moderate
22373,0,0.041003816,Low
22374,0,0.10766936,Moderate
22375,1,0.49392843,High
22376,0,0.20991394,Moderate
22377,0,0.58900887,Very High
22378,0,0.037591975,Low
22379,0,0.07554017,Low
22380,0,0.15289633,Moderate
22381,0,0.033347882,Low
22382,0,0.101113044,Moderate
22383,0,0.060194697,Low
22384,0,0.09714488,Low
22385,0,0.1126527,Moderate
22386,1,0.08482553,Low
22387,1,0.8393018,Very High
22388,0,0.13456957,Moderate
22389,0,0.06960115,Low
22390,1,0.090115786,Low
22391,0,0.03412918,Low
22392,1,0.7916349,Very High
22393,0,0.061951414,Low
22394,0,0.13115342,Moderate
22395,0,0.056178067,Low
22396,0,0.037336748,Low
22397,0,0.10931337,Moderate
22398,0,0.12339376,Moderate
22399,0,0.03768476,Low
22400,0,0.09242623,Low
22401,0,0.059733965,Low
22402,1,0.74633163,Very High
22403,0,0.41022423,High
22404,0,0.0470801,Low
22405,0,0.12003268,Moderate
22406,0,0.05266159,Low
22407,0,0.03697352,Low
22408,0,0.025888907,Low
22409,0,0.07025747,Low
22410,1,0.38870084,High
22411,0,0.13378187,Moderate
22412,1,0.21419215,Moderate
22413,0,0.12265922,Moderate
22414,0,0.3316731,High
22415,1,0.51849025,Very High
22416,0,0.7614064,Very High
22417,0,0.7309841,Very High
22418,0,0.13517407,Moderate
22419,0,0.024703622,Low
22420,0,0.055318676,Low
22421,0,0.34762573,High
22422,0,0.45616817,High
22423,0,0.101122856,Moderate
22424,1,0.11680634,Moderate
22425,0,0.13412268,Moderate
22426,0,0.14040987,Moderate
22427,0,0.17264827,Moderate
22428,0,0.09035404,Low
22429,0,0.03898149,Low
22430,0,0.21041663,Moderate
22431,0,0.30301684,High
22432,0,0.067372374,Low
22433,0,0.25625962,High
22434,1,0.69954294,Very High
22435,0,0.11065504,Moderate
22436,0,0.14385465,Moderate
22437,0,0.12162674,Moderate
22438,0,0.034770317,Low
22439,0,0.6801362,Very High
22440,0,0.047232058,Low
22441,0,0.18505897,Moderate
22442,0,0.091164716,Low
22443,1,0.15054622,Moderate
22444,0,0.20848063,Moderate
22445,1,0.28752792,High
22446,0,0.09579341,Low
22447,0,0.19941436,Moderate
22448,0,0.16917355,Moderate
22449,0,0.18034959,Moderate
22450,0,0.09839751,Low
22451,0,0.062839635,Low
22452,0,0.08622759,Low
22453,0,0.1681189,Moderate
22454,0,0.1461432,Moderate
22455,0,0.11732152,Moderate
22456,0,0.046792325,Low
22457,0,0.03371702,Low
22458,0,0.14636874,Moderate
22459,0,0.18459126,Moderate
22460,0,0.81394774,Very High
22461,0,0.062507525,Low
22462,1,0.37946466,High
22463,0,0.4006423,High
22464,0,0.084171765,Low
22465,1,0.79462814,Very High
22466,0,0.028955441,Low
22467,1,0.7166745,Very High
22468,0,0.16156285,Moderate
22469,1,0.20400001,Moderate
22470,1,0.36414963,High
22471,1,0.17598099,Moderate
22472,0,0.17983118,Moderate
22473,1,0.76978153,Very High
22474,0,0.06035933,Low
22475,0,0.5403663,Very High
22476,0,0.06237312,Low
22477,0,0.10681827,Moderate
22478,0,0.06666119,Low
22479,1,0.79236084,Very High
22480,0,0.39005014,High
22481,0,0.05598748,Low
22482,0,0.064298876,Low
22483,0,0.09496001,Low
22484,0,0.04122983,Low
22485,0,0.07353465,Low
22486,0,0.23020189,Moderate
22487,0,0.015705094,Low
22488,0,0.12858464,Moderate
22489,0,0.31786388,High
22490,0,0.13501637,Moderate
22491,0,0.3510525,High
22492,1,0.16145225,Moderate
22493,0,0.14486274,Moderate
22494,0,0.12077426,Moderate
22495,1,0.69052064,Very High
22496,0,0.068594955,Low
22497,1,0.11291141,Moderate
22498,0,0.042387277,Low
22499,0,0.159579,Moderate
22500,0,0.027924716,Low
22501,0,0.12936226,Moderate
22502,0,0.044640902,Low
22503,1,0.4514513,High
22504,1,0.11100427,Moderate
22505,1,0.08652776,Low
22506,1,0.17235376,Moderate
22507,1,0.7780566,Very High
22508,0,0.087017275,Low
22509,0,0.05079315,Low
22510,0,0.17634414,Moderate
22511,0,0.13103825,Moderate
22512,0,0.19342315,Moderate
22513,0,0.08138035,Low
22514,0,0.08259124,Low
22515,0,0.09385013,Low
22516,0,0.14513117,Moderate
22517,0,0.12529513,Moderate
22518,0,0.178617,Moderate
22519,0,0.063883744,Low
22520,0,0.033117425,Low
22521,1,0.4632306,High
22522,0,0.05004287,Low
22523,0,0.7417441,Very High
22524,1,0.2610603,High
22525,0,0.042181257,Low
22526,0,0.070975795,Low
22527,0,0.03771396,Low
22528,0,0.18448333,Moderate
22529,0,0.17453413,Moderate
22530,0,0.21664937,Moderate
22531,0,0.012756965,Low
22532,0,0.14220974,Moderate
22533,0,0.044145126,Low
22534,0,0.089557976,Low
22535,1,0.22981636,Moderate
22536,0,0.16067238,Moderate
22537,1,0.8441662,Very High
22538,1,0.17660686,Moderate
22539,0,0.14705968,Moderate
22540,0,0.059018444,Low
22541,0,0.31779873,High
22542,0,0.1138617,Moderate
22543,1,0.7461996,Very High
22544,1,0.27020207,High
22545,1,0.1712811,Moderate
22546,0,0.1048762,Moderate
22547,0,0.03668221,Low
22548,1,0.1446421,Moderate
22549,0,0.026935916,Low
22550,0,0.31976137,High
22551,0,0.68568397,Very High
22552,1,0.18323626,Moderate
22553,0,0.10791377,Moderate
22554,0,0.34115154,High
22555,1,0.41960195,High
22556,0,0.030450914,Low
22557,0,0.14094314,Moderate
22558,0,0.21201192,Moderate
22559,0,0.11897562,Moderate
22560,0,0.045584824,Low
22561,1,0.24418084,Moderate
22562,0,0.1391071,Moderate
22563,0,0.027679978,Low
22564,0,0.12059113,Moderate
22565,0,0.03300712,Low
22566,0,0.06860545,Low
22567,0,0.8074294,Very High
22568,1,0.10643013,Moderate
22569,0,0.28421763,High
22570,0,0.064541265,Low
22571,1,0.12663619,Moderate
22572,0,0.10174255,Moderate
22573,0,0.21183148,Moderate
22574,0,0.047975026,Low
22575,0,0.1628827,Moderate
22576,0,0.04645763,Low
22577,0,0.19111751,Moderate
22578,0,0.110292375,Moderate
22579,0,0.17809114,Moderate
22580,0,0.046936102,Low
22581,0,0.093714565,Low
22582,0,0.10476418,Moderate
22583,0,0.058773775,Low
22584,0,0.048926108,Low
22585,0,0.29450837,High
22586,0,0.22806276,Moderate
22587,0,0.06828197,Low
22588,0,0.08011482,Low
22589,0,0.09240768,Low
22590,0,0.048079044,Low
22591,1,0.11730908,Moderate
22592,0,0.033849522,Low
22593,0,0.20901921,Moderate
22594,0,0.12141591,Moderate
22595,0,0.09183657,Low
22596,0,0.3175428,High
22597,0,0.03809684,Low
22598,1,0.3767087,High
22599,0,0.13790724,Moderate
22600,0,0.03343615,Low
22601,1,0.11740713,Moderate
22602,0,0.04462734,Low
22603,0,0.10528793,Moderate
22604,0,0.22165102,Moderate
22605,0,0.15662135,Moderate
22606,0,0.13066429,Moderate
22607,0,0.6711754,Very High
22608,0,0.035324138,Low
22609,0,0.039029956,Low
22610,0,0.1052333,Moderate
22611,0,0.66208297,Very High
22612,0,0.10026181,Moderate
22613,0,0.019806538,Low
22614,0,0.14878283,Moderate
22615,0,0.15750782,Moderate
22616,0,0.06109452,Low
22617,0,0.07222398,Low
22618,0,0.13196054,Moderate
22619,1,0.70157754,Very High
22620,0,0.21867317,Moderate
22621,1,0.67271197,Very High
22622,0,0.1110479,Moderate
22623,0,0.39601812,High
22624,0,0.09999084,Low
22625,0,0.044589702,Low
22626,0,0.4556867,High
22627,0,0.057415888,Low
22628,1,0.22039187,Moderate
22629,0,0.45545992,High
22630,0,0.05350804,Low
22631,0,0.07265908,Low
22632,0,0.04144256,Low
22633,0,0.15238391,Moderate
22634,1,0.20491938,Moderate
22635,0,0.11598225,Moderate
22636,0,0.06815907,Low
22637,0,0.05805852,Low
22638,0,0.21256986,Moderate
22639,0,0.06256924,Low
22640,0,0.07019278,Low
22641,1,0.1301473,Moderate
22642,0,0.10583932,Moderate
22643,0,0.2573983,High
22644,0,0.026647294,Low
22645,0,0.03536974,Low
22646,0,0.050808195,Low
22647,1,0.34105757,High
22648,1,0.8100095,Very High
22649,0,0.19584444,Moderate
22650,0,0.061989803,Low
22651,0,0.06190082,Low
22652,0,0.17000836,Moderate
22653,0,0.10892704,Moderate
22654,0,0.05025842,Low
22655,0,0.044682752,Low
22656,0,0.11398343,Moderate
22657,1,0.6759441,Very High
22658,0,0.08352556,Low
22659,0,0.15521897,Moderate
22660,0,0.052811973,Low
22661,0,0.037571795,Low
22662,0,0.21423702,Moderate
22663,0,0.11980245,Moderate
22664,0,0.10432667,Moderate
22665,0,0.24319859,Moderate
22666,0,0.105880916,Moderate
22667,1,0.24652156,Moderate
22668,0,0.22026302,Moderate
22669,0,0.15117557,Moderate
22670,0,0.06175512,Low
22671,0,0.09105958,Low
22672,0,0.17281613,Moderate
22673,0,0.1788584,Moderate
22674,0,0.097577766,Low
22675,0,0.08116011,Low
22676,0,0.06531293,Low
22677,0,0.084563434,Low
22678,0,0.13548617,Moderate
22679,0,0.07203595,Low
22680,0,0.27029586,High
22681,0,0.04536435,Low
22682,0,0.12501197,Moderate
22683,0,0.14368331,Moderate
22684,0,0.0932909,Low
22685,0,0.027133321,Low
22686,0,0.3348457,High
22687,1,0.14655484,Moderate
22688,0,0.16562584,Moderate
22689,1,0.7736075,Very High
22690,0,0.05772339,Low
22691,0,0.7661761,Very High
22692,0,0.07724961,Low
22693,1,0.26388586,High
22694,0,0.060014665,Low
22695,0,0.09893636,Low
22696,0,0.07530958,Low
22697,0,0.17100029,Moderate
22698,0,0.24389312,Moderate
22699,0,0.14470905,Moderate
22700,1,0.5378012,Very High
22701,0,0.0764424,Low
22702,0,0.10413982,Moderate
22703,0,0.040949624,Low
22704,0,0.25706857,High
22705,0,0.114547096,Moderate
22706,0,0.29178277,High
22707,0,0.05291187,Low
22708,0,0.1378931,Moderate
22709,1,0.24421331,Moderate
22710,0,0.15720892,Moderate
22711,1,0.3950205,High
22712,1,0.038107805,Low
22713,0,0.29296318,High
22714,0,0.07872307,Low
22715,0,0.077780426,Low
22716,0,0.2699911,High
22717,0,0.09574582,Low
22718,0,0.21174093,Moderate
22719,0,0.07063904,Low
22720,0,0.014651024,Low
22721,0,0.16371377,Moderate
22722,0,0.10097085,Moderate
22723,0,0.15671046,Moderate
22724,0,0.122356854,Moderate
22725,0,0.64843965,Very High
22726,0,0.24268092,Moderate
22727,0,0.32173756,High
22728,1,0.102826014,Moderate
22729,0,0.04647392,Low
22730,0,0.39767703,High
22731,0,0.17411447,Moderate
22732,0,0.051790584,Low
22733,0,0.03457263,Low
22734,0,0.38487953,High
22735,0,0.06374538,Low
22736,0,0.06911043,Low
22737,0,0.110334426,Moderate
22738,0,0.14085138,Moderate
22739,0,0.13354947,Moderate
22740,0,0.05202602,Low
22741,1,0.25845814,High
22742,0,0.114757046,Moderate
22743,0,0.031686965,Low
22744,0,0.15517917,Moderate
22745,1,0.19647364,Moderate
22746,0,0.019293306,Low
22747,0,0.58989114,Very High
22748,0,0.11713669,Moderate
22749,0,0.14974111,Moderate
22750,0,0.026488144,Low
22751,1,0.04053309,Low
22752,0,0.05445177,Low
22753,0,0.09777633,Low
22754,1,0.6598996,Very High
22755,0,0.18389705,Moderate
22756,1,0.088473275,Low
22757,0,0.12669879,Moderate
22758,0,0.054693595,Low
22759,0,0.048160426,Low
22760,1,0.8638315,Very High
22761,0,0.024157504,Low
22762,0,0.07133097,Low
22763,0,0.07390585,Low
22764,0,0.04242977,Low
22765,0,0.11023241,Moderate
22766,1,0.1806669,Moderate
22767,0,0.028083058,Low
22768,0,0.11803283,Moderate
22769,1,0.19518508,Moderate
22770,0,0.104506575,Moderate
22771,0,0.09246414,Low
22772,0,0.17246178,Moderate
22773,1,0.2541229,High
22774,1,0.261737,High
22775,0,0.03778532,Low
22776,0,0.013789637,Low
22777,1,0.14685322,Moderate
22778,0,0.044974614,Low
22779,0,0.02315979,Low
22780,0,0.056604814,Low
22781,0,0.17507127,Moderate
22782,0,0.081477605,Low
22783,0,0.07391941,Low
22784,0,0.06686629,Low
22785,0,0.11228373,Moderate
22786,1,0.18320654,Moderate
22787,1,0.6723192,Very High
22788,0,0.060197458,Low
22789,0,0.6329979,Very High
22790,1,0.13008197,Moderate
22791,0,0.2354162,Moderate
22792,1,0.7509256,Very High
22793,0,0.106709026,Moderate
22794,0,0.036229637,Low
22795,0,0.12147616,Moderate
22796,1,0.058640927,Low
22797,0,0.07232105,Low
22798,0,0.18080515,Moderate
22799,0,0.32682002,High
22800,0,0.12628682,Moderate
22801,0,0.036032837,Low
22802,0,0.07957906,Low
22803,0,0.042629223,Low
22804,0,0.051010404,Low
22805,0,0.04255238,Low
22806,1,0.59413534,Very High
22807,0,0.05804405,Low
22808,0,0.087269865,Low
22809,0,0.058454435,Low
22810,0,0.049901318,Low
22811,0,0.069042176,Low
22812,0,0.20661914,Moderate
22813,0,0.4175698,High
22814,0,0.09429009,Low
22815,0,0.31519,High
22816,1,0.19448653,Moderate
22817,0,0.045696825,Low
22818,0,0.088229835,Low
22819,0,0.28870153,High
22820,0,0.03248816,Low
22821,0,0.05305121,Low
22822,0,0.16089451,Moderate
22823,0,0.080834225,Low
22824,0,0.10165028,Moderate
22825,0,0.025103228,Low
22826,1,0.3214673,High
22827,0,0.098232195,Low
22828,0,0.01979032,Low
22829,0,0.16182527,Moderate
22830,0,0.13964263,Moderate
22831,1,0.84114313,Very High
22832,1,0.7103574,Very High
22833,0,0.1505122,Moderate
22834,0,0.06267143,Low
22835,0,0.038114775,Low
22836,0,0.028703244,Low
22837,1,0.19006732,Moderate
22838,0,0.027549062,Low
22839,0,0.0958648,Low
22840,0,0.08114497,Low
22841,0,0.10654752,Moderate
22842,0,0.074436106,Low
22843,1,0.21076839,Moderate
22844,1,0.17185341,Moderate
22845,0,0.17939,Moderate
22846,0,0.10256093,Moderate
22847,0,0.16184194,Moderate
22848,0,0.031665575,Low
22849,1,0.23969238,Moderate
22850,0,0.2711947,High
22851,0,0.1993792,Moderate
22852,1,0.6460966,Very High
22853,0,0.3759229,High
22854,0,0.17273796,Moderate
22855,0,0.07488297,Low
22856,1,0.35192487,High
22857,0,0.06271612,Low
22858,0,0.06678012,Low
22859,1,0.40587193,High
22860,0,0.12049015,Moderate
22861,1,0.4327114,High
22862,0,0.12026678,Moderate
22863,1,0.7275217,Very High
22864,0,0.032148723,Low
22865,0,0.100781806,Moderate
22866,0,0.08811716,Low
22867,0,0.32649896,High
22868,0,0.032162394,Low
22869,0,0.18055843,Moderate
22870,0,0.3274644,High
22871,0,0.1094188,Moderate
22872,1,0.6776933,Very High
22873,0,0.10402751,Moderate
22874,0,0.04254136,Low
22875,0,0.059854984,Low
22876,0,0.090805456,Low
22877,0,0.120249406,Moderate
22878,0,0.100562274,Moderate
22879,1,0.7367202,Very High
22880,0,0.037500195,Low
22881,0,0.582866,Very High
22882,1,0.11901995,Moderate
22883,0,0.06606181,Low
22884,0,0.13738409,Moderate
22885,1,0.2610721,High
22886,0,0.08135874,Low
22887,0,0.24881238,Moderate
22888,0,0.052511863,Low
22889,0,0.014591057,Low
22890,0,0.09647582,Low
22891,0,0.16306104,Moderate
22892,0,0.07022227,Low
22893,0,0.055010468,Low
22894,1,0.035653103,Low
22895,0,0.10897935,Moderate
22896,0,0.41666868,High
22897,0,0.04336874,Low
22898,1,0.801819,Very High
22899,0,0.0630785,Low
22900,0,0.31314626,High
22901,1,0.8368643,Very High
22902,0,0.50241166,Very High
22903,0,0.103421286,Moderate
22904,0,0.062430073,Low
22905,0,0.2711058,High
22906,0,0.08106293,Low
22907,0,0.08428106,Low
22908,0,0.08569716,Low
22909,0,0.1854325,Moderate
22910,0,0.08570788,Low
22911,1,0.212836,Moderate
22912,0,0.14850664,Moderate
22913,0,0.05128157,Low
22914,0,0.16144533,Moderate
22915,0,0.23927395,Moderate
22916,0,0.13970004,Moderate
22917,0,0.15925297,Moderate
22918,0,0.09009592,Low
22919,0,0.11868525,Moderate
22920,0,0.035199687,Low
22921,0,0.09441604,Low
22922,1,0.20105936,Moderate
22923,0,0.05044909,Low
22924,0,0.029712072,Low
22925,0,0.26041788,High
22926,0,0.09696156,Low
22927,0,0.2085954,Moderate
22928,0,0.12624298,Moderate
22929,0,0.03965618,Low
22930,0,0.08783454,Low
22931,0,0.12593322,Moderate
22932,0,0.07124839,Low
22933,0,0.1763194,Moderate
22934,0,0.07090079,Low
22935,0,0.07404918,Low
22936,0,0.05803645,Low
22937,0,0.16021143,Moderate
22938,0,0.08141997,Low
22939,0,0.10689052,Moderate
22940,0,0.06899315,Low
22941,0,0.07107669,Low
22942,0,0.03000581,Low
22943,0,0.10251995,Moderate
22944,0,0.22041026,Moderate
22945,0,0.050262574,Low
22946,0,0.1485599,Moderate
22947,1,0.38189456,High
22948,0,0.026822248,Low
22949,1,0.23657885,Moderate
22950,0,0.08487625,Low
22951,1,0.3838793,High
22952,0,0.117334954,Moderate
22953,0,0.06794875,Low
22954,0,0.281645,High
22955,0,0.034409463,Low
22956,0,0.12816872,Moderate
22957,0,0.056416705,Low
22958,0,0.14812356,Moderate
22959,0,0.07164833,Low
22960,0,0.040310126,Low
22961,0,0.076640025,Low
22962,0,0.16179048,Moderate
22963,0,0.19215438,Moderate
22964,0,0.15206942,Moderate
22965,0,0.0344928,Low
22966,0,0.14149253,Moderate
22967,0,0.15680353,Moderate
22968,1,0.1147928,Moderate
22969,0,0.29451945,High
22970,0,0.13552512,Moderate
22971,0,0.043046825,Low
22972,0,0.0872357,Low
22973,1,0.1922159,Moderate
22974,1,0.6648453,Very High
22975,0,0.12007854,Moderate
22976,0,0.20059106,Moderate
22977,0,0.0979931,Low
22978,0,0.1241322,Moderate
22979,1,0.46167266,High
22980,0,0.091981076,Low
22981,0,0.030732704,Low
22982,0,0.054835588,Low
22983,0,0.059592266,Low
22984,0,0.06412934,Low
22985,0,0.07780726,Low
22986,0,0.06475385,Low
22987,0,0.022226235,Low
22988,0,0.06997699,Low
22989,0,0.016812118,Low
22990,0,0.17840688,Moderate
22991,0,0.19945374,Moderate
22992,0,0.15164001,Moderate
22993,0,0.080974065,Low
22994,0,0.4867308,High
22995,0,0.05779817,Low
22996,0,0.059797052,Low
22997,0,0.08197857,Low
22998,0,0.032493938,Low
22999,0,0.049277265,Low
23000,0,0.15718661,Moderate
23001,1,0.22441433,Moderate
23002,0,0.17817774,Moderate
23003,0,0.10792375,Moderate
23004,0,0.03284301,Low
23005,0,0.08825982,Low
23006,1,0.7056402,Very High
23007,0,0.06825587,Low
23008,0,0.07375818,Low
23009,1,0.08598863,Low
23010,0,0.24320598,Moderate
23011,1,0.16685404,Moderate
23012,0,0.11570424,Moderate
23013,0,0.10768048,Moderate
23014,0,0.049750134,Low
23015,0,0.1613663,Moderate
23016,0,0.082025535,Low
23017,0,0.13732222,Moderate
23018,0,0.08659732,Low
23019,0,0.0201828,Low
23020,1,0.1652556,Moderate
23021,0,0.0685684,Low
23022,0,0.121910416,Moderate
23023,0,0.05865034,Low
23024,1,0.843035,Very High
23025,0,0.10299546,Moderate
23026,0,0.095517695,Low
23027,0,0.1428465,Moderate
23028,0,0.048654884,Low
23029,0,0.14860596,Moderate
23030,0,0.08756339,Low
23031,1,0.74506634,Very High
23032,0,0.33318484,High
23033,0,0.027676832,Low
23034,0,0.30644473,High
23035,0,0.11424125,Moderate
23036,0,0.04429749,Low
23037,0,0.031382445,Low
23038,0,0.26613942,High
23039,0,0.028083801,Low
23040,1,0.70721346,Very High
23041,0,0.08877012,Low
23042,0,0.06983624,Low
23043,0,0.06567545,Low
23044,1,0.11200138,Moderate
23045,0,0.024194125,Low
23046,0,0.23546779,Moderate
23047,0,0.20183581,Moderate
23048,0,0.16915442,Moderate
23049,0,0.5854269,Very High
23050,1,0.5999537,Very High
23051,0,0.073655345,Low
23052,0,0.13884947,Moderate
23053,1,0.15863955,Moderate
23054,0,0.19672063,Moderate
23055,0,0.2052154,Moderate
23056,0,0.1021435,Moderate
23057,1,0.14763935,Moderate
23058,0,0.042825673,Low
23059,0,0.1512007,Moderate
23060,1,0.47035372,High
23061,0,0.08129687,Low
23062,1,0.08133832,Low
23063,0,0.05711858,Low
23064,0,0.25125942,High
23065,0,0.07686782,Low
23066,1,0.81412625,Very High
23067,0,0.04192828,Low
23068,0,0.03433853,Low
23069,0,0.05643276,Low
23070,0,0.39269754,High
23071,1,0.11277497,Moderate
23072,0,0.03229637,Low
23073,0,0.10651902,Moderate
23074,1,0.40058386,High
23075,0,0.181095,Moderate
23076,0,0.14725517,Moderate
23077,0,0.049444605,Low
23078,0,0.115720846,Moderate
23079,0,0.029024513,Low
23080,0,0.054122504,Low
23081,0,0.35731798,High
23082,0,0.14567487,Moderate
23083,1,0.60661525,Very High
23084,0,0.06033293,Low
23085,0,0.042050466,Low
23086,0,0.031739067,Low
23087,0,0.08421813,Low
23088,1,0.79558617,Very High
23089,1,0.32686168,High
23090,0,0.50374144,Very High
23091,1,0.28706813,High
23092,0,0.03843007,Low
23093,1,0.18925193,Moderate
23094,1,0.35189977,High
23095,1,0.12936218,Moderate
23096,0,0.26670283,High
23097,0,0.1361934,Moderate
23098,0,0.017683616,Low
23099,0,0.04651866,Low
23100,1,0.72498775,Very High
23101,0,0.11203616,Moderate
23102,0,0.06631703,Low
23103,0,0.047350246,Low
23104,1,0.1559868,Moderate
23105,0,0.07277169,Low
23106,0,0.06575051,Low
23107,0,0.024504324,Low
23108,0,0.06172047,Low
23109,0,0.20979472,Moderate
23110,0,0.2786582,High
23111,0,0.14145826,Moderate
23112,1,0.38766405,High
23113,0,0.20360754,Moderate
23114,0,0.08614648,Low
23115,0,0.062962405,Low
23116,0,0.16406476,Moderate
23117,0,0.051578656,Low
23118,0,0.07589731,Low
23119,1,0.2990858,High
23120,0,0.057162203,Low
23121,0,0.10084541,Moderate
23122,0,0.13693312,Moderate
23123,0,0.018928643,Low
23124,0,0.037915513,Low
23125,1,0.23051617,Moderate
23126,1,0.13409205,Moderate
23127,0,0.048627708,Low
23128,0,0.059865195,Low
23129,0,0.19335686,Moderate
23130,0,0.118940935,Moderate
23131,0,0.29258513,High
23132,0,0.10563766,Moderate
23133,0,0.14881054,Moderate
23134,1,0.04917341,Low
23135,0,0.05228801,Low
23136,0,0.17194468,Moderate
23137,0,0.026882732,Low
23138,1,0.12652092,Moderate
23139,0,0.085643485,Low
23140,0,0.1345323,Moderate
23141,0,0.16877036,Moderate
23142,1,0.31439063,High
23143,0,0.2007471,Moderate
23144,0,0.10178801,Moderate
23145,0,0.08199845,Low
23146,0,0.07359734,Low
23147,0,0.08896939,Low
23148,0,0.0942642,Low
23149,1,0.7266955,Very High
23150,0,0.11041413,Moderate
23151,0,0.11923685,Moderate
23152,0,0.10855534,Moderate
23153,0,0.15366769,Moderate
23154,0,0.0829895,Low
23155,0,0.25817278,High
23156,0,0.44520485,High
23157,1,0.67727965,Very High
23158,0,0.09791905,Low
23159,0,0.7385458,Very High
23160,0,0.11162882,Moderate
23161,0,0.13160482,Moderate
23162,0,0.17418803,Moderate
23163,0,0.021461656,Low
23164,0,0.058524862,Low
23165,1,0.16418059,Moderate
23166,1,0.55477715,Very High
23167,1,0.709157,Very High
23168,0,0.043744706,Low
23169,0,0.13460909,Moderate
23170,0,0.69842917,Very High
23171,0,0.10768048,Moderate
23172,0,0.122640006,Moderate
23173,0,0.14487077,Moderate
23174,0,0.04984936,Low
23175,0,0.019488672,Low
23176,0,0.06279932,Low
23177,0,0.06576646,Low
23178,0,0.17796858,Moderate
23179,0,0.18695469,Moderate
23180,0,0.24706806,Moderate
23181,0,0.100618534,Moderate
23182,0,0.08090229,Low
23183,0,0.04853172,Low
23184,0,0.09031504,Low
23185,0,0.11572687,Moderate
23186,0,0.024029376,Low
23187,1,0.12408743,Moderate
23188,0,0.048356496,Low
23189,0,0.13621195,Moderate
23190,0,0.09447265,Low
23191,0,0.10748829,Moderate
23192,0,0.061550066,Low
23193,1,0.073676415,Low
23194,0,0.13890344,Moderate
23195,0,0.014692468,Low
23196,0,0.32307285,High
23197,0,0.052250594,Low
23198,0,0.10457049,Moderate
23199,0,0.025390698,Low
23200,0,0.14647256,Moderate
23201,0,0.054739647,Low
23202,0,0.02877561,Low
23203,0,0.066101596,Low
23204,0,0.022011314,Low
23205,0,0.12259811,Moderate
23206,1,0.26744995,High
23207,0,0.10926371,Moderate
23208,0,0.019343855,Low
23209,0,0.020947738,Low
23210,0,0.14609386,Moderate
23211,0,0.4722974,High
23212,0,0.07987233,Low
23213,0,0.018187921,Low
23214,1,0.11582888,Moderate
23215,0,0.13878965,Moderate
23216,1,0.745407,Very High
23217,0,0.034728393,Low
23218,0,0.14930448,Moderate
23219,0,0.078043096,Low
23220,0,0.15349104,Moderate
23221,0,0.3415458,High
23222,0,0.06901087,Low
23223,0,0.1452617,Moderate
23224,0,0.031228386,Low
23225,0,0.110485025,Moderate
23226,1,0.4088325,High
23227,0,0.10526821,Moderate
23228,0,0.17005293,Moderate
23229,0,0.15213445,Moderate
23230,0,0.028911196,Low
23231,0,0.025181457,Low
23232,0,0.08590283,Low
23233,1,0.27554455,High
23234,0,0.60712045,Very High
23235,0,0.10523435,Moderate
23236,1,0.17089829,Moderate
23237,0,0.42773977,High
23238,0,0.1305034,Moderate
23239,0,0.19558738,Moderate
23240,1,0.8139152,Very High
23241,0,0.12941031,Moderate
23242,0,0.277368,High
23243,0,0.053581145,Low
23244,0,0.07795291,Low
23245,0,0.12243452,Moderate
23246,0,0.095449954,Low
23247,0,0.19339132,Moderate
23248,0,0.14108516,Moderate
23249,0,0.1371935,Moderate
23250,0,0.14346227,Moderate
23251,0,0.17066845,Moderate
23252,0,0.10879299,Moderate
23253,1,0.7939953,Very High
23254,1,0.21601251,Moderate
23255,0,0.061531052,Low
23256,0,0.17688948,Moderate
23257,0,0.11281979,Moderate
23258,0,0.076040715,Low
23259,0,0.49314365,High
23260,0,0.14307469,Moderate
23261,1,0.37629017,High
23262,0,0.20768347,Moderate
23263,0,0.11524044,Moderate
23264,1,0.7395704,Very High
23265,0,0.051863108,Low
23266,0,0.05446977,Low
23267,0,0.021960745,Low
23268,0,0.10388837,Moderate
23269,1,0.29414064,High
23270,0,0.06397954,Low
23271,0,0.14414074,Moderate
23272,0,0.03846082,Low
23273,0,0.28767914,High
23274,0,0.09445959,Low
23275,1,0.09113817,Low
23276,0,0.016435476,Low
23277,0,0.042221066,Low
23278,0,0.2749842,High
23279,0,0.13448906,Moderate
23280,0,0.02937612,Low
23281,0,0.035043888,Low
23282,0,0.40311918,High
23283,0,0.27850747,High
23284,0,0.08141398,Low
23285,0,0.04530113,Low
23286,0,0.14908087,Moderate
23287,0,0.43183726,High
23288,1,0.18940984,Moderate
23289,0,0.13699965,Moderate
23290,0,0.100984216,Moderate
23291,0,0.113174304,Moderate
23292,1,0.2157641,Moderate
23293,0,0.2067297,Moderate
23294,1,0.10184476,Moderate
23295,0,0.13127889,Moderate
23296,0,0.118853964,Moderate
23297,1,0.36374208,High
23298,0,0.0750829,Low
23299,0,0.111089736,Moderate
23300,0,0.035306543,Low
23301,0,0.061058782,Low
23302,0,0.7468896,Very High
23303,0,0.102867946,Moderate
23304,0,0.16899481,Moderate
23305,0,0.21558543,Moderate
23306,0,0.2168235,Moderate
23307,0,0.6421969,Very High
23308,1,0.04064622,Low
23309,0,0.07865061,Low
23310,1,0.41616607,High
23311,1,0.56703,Very High
23312,0,0.114172876,Moderate
23313,0,0.10530886,Moderate
23314,0,0.1473264,Moderate
23315,0,0.021961892,Low
23316,1,0.7332357,Very High
23317,0,0.04749024,Low
23318,0,0.3390245,High
23319,1,0.14268658,Moderate
23320,0,0.07260198,Low
23321,0,0.14026064,Moderate
23322,0,0.054262746,Low
23323,1,0.1939764,Moderate
23324,0,0.49805212,High
23325,0,0.10636155,Moderate
23326,0,0.19001672,Moderate
23327,0,0.05575816,Low
23328,0,0.064848214,Low
23329,0,0.05607101,Low
23330,0,0.10557318,Moderate
23331,0,0.12237068,Moderate
23332,0,0.03638572,Low
23333,1,0.15461227,Moderate
23334,0,0.036601163,Low
23335,1,0.14509413,Moderate
23336,0,0.14063995,Moderate
23337,0,0.071159914,Low
23338,0,0.09324626,Low
23339,0,0.45598072,High
23340,1,0.603289,Very High
23341,0,0.22312798,Moderate
23342,1,0.3933082,High
23343,1,0.43676308,High
23344,1,0.17958723,Moderate
23345,0,0.2738102,High
23346,0,0.030562675,Low
23347,0,0.1289345,Moderate
23348,0,0.11278679,Moderate
23349,0,0.23034827,Moderate
23350,0,0.09050422,Low
23351,1,0.07851926,Low
23352,0,0.117642336,Moderate
23353,1,0.09391959,Low
23354,1,0.2382576,Moderate
23355,0,0.05210931,Low
23356,1,0.5876548,Very High
23357,0,0.11581717,Moderate
23358,1,0.3115063,High
23359,0,0.10325262,Moderate
23360,0,0.6876543,Very High
23361,0,0.083806746,Low
23362,1,0.5282318,Very High
23363,0,0.07932442,Low
23364,0,0.052741658,Low
23365,0,0.018649822,Low
23366,0,0.037767235,Low
23367,0,0.07811996,Low
23368,0,0.17762269,Moderate
23369,0,0.06777639,Low
23370,0,0.026686229,Low
23371,0,0.023023896,Low
23372,0,0.022158382,Low
23373,0,0.02081257,Low
23374,1,0.2136234,Moderate
23375,0,0.08956415,Low
23376,0,0.11472505,Moderate
23377,0,0.075979866,Low
23378,1,0.92671907,Very High
23379,0,0.08943163,Low
23380,0,0.066275336,Low
23381,0,0.08444854,Low
23382,0,0.07633515,Low
23383,0,0.3522411,High
23384,0,0.17734194,Moderate
23385,1,0.60266495,Very High
23386,1,0.48623908,High
23387,0,0.11786331,Moderate
23388,1,0.07924932,Low
23389,0,0.033101358,Low
23390,0,0.045926776,Low
23391,1,0.1683426,Moderate
23392,0,0.09289187,Low
23393,0,0.07792626,Low
23394,0,0.029956387,Low
23395,0,0.12406912,Moderate
23396,0,0.12792075,Moderate
23397,0,0.100963555,Moderate
23398,0,0.13784082,Moderate
23399,0,0.28007588,High
23400,1,0.28424448,High
23401,0,0.28051797,High
23402,1,0.36458462,High
23403,0,0.12773453,Moderate
23404,0,0.12834159,Moderate
23405,0,0.1019771,Moderate
23406,0,0.13905011,Moderate
23407,0,0.15163502,Moderate
23408,0,0.140971,Moderate
23409,0,0.53036803,Very High
23410,0,0.07425836,Low
23411,0,0.1891043,Moderate
23412,0,0.067754485,Low
23413,0,0.030981285,Low
23414,1,0.25560865,High
23415,0,0.29751232,High
23416,1,0.76605284,Very High
23417,0,0.16345753,Moderate
23418,1,0.7177114,Very High
23419,1,0.382424,High
23420,0,0.054912154,Low
23421,1,0.15750146,Moderate
23422,0,0.04363716,Low
23423,0,0.41806525,High
23424,0,0.12189082,Moderate
23425,0,0.03265971,Low
23426,0,0.026935907,Low
23427,0,0.71594775,Very High
23428,0,0.22158788,Moderate
23429,0,0.12613307,Moderate
23430,0,0.08483812,Low
23431,0,0.08093061,Low
23432,1,0.35163456,High
23433,0,0.17929149,Moderate
23434,0,0.0843583,Low
23435,0,0.12544985,Moderate
23436,0,0.14579181,Moderate
23437,0,0.23208012,Moderate
23438,0,0.1458345,Moderate
23439,0,0.073003404,Low
23440,0,0.054650147,Low
23441,0,0.080779895,Low
23442,0,0.04482003,Low
23443,0,0.20856269,Moderate
23444,0,0.056263532,Low
23445,0,0.055770133,Low
23446,0,0.029178057,Low
23447,1,0.18405993,Moderate
23448,0,0.4168898,High
23449,0,0.114925586,Moderate
23450,0,0.07860672,Low
23451,0,0.09512549,Low
23452,0,0.5551563,Very High
23453,0,0.04186137,Low
23454,0,0.1587743,Moderate
23455,1,0.14113519,Moderate
23456,0,0.1149106,Moderate
23457,0,0.026929297,Low
23458,0,0.11819238,Moderate
23459,0,0.25405413,High
23460,0,0.116378956,Moderate
23461,1,0.19322471,Moderate
23462,0,0.11108484,Moderate
23463,0,0.064003475,Low
23464,1,0.24549094,Moderate
23465,1,0.5298814,Very High
23466,1,0.6379168,Very High
23467,0,0.15023708,Moderate
23468,0,0.0258522,Low
23469,1,0.4916005,High
23470,0,0.32691753,High
23471,0,0.23253621,Moderate
23472,0,0.39959568,High
23473,0,0.031363122,Low
23474,0,0.12941585,Moderate
23475,0,0.057290018,Low
23476,0,0.12951982,Moderate
23477,0,0.020153238,Low
23478,1,0.48753685,High
23479,0,0.07282234,Low
23480,1,0.08832465,Low
23481,0,0.08440035,Low
23482,0,0.42114,High
23483,1,0.20207246,Moderate
23484,0,0.14367548,Moderate
23485,0,0.0936847,Low
23486,0,0.11105391,Moderate
23487,0,0.06213339,Low
23488,0,0.07920478,Low
23489,0,0.03163644,Low
23490,0,0.14965971,Moderate
23491,1,0.3355855,High
23492,0,0.14318484,Moderate
23493,0,0.13715415,Moderate
23494,0,0.06844504,Low
23495,0,0.12855561,Moderate
23496,1,0.30526307,High
23497,0,0.0606606,Low
23498,0,0.053691365,Low
23499,0,0.03251544,Low
23500,0,0.13480975,Moderate
23501,0,0.1177891,Moderate
23502,0,0.4197444,High
23503,0,0.10787971,Moderate
23504,0,0.1060592,Moderate
23505,0,0.056899052,Low
23506,1,0.51661545,Very High
23507,1,0.2209692,Moderate
23508,0,0.043641914,Low
23509,0,0.33100286,High
23510,0,0.4836854,High
23511,0,0.09122156,Low
23512,0,0.055670317,Low
23513,0,0.11580563,Moderate
23514,0,0.09989546,Low
23515,0,0.6131377,Very High
23516,0,0.054441538,Low
23517,1,0.13817544,Moderate
23518,0,0.043201532,Low
23519,0,0.15697233,Moderate
23520,0,0.31518477,High
23521,0,0.26721254,High
23522,0,0.15438326,Moderate
23523,0,0.08776228,Low
23524,0,0.1693181,Moderate
23525,0,0.107590295,Moderate
23526,1,0.5292506,Very High
23527,1,0.48418245,High
23528,0,0.031442095,Low
23529,0,0.16719988,Moderate
23530,1,0.7659609,Very High
23531,0,0.032152038,Low
23532,0,0.09937479,Low
23533,1,0.44820037,High
23534,0,0.046991207,Low
23535,0,0.09542902,Low
23536,0,0.16557564,Moderate
23537,0,0.08157533,Low
23538,0,0.18521444,Moderate
23539,0,0.0732743,Low
23540,0,0.08355829,Low
23541,0,0.38121504,High
23542,0,0.102651276,Moderate
23543,0,0.05319888,Low
23544,0,0.08664084,Low
23545,0,0.119197786,Moderate
23546,0,0.14649771,Moderate
23547,0,0.056189254,Low
23548,0,0.08630192,Low
23549,0,0.04274499,Low
23550,0,0.16508599,Moderate
23551,1,0.10456781,Moderate
23552,0,0.19511423,Moderate
23553,0,0.09696982,Low
23554,0,0.09204916,Low
23555,1,0.1067867,Moderate
23556,0,0.11266807,Moderate
23557,0,0.06691549,Low
23558,0,0.06950875,Low
23559,0,0.0409078,Low
23560,0,0.038661372,Low
23561,0,0.14143722,Moderate
23562,0,0.087100275,Low
23563,1,0.15309034,Moderate
23564,0,0.0366774,Low
23565,1,0.7299214,Very High
23566,0,0.09744233,Low
23567,0,0.025432639,Low
23568,0,0.17061011,Moderate
23569,0,0.058970436,Low
23570,0,0.1198416,Moderate
23571,0,0.024530236,Low
23572,0,0.18381447,Moderate
23573,0,0.07033886,Low
23574,0,0.11044114,Moderate
23575,0,0.07604721,Low
23576,0,0.30706686,High
23577,0,0.11548528,Moderate
23578,0,0.08084748,Low
23579,0,0.17388177,Moderate
23580,0,0.14583232,Moderate
23581,0,0.027802194,Low
23582,1,0.5972611,Very High
23583,0,0.18490052,Moderate
23584,0,0.11760518,Moderate
23585,1,0.14891994,Moderate
23586,0,0.034247164,Low
23587,1,0.14714265,Moderate
23588,0,0.11073669,Moderate
23589,0,0.031274207,Low
23590,0,0.084026136,Low
23591,0,0.18945771,Moderate
23592,0,0.18113716,Moderate
23593,0,0.48601183,High
23594,0,0.08512132,Low
23595,0,0.08626875,Low
23596,0,0.12747687,Moderate
23597,0,0.23716635,Moderate
23598,0,0.06417883,Low
23599,0,0.14595546,Moderate
23600,0,0.06389685,Low
23601,0,0.1144262,Moderate
23602,0,0.07561803,Low
23603,1,0.7123816,Very High
23604,0,0.29306352,High
23605,0,0.064030774,Low
23606,0,0.18208395,Moderate
23607,0,0.14726928,Moderate
23608,1,0.66277504,Very High
23609,0,0.27743915,High
23610,0,0.07468081,Low
23611,0,0.14930563,Moderate
23612,0,0.19207107,Moderate
23613,0,0.050365392,Low
23614,0,0.18944222,Moderate
23615,0,0.16302265,Moderate
23616,1,0.7788758,Very High
23617,0,0.027422914,Low
23618,1,0.5314421,Very High
23619,1,0.5526455,Very High
23620,1,0.27328792,High
23621,0,0.029341755,Low
23622,1,0.100882925,Moderate
23623,0,0.38027278,High
23624,1,0.54695064,Very High
23625,0,0.017736508,Low
23626,0,0.05338152,Low
23627,0,0.075139694,Low
23628,0,0.068437025,Low
23629,0,0.042854898,Low
23630,0,0.08818028,Low
23631,1,0.803047,Very High
23632,0,0.12340427,Moderate
23633,0,0.14211562,Moderate
23634,0,0.047908545,Low
23635,0,0.07019393,Low
23636,1,0.46165726,High
23637,0,0.03232047,Low
23638,0,0.07404531,Low
23639,0,0.09498934,Low
23640,0,0.3267021,High
23641,0,0.19593851,Moderate
23642,1,0.26923388,High
23643,0,0.09129743,Low
23644,0,0.076767795,Low
23645,0,0.0891952,Low
23646,1,0.73400795,Very High
23647,0,0.09765629,Low
23648,0,0.04005089,Low
23649,1,0.34181434,High
23650,0,0.5710426,Very High
23651,0,0.15216415,Moderate
23652,0,0.11245872,Moderate
23653,1,0.5493728,Very High
23654,0,0.07768864,Low
23655,1,0.12738124,Moderate
23656,1,0.40307498,High
23657,0,0.23595959,Moderate
23658,0,0.07075332,Low
23659,0,0.22096111,Moderate
23660,0,0.06270571,Low
23661,0,0.06932732,Low
23662,0,0.13451292,Moderate
23663,1,0.79337865,Very High
23664,1,0.108780295,Moderate
23665,1,0.7824214,Very High
23666,0,0.3627495,High
23667,0,0.23740186,Moderate
23668,0,0.13871527,Moderate
23669,0,0.10600505,Moderate
23670,0,0.073907584,Low
23671,0,0.25379136,High
23672,0,0.0807478,Low
23673,0,0.34560502,High
23674,0,0.046998963,Low
23675,1,0.24696535,Moderate
23676,0,0.15854605,Moderate
23677,0,0.054329593,Low
23678,0,0.12511355,Moderate
23679,0,0.15195219,Moderate
23680,0,0.35947222,High
23681,0,0.04728277,Low
23682,0,0.019945353,Low
23683,0,0.11533622,Moderate
23684,0,0.066241115,Low
23685,0,0.14393814,Moderate
23686,0,0.10600576,Moderate
23687,0,0.02434837,Low
23688,1,0.82751906,Very High
23689,1,0.29965132,High
23690,0,0.31788057,High
23691,0,0.14522801,Moderate
23692,1,0.876575,Very High
23693,0,0.13813351,Moderate
23694,0,0.08841505,Low
23695,0,0.36445504,High
23696,0,0.122238465,Moderate
23697,1,0.46016383,High
23698,0,0.09673491,Low
23699,0,0.3767887,High
23700,0,0.25132453,High
23701,0,0.075900845,Low
23702,0,0.14450525,Moderate
23703,0,0.052016363,Low
23704,0,0.07977501,Low
23705,1,0.77639693,Very High
23706,0,0.15762858,Moderate
23707,0,0.10016098,Moderate
23708,0,0.12650819,Moderate
23709,0,0.11503924,Moderate
23710,0,0.12572537,Moderate
23711,1,0.8415705,Very High
23712,0,0.12183061,Moderate
23713,0,0.22122097,Moderate
23714,0,0.1746991,Moderate
23715,0,0.1076797,Moderate
23716,1,0.8096334,Very High
23717,0,0.13579948,Moderate
23718,1,0.14092174,Moderate
23719,0,0.043929912,Low
23720,0,0.08808314,Low
23721,0,0.081880026,Low
23722,0,0.08361792,Low
23723,0,0.11090094,Moderate
23724,1,0.12293923,Moderate
23725,0,0.17431572,Moderate
23726,0,0.058557,Low
23727,0,0.16287224,Moderate
23728,0,0.299597,High
23729,0,0.08372317,Low
23730,0,0.14170675,Moderate
23731,0,0.14531718,Moderate
23732,1,0.21410789,Moderate
23733,1,0.6674265,Very High
23734,0,0.14830762,Moderate
23735,0,0.042307664,Low
23736,0,0.08479188,Low
23737,1,0.20213482,Moderate
23738,0,0.09289858,Low
23739,0,0.13037461,Moderate
23740,1,0.1334107,Moderate
23741,0,0.08582034,Low
23742,1,0.38791344,High
23743,0,0.7106147,Very High
23744,0,0.080983,Low
23745,0,0.068453856,Low
23746,0,0.3968521,High
23747,0,0.15380582,Moderate
23748,1,0.75776976,Very High
23749,0,0.3018874,High
23750,0,0.068284824,Low
23751,0,0.10061137,Moderate
23752,1,0.5194902,Very High
23753,1,0.2884862,High
23754,0,0.2285168,Moderate
23755,0,0.12276668,Moderate
23756,0,0.15269086,Moderate
23757,0,0.032890335,Low
23758,1,0.15090246,Moderate
23759,0,0.05230512,Low
23760,1,0.36148757,High
23761,0,0.046135057,Low
23762,0,0.061174788,Low
23763,0,0.15095918,Moderate
23764,0,0.14720276,Moderate
23765,0,0.12721945,Moderate
23766,0,0.038973704,Low
23767,0,0.20467287,Moderate
23768,0,0.34949255,High
23769,0,0.3215024,High
23770,0,0.13232166,Moderate
23771,0,0.0303444,Low
23772,0,0.05780787,Low
23773,0,0.07513502,Low
23774,0,0.17222406,Moderate
23775,0,0.14209937,Moderate
23776,0,0.17602494,Moderate
23777,0,0.08584445,Low
23778,1,0.82289666,Very High
23779,1,0.46189663,High
23780,0,0.089753844,Low
23781,0,0.07660282,Low
23782,1,0.68047374,Very High
23783,0,0.47480264,High
23784,0,0.15639351,Moderate
23785,0,0.060903322,Low
23786,0,0.30595902,High
23787,1,0.45200026,High
23788,0,0.2766794,High
23789,0,0.3062603,High
23790,0,0.4707154,High
23791,0,0.18018694,Moderate
23792,1,0.60433686,Very High
23793,0,0.099444844,Low
23794,0,0.37566084,High
23795,0,0.05806987,Low
23796,0,0.0919791,Low
23797,0,0.177466,Moderate
23798,0,0.22390696,Moderate
23799,1,0.3297245,High
23800,0,0.025488032,Low
23801,0,0.08212731,Low
23802,0,0.08668581,Low
23803,1,0.5765112,Very High
23804,0,0.06880626,Low
23805,0,0.11710095,Moderate
23806,0,0.07708088,Low
23807,0,0.063065894,Low
23808,0,0.08724983,Low
23809,0,0.15450835,Moderate
23810,0,0.111890204,Moderate
23811,0,0.08420284,Low
23812,1,0.6837701,Very High
23813,0,0.05004963,Low
23814,0,0.11729622,Moderate
23815,0,0.060132343,Low
23816,0,0.041889668,Low
23817,0,0.20629497,Moderate
23818,1,0.12151674,Moderate
23819,1,0.42543077,High
23820,0,0.24966271,Moderate
23821,0,0.13913082,Moderate
23822,1,0.6882153,Very High
23823,1,0.5366948,Very High
23824,0,0.1366014,Moderate
23825,0,0.17869318,Moderate
23826,0,0.4302154,High
23827,0,0.093790025,Low
23828,1,0.6786613,Very High
23829,0,0.09623667,Low
23830,0,0.16199604,Moderate
23831,0,0.06571606,Low
23832,0,0.023698445,Low
23833,0,0.10811318,Moderate
23834,0,0.488295,High
23835,0,0.25232425,High
23836,0,0.2841138,High
23837,0,0.24958703,Moderate
23838,0,0.06425408,Low
23839,1,0.22460946,Moderate
23840,0,0.06496366,Low
23841,0,0.13564365,Moderate
23842,0,0.09047043,Low
23843,1,0.14046377,Moderate
23844,0,0.092992455,Low
23845,0,0.5156402,Very High
23846,0,0.19320345,Moderate
23847,0,0.15585253,Moderate
23848,0,0.1613655,Moderate
23849,0,0.1320348,Moderate
23850,0,0.60232157,Very High
23851,0,0.29707915,High
23852,0,0.2910813,High
23853,1,0.86857486,Very High
23854,0,0.09089063,Low
23855,0,0.117488794,Moderate
23856,0,0.08171584,Low
23857,1,0.69813544,Very High
23858,0,0.41059193,High
23859,0,0.10236334,Moderate
23860,0,0.06902137,Low
23861,0,0.07411472,Low
23862,0,0.0963659,Low
23863,0,0.21175893,Moderate
23864,1,0.78397304,Very High
23865,0,0.5138842,Very High
23866,1,0.6985455,Very High
23867,0,0.1932293,Moderate
23868,0,0.10223219,Moderate
23869,0,0.22129585,Moderate
23870,0,0.26258707,High
23871,0,0.10453268,Moderate
23872,0,0.3655032,High
23873,0,0.06080689,Low
23874,0,0.10215471,Moderate
23875,1,0.69428587,Very High
23876,0,0.07442676,Low
23877,0,0.19852541,Moderate
23878,0,0.25250566,High
23879,0,0.14896354,Moderate
23880,0,0.05470758,Low
23881,0,0.36033446,High
23882,0,0.12940213,Moderate
23883,0,0.06519883,Low
23884,0,0.25360084,High
23885,1,0.31014174,High
23886,1,0.44741505,High
23887,0,0.022515265,Low
23888,0,0.30893677,High
23889,0,0.1281665,Moderate
23890,0,0.26465005,High
23891,0,0.15343222,Moderate
23892,0,0.22292474,Moderate
23893,0,0.06971619,Low
23894,0,0.12870461,Moderate
23895,0,0.0852822,Low
23896,1,0.41836116,High
23897,0,0.08732564,Low
23898,0,0.16565005,Moderate
23899,1,0.6394766,Very High
23900,1,0.7609367,Very High
23901,0,0.25072858,High
23902,0,0.089516066,Low
23903,0,0.15118553,Moderate
23904,0,0.2551724,High
23905,1,0.54453284,Very High
23906,0,0.17255077,Moderate
23907,0,0.12674291,Moderate
23908,1,0.15662204,Moderate
23909,0,0.11170538,Moderate
23910,0,0.550299,Very High
23911,1,0.12208664,Moderate
23912,0,0.07206457,Low
23913,0,0.2375115,Moderate
23914,0,0.24443397,Moderate
23915,0,0.1810716,Moderate
23916,0,0.127156,Moderate
23917,0,0.066276215,Low
23918,0,0.12587756,Moderate
23919,1,0.50551087,Very High
23920,0,0.72056407,Very High
23921,1,0.17774697,Moderate
23922,0,0.22261234,Moderate
23923,0,0.09900108,Low
23924,0,0.30338523,High
23925,0,0.1689931,Moderate
23926,0,0.18169218,Moderate
23927,0,0.41422853,High
23928,0,0.08762954,Low
23929,0,0.18544753,Moderate
23930,0,0.15674254,Moderate
23931,0,0.06417053,Low
23932,0,0.39619088,High
23933,0,0.15941925,Moderate
23934,0,0.106504954,Moderate
23935,1,0.6646773,Very High
23936,0,0.08892398,Low
23937,0,0.6240334,Very High
23938,0,0.05181083,Low
23939,1,0.78014565,Very High
23940,1,0.35309985,High
23941,0,0.10491007,Moderate
23942,0,0.17569065,Moderate
23943,0,0.16953474,Moderate
23944,0,0.4490824,High
23945,0,0.16703732,Moderate
23946,0,0.078338355,Low
23947,0,0.093708694,Low
23948,0,0.10427882,Moderate
23949,0,0.113993086,Moderate
23950,1,0.70411426,Very High
23951,0,0.36045206,High
23952,0,0.16097763,Moderate
23953,1,0.39037406,High
23954,1,0.18350975,Moderate
23955,0,0.23879047,Moderate
23956,0,0.28334454,High
23957,0,0.16110086,Moderate
23958,0,0.20572728,Moderate
23959,0,0.38339418,High
23960,0,0.2730787,High
23961,0,0.23524202,Moderate
23962,1,0.14749847,Moderate
23963,0,0.055760004,Low
23964,1,0.22667998,Moderate
23965,0,0.41904682,High
23966,0,0.19116649,Moderate
23967,1,0.22766,Moderate
23968,0,0.025464563,Low
23969,1,0.4672656,High
23970,0,0.061879408,Low
23971,0,0.29507214,High
23972,0,0.15010169,Moderate
23973,0,0.21375953,Moderate
23974,0,0.10865212,Moderate
23975,0,0.112147145,Moderate
23976,0,0.11812126,Moderate
23977,0,0.08608567,Low
23978,0,0.0698345,Low
23979,0,0.332096,High
23980,1,0.7456687,Very High
23981,0,0.0916934,Low
23982,0,0.34309247,High
23983,0,0.19362888,Moderate
23984,0,0.12475528,Moderate
23985,0,0.04566634,Low
23986,1,0.13844061,Moderate
23987,0,0.27742878,High
23988,0,0.033368863,Low
23989,0,0.31664053,High
23990,0,0.07954376,Low
23991,0,0.14829266,Moderate
23992,0,0.30298397,High
23993,0,0.17787026,Moderate
23994,0,0.29330108,High
23995,0,0.14745435,Moderate
23996,0,0.49739733,High
23997,0,0.20615797,Moderate
23998,0,0.12148895,Moderate
23999,0,0.15599895,Moderate
24000,1,0.15716052,Moderate
24001,0,0.6358769,Very High
24002,1,0.16390242,Moderate
24003,0,0.032259453,Low
24004,0,0.19735833,Moderate
24005,0,0.119767234,Moderate
24006,0,0.07538382,Low
24007,0,0.089877725,Low
24008,0,0.049175907,Low
24009,0,0.082968295,Low
24010,0,0.32658195,High
24011,0,0.13918231,Moderate
24012,1,0.6731775,Very High
24013,1,0.65446144,Very High
24014,1,0.7211731,Very High
24015,0,0.14596625,Moderate
24016,0,0.25394365,High
24017,0,0.11541406,Moderate
24018,0,0.08567943,Low
24019,0,0.05825246,Low
24020,0,0.09324452,Low
24021,1,0.54668343,Very High
24022,0,0.37467852,High
24023,0,0.67382014,Very High
24024,0,0.0365675,Low
24025,1,0.75446904,Very High
24026,1,0.85693765,Very High
24027,0,0.19698308,Moderate
24028,0,0.18921493,Moderate
24029,0,0.23200668,Moderate
24030,1,0.110729605,Moderate
24031,0,0.09808981,Low
24032,0,0.13145544,Moderate
24033,1,0.4501383,High
24034,0,0.09586431,Low
24035,1,0.6053418,Very High
24036,0,0.27423558,High
24037,0,0.057252727,Low
24038,0,0.06479497,Low
24039,1,0.70872545,Very High
24040,1,0.76394296,Very High
24041,0,0.10849565,Moderate
24042,1,0.69306844,Very High
24043,0,0.27716902,High
24044,0,0.09614683,Low
24045,0,0.20865437,Moderate
24046,0,0.15090351,Moderate
24047,0,0.09746858,Low
24048,0,0.103034474,Moderate
24049,0,0.12374003,Moderate
24050,0,0.18018459,Moderate
24051,0,0.019244472,Low
24052,0,0.1426059,Moderate
24053,0,0.26000684,High
24054,0,0.044042908,Low
24055,0,0.14971727,Moderate
24056,0,0.339801,High
24057,1,0.7692406,Very High
24058,0,0.054640494,Low
24059,0,0.060168702,Low
24060,0,0.127712,Moderate
24061,0,0.1369706,Moderate
24062,0,0.06767949,Low
24063,0,0.44101268,High
24064,0,0.07652324,Low
24065,0,0.11487578,Moderate
24066,0,0.2022759,Moderate
24067,0,0.105128884,Moderate
24068,0,0.03852884,Low
24069,0,0.14944798,Moderate
24070,0,0.1973579,Moderate
24071,0,0.1362311,Moderate
24072,0,0.104755566,Moderate
24073,0,0.10555399,Moderate
24074,0,0.08980355,Low
24075,0,0.26894993,High
24076,0,0.8435321,Very High
24077,0,0.11370104,Moderate
24078,0,0.03377171,Low
24079,0,0.07584396,Low
24080,0,0.19812454,Moderate
24081,0,0.09635016,Low
24082,0,0.08190182,Low
24083,0,0.4156567,High
24084,0,0.10347934,Moderate
24085,0,0.036529664,Low
24086,0,0.027788967,Low
24087,0,0.11179242,Moderate
24088,0,0.2288907,Moderate
24089,0,0.10971252,Moderate
24090,0,0.074532025,Low
24091,0,0.053132933,Low
24092,0,0.12861256,Moderate
24093,0,0.80957395,Very High
24094,1,0.75898165,Very High
24095,0,0.035641138,Low
24096,0,0.10826657,Moderate
24097,0,0.20422657,Moderate
24098,0,0.118875414,Moderate
24099,0,0.026809232,Low
24100,0,0.08720765,Low
24101,1,0.34711847,High
24102,0,0.03778116,Low
24103,1,0.48363218,High
24104,0,0.07035922,Low
24105,0,0.08278363,Low
24106,0,0.20928311,Moderate
24107,0,0.3102248,High
24108,0,0.104272835,Moderate
24109,0,0.5707944,Very High
24110,1,0.4130654,High
24111,0,0.23229435,Moderate
24112,0,0.047863703,Low
24113,0,0.3655032,High
24114,0,0.22179866,Moderate
24115,0,0.07909023,Low
24116,0,0.29731038,High
24117,0,0.068818115,Low
24118,0,0.031962685,Low
24119,0,0.045017663,Low
24120,0,0.03954777,Low
24121,0,0.11637513,Moderate
24122,0,0.072436884,Low
24123,0,0.33816206,High
24124,0,0.28126195,High
24125,0,0.12966356,Moderate
24126,0,0.083120055,Low
24127,1,0.7124058,Very High
24128,0,0.25242957,High
24129,0,0.113376945,Moderate
24130,0,0.086326264,Low
24131,0,0.6639365,Very High
24132,0,0.12596162,Moderate
24133,1,0.53576064,Very High
24134,0,0.101703204,Moderate
24135,0,0.077660374,Low
24136,1,0.07620039,Low
24137,0,0.048202053,Low
24138,0,0.051569648,Low
24139,0,0.10373655,Moderate
24140,1,0.20787482,Moderate
24141,0,0.2871171,High
24142,0,0.066008784,Low
24143,0,0.122255385,Moderate
24144,0,0.19478045,Moderate
24145,0,0.14750436,Moderate
24146,0,0.05370818,Low
24147,0,0.092200056,Low
24148,1,0.22395268,Moderate
24149,0,0.14157817,Moderate
24150,0,0.08645725,Low
24151,0,0.10634658,Moderate
24152,0,0.18512955,Moderate
24153,0,0.039805025,Low
24154,0,0.14893807,Moderate
24155,1,0.7289547,Very High
24156,1,0.87969637,Very High
24157,0,0.1340433,Moderate
24158,0,0.36346164,High
24159,0,0.06708826,Low
24160,0,0.57619977,Very High
24161,0,0.058406226,Low
24162,0,0.09058856,Low
24163,0,0.10118295,Moderate
24164,0,0.062003125,Low
24165,1,0.67698526,Very High
24166,1,0.8012594,Very High
24167,0,0.1109252,Moderate
24168,1,0.9119889,Very High
24169,0,0.7885448,Very High
24170,0,0.11263031,Moderate
24171,1,0.34874955,High
24172,0,0.059472132,Low
24173,0,0.48637196,High
24174,0,0.1087959,Moderate
24175,0,0.09568602,Low
24176,0,0.17182195,Moderate
24177,0,0.25143138,High
24178,0,0.089247614,Low
24179,0,0.40080315,High
24180,0,0.01922224,Low
24181,0,0.16342442,Moderate
24182,0,0.077754304,Low
24183,0,0.023764502,Low
24184,0,0.055433325,Low
24185,0,0.055346094,Low
24186,1,0.1551851,Moderate
24187,0,0.27173117,High
24188,0,0.21578056,Moderate
24189,1,0.17974344,Moderate
24190,0,0.049472764,Low
24191,0,0.05031245,Low
24192,1,0.28196687,High
24193,1,0.51586497,Very High
24194,1,0.264797,High
24195,0,0.2200758,Moderate
24196,0,0.13236175,Moderate
24197,0,0.1317049,Moderate
24198,1,0.75139636,Very High
24199,0,0.42366365,High
24200,1,0.49064824,High
24201,0,0.064584546,Low
24202,0,0.08431858,Low
24203,0,0.07572252,Low
24204,0,0.07902371,Low
24205,1,0.124759644,Moderate
24206,0,0.15509829,Moderate
24207,0,0.093070164,Low
24208,0,0.055624224,Low
24209,0,0.27886236,High
24210,0,0.1277197,Moderate
24211,0,0.030805519,Low
24212,0,0.04069666,Low
24213,0,0.067896,Low
24214,0,0.11311424,Moderate
24215,0,0.23096415,Moderate
24216,0,0.059920825,Low
24217,1,0.16606756,Moderate
24218,0,0.2895505,High
24219,1,0.60027236,Very High
24220,0,0.3049418,High
24221,0,0.025552467,Low
24222,0,0.07998886,Low
24223,0,0.05079224,Low
24224,0,0.029375467,Low
24225,0,0.046698716,Low
24226,0,0.13452363,Moderate
24227,1,0.4225658,High
24228,0,0.078735925,Low
24229,1,0.4863965,High
24230,1,0.7897933,Very High
24231,0,0.16159405,Moderate
24232,0,0.08974582,Low
24233,1,0.31449413,High
24234,0,0.07780261,Low
24235,0,0.09654599,Low
24236,0,0.20211631,Moderate
24237,1,0.7449655,Very High
24238,0,0.15317395,Moderate
24239,0,0.12769859,Moderate
24240,0,0.19196616,Moderate
24241,0,0.034592785,Low
24242,0,0.07724361,Low
24243,0,0.08488667,Low
24244,0,0.022540523,Low
24245,0,0.051319186,Low
24246,0,0.11567063,Moderate
24247,0,0.13592003,Moderate
24248,0,0.09217487,Low
24249,1,0.3575526,High
24250,0,0.039402578,Low
24251,0,0.45273855,High
24252,0,0.05414463,Low
24253,1,0.7627132,Very High
24254,0,0.05860927,Low
24255,1,0.27867788,High
24256,1,0.065786764,Low
24257,0,0.5717718,Very High
24258,1,0.6109318,Very High
24259,0,0.26031977,High
24260,0,0.09788995,Low
24261,0,0.068101175,Low
24262,1,0.064283535,Low
24263,0,0.081636705,Low
24264,1,0.19625892,Moderate
24265,0,0.14047658,Moderate
24266,0,0.027417459,Low
24267,0,0.11311525,Moderate
24268,1,0.30282453,High
24269,0,0.120004855,Moderate
24270,1,0.16822098,Moderate
24271,0,0.13768627,Moderate
24272,1,0.681635,Very High
24273,0,0.095466696,Low
24274,0,0.051502235,Low
24275,0,0.02832593,Low
24276,0,0.06193303,Low
24277,0,0.081212044,Low
24278,0,0.1946265,Moderate
24279,1,0.07242729,Low
24280,0,0.13138115,Moderate
24281,0,0.115521744,Moderate
24282,0,0.086883344,Low
24283,0,0.0795458,Low
24284,0,0.10543343,Moderate
24285,0,0.088595025,Low
24286,0,0.2373015,Moderate
24287,0,0.5875829,Very High
24288,0,0.07639634,Low
24289,0,0.037938755,Low
24290,0,0.114715956,Moderate
24291,0,0.04719787,Low
24292,0,0.16782166,Moderate
24293,0,0.06595547,Low
24294,0,0.15694359,Moderate
24295,0,0.34409082,High
24296,0,0.14310962,Moderate
24297,0,0.115255654,Moderate
24298,1,0.71610016,Very High
24299,0,0.30270174,High
24300,0,0.27406406,High
24301,0,0.10368108,Moderate
24302,0,0.07109448,Low
24303,1,0.7561314,Very High
24304,1,0.48190844,High
24305,0,0.12485383,Moderate
24306,0,0.052400466,Low
24307,0,0.08100986,Low
24308,0,0.27064413,High
24309,0,0.07394527,Low
24310,0,0.08714815,Low
24311,1,0.17840014,Moderate
24312,0,0.0315207,Low
24313,0,0.06893582,Low
24314,0,0.10755491,Moderate
24315,0,0.056226324,Low
24316,1,0.5246949,Very High
24317,0,0.2923205,High
24318,0,0.40607992,High
24319,0,0.2351033,Moderate
24320,1,0.4570246,High
24321,0,0.045291882,Low
24322,0,0.0756014,Low
24323,0,0.21658166,Moderate
24324,0,0.29259834,High
24325,1,0.5919841,Very High
24326,0,0.12900017,Moderate
24327,0,0.19190396,Moderate
24328,1,0.84964025,Very High
24329,0,0.0639022,Low
24330,1,0.58069867,Very High
24331,1,0.6238663,Very High
24332,0,0.076683804,Low
24333,1,0.70118445,Very High
24334,0,0.3136361,High
24335,1,0.14768587,Moderate
24336,0,0.18383084,Moderate
24337,0,0.09127825,Low
24338,0,0.29571047,High
24339,0,0.22618763,Moderate
24340,0,0.08403355,Low
24341,0,0.16706093,Moderate
24342,1,0.7676843,Very High
24343,1,0.47380042,High
24344,0,0.0837715,Low
24345,0,0.0416492,Low
24346,1,0.9321031,Very High
24347,0,0.045007527,Low
24348,0,0.09788224,Low
24349,0,0.037729096,Low
24350,0,0.19970292,Moderate
24351,1,0.61531943,Very High
24352,1,0.113660194,Moderate
24353,0,0.09805187,Low
24354,0,0.10337392,Moderate
24355,0,0.3313331,High
24356,0,0.23835747,Moderate
24357,0,0.104419455,Moderate
24358,0,0.036242817,Low
24359,0,0.022326045,Low
24360,1,0.70031273,Very High
24361,0,0.1414685,Moderate
24362,0,0.43700254,High
24363,0,0.2758319,High
24364,0,0.3909463,High
24365,0,0.16273226,Moderate
24366,0,0.14150673,Moderate
24367,0,0.45479238,High
24368,0,0.088843465,Low
24369,0,0.39907578,High
24370,0,0.13116913,Moderate
24371,1,0.30107152,High
24372,0,0.059335917,Low
24373,0,0.47580934,High
24374,0,0.08319134,Low
24375,0,0.14475521,Moderate
24376,0,0.10426237,Moderate
24377,0,0.24998063,Moderate
24378,0,0.0739721,Low
24379,0,0.37360287,High
24380,0,0.08341755,Low
24381,0,0.06465842,Low
24382,0,0.6895606,Very High
24383,1,0.5241065,Very High
24384,0,0.15479831,Moderate
24385,0,0.03418386,Low
24386,0,0.084603325,Low
24387,0,0.21682663,Moderate
24388,0,0.053548604,Low
24389,0,0.073917024,Low
24390,0,0.14231241,Moderate
24391,1,0.113122314,Moderate
24392,0,0.114292555,Moderate
24393,1,0.2466572,Moderate
24394,0,0.12563036,Moderate
24395,1,0.5183301,Very High
24396,0,0.46861207,High
24397,1,0.34566876,High
24398,1,0.85548705,Very High
24399,0,0.21988997,Moderate
24400,0,0.077037305,Low
24401,1,0.7996106,Very High
24402,0,0.10648975,Moderate
24403,0,0.02410953,Low
24404,0,0.15496372,Moderate
24405,0,0.09846699,Low
24406,1,0.56816447,Very High
24407,0,0.12273613,Moderate
24408,1,0.10587611,Moderate
24409,0,0.039359175,Low
24410,1,0.16012184,Moderate
24411,0,0.2946276,High
24412,0,0.2252747,Moderate
24413,1,0.50182366,Very High
24414,0,0.1669773,Moderate
24415,0,0.0727813,Low
24416,0,0.15268058,Moderate
24417,0,0.035962313,Low
24418,0,0.053836334,Low
24419,0,0.29680955,High
24420,0,0.054717593,Low
24421,0,0.20844021,Moderate
24422,0,0.120876715,Moderate
24423,0,0.6911764,Very High
24424,0,0.62038076,Very High
24425,0,0.34234282,High
24426,0,0.11648556,Moderate
24427,0,0.18450695,Moderate
24428,0,0.097158045,Low
24429,0,0.29070207,High
24430,1,0.15429097,Moderate
24431,0,0.27159882,High
24432,1,0.20463598,Moderate
24433,0,0.08848095,Low
24434,0,0.122938976,Moderate
24435,1,0.13823049,Moderate
24436,1,0.40726644,High
24437,0,0.14095321,Moderate
24438,0,0.079566576,Low
24439,0,0.10191414,Moderate
24440,0,0.020645656,Low
24441,0,0.54388803,Very High
24442,0,0.2047314,Moderate
24443,0,0.07442556,Low
24444,0,0.070852496,Low
24445,0,0.090733975,Low
24446,1,0.22722687,Moderate
24447,0,0.028070543,Low
24448,0,0.03440306,Low
24449,1,0.72592986,Very High
24450,0,0.4544955,High
24451,1,0.18972985,Moderate
24452,1,0.2079836,Moderate
24453,0,0.050881557,Low
24454,0,0.04245667,Low
24455,0,0.114509664,Moderate
24456,1,0.3778975,High
24457,0,0.19811167,Moderate
24458,0,0.2781461,High
24459,1,0.76493984,Very High
24460,0,0.2661896,High
24461,0,0.05550089,Low
24462,0,0.105007045,Moderate
24463,0,0.049469043,Low
24464,0,0.07877002,Low
24465,0,0.05961472,Low
24466,1,0.14729948,Moderate
24467,1,0.110883966,Moderate
24468,0,0.059694897,Low
24469,0,0.17033906,Moderate
24470,1,0.085415326,Low
24471,0,0.043972522,Low
24472,1,0.7319778,Very High
24473,0,0.026436593,Low
24474,0,0.11430687,Moderate
24475,0,0.15118955,Moderate
24476,0,0.23242006,Moderate
24477,0,0.0675209,Low
24478,0,0.05756161,Low
24479,1,0.8126194,Very High
24480,0,0.16426904,Moderate
24481,0,0.13394092,Moderate
24482,1,0.5219763,Very High
24483,0,0.18466349,Moderate
24484,1,0.39377597,High
24485,0,0.20042673,Moderate
24486,0,0.096404724,Low
24487,0,0.02745099,Low
24488,1,0.4270825,High
24489,0,0.12997098,Moderate
24490,0,0.03377184,Low
24491,0,0.09570145,Low
24492,0,0.025838966,Low
24493,0,0.05224048,Low
24494,0,0.22610983,Moderate
24495,0,0.22903478,Moderate
24496,0,0.062392168,Low
24497,0,0.04945317,Low
24498,1,0.5786312,Very High
24499,0,0.13398142,Moderate
24500,0,0.490794,High
24501,0,0.39094198,High
24502,0,0.24125741,Moderate
24503,0,0.5384752,Very High
24504,0,0.073602416,Low
24505,1,0.39360717,High
24506,0,0.18017423,Moderate
24507,0,0.47294104,High
24508,0,0.024168022,Low
24509,0,0.18418653,Moderate
24510,0,0.086538635,Low
24511,0,0.14851509,Moderate
24512,0,0.264343,High
24513,0,0.086599685,Low
24514,0,0.032137953,Low
24515,0,0.13552982,Moderate
24516,0,0.17932461,Moderate
24517,0,0.18207903,Moderate
24518,0,0.07758422,Low
24519,0,0.5103141,Very High
24520,0,0.029468428,Low
24521,0,0.11772078,Moderate
24522,0,0.05998577,Low
24523,0,0.1304112,Moderate
24524,0,0.100804,Moderate
24525,1,0.14439827,Moderate
24526,1,0.1601999,Moderate
24527,0,0.07974272,Low
24528,1,0.79157734,Very High
24529,0,0.05389288,Low
24530,1,0.2762678,High
24531,0,0.13415602,Moderate
24532,1,0.21756661,Moderate
24533,0,0.2187455,Moderate
24534,0,0.042748004,Low
24535,1,0.4291786,High
24536,0,0.24007359,Moderate
24537,0,0.07376019,Low
24538,0,0.24007666,Moderate
24539,0,0.13075289,Moderate
24540,0,0.031055609,Low
24541,0,0.059160978,Low
24542,0,0.07775531,Low
24543,1,0.10169886,Moderate
24544,0,0.115736224,Moderate
24545,1,0.43036667,High
24546,0,0.018849151,Low
24547,0,0.14251271,Moderate
24548,0,0.038210962,Low
24549,0,0.3248151,High
24550,0,0.07563545,Low
24551,0,0.17664663,Moderate
24552,1,0.07144417,Low
24553,0,0.41447428,High
24554,0,0.075630285,Low
24555,0,0.1182344,Moderate
24556,0,0.117448926,Moderate
24557,1,0.1715062,Moderate
24558,0,0.08903594,Low
24559,1,0.83016425,Very High
24560,0,0.11358423,Moderate
24561,0,0.44695663,High
24562,0,0.15402985,Moderate
24563,0,0.04652245,Low
24564,0,0.058098983,Low
24565,0,0.079163544,Low
24566,0,0.28992453,High
24567,0,0.058682244,Low
24568,0,0.11067766,Moderate
24569,0,0.41020894,High
24570,0,0.38859782,High
24571,1,0.8476686,Very High
24572,0,0.13311411,Moderate
24573,0,0.16143003,Moderate
24574,1,0.4284827,High
24575,0,0.11688918,Moderate
24576,0,0.1619698,Moderate
24577,0,0.043422963,Low
24578,0,0.30367592,High
24579,0,0.23415054,Moderate
24580,0,0.06268886,Low
24581,1,0.20797281,Moderate
24582,0,0.09300894,Low
24583,0,0.35023704,High
24584,1,0.39175797,High
24585,0,0.15316351,Moderate
24586,0,0.13089663,Moderate
24587,0,0.19576089,Moderate
24588,0,0.043273307,Low
24589,0,0.17446372,Moderate
24590,0,0.17438252,Moderate
24591,1,0.54968953,Very High
24592,0,0.10203362,Moderate
24593,1,0.24381457,Moderate
24594,0,0.14749192,Moderate
24595,1,0.46674022,High
24596,0,0.037105184,Low
24597,1,0.21634933,Moderate
24598,0,0.06649875,Low
24599,1,0.8339712,Very High
24600,0,0.050097566,Low
24601,1,0.7751143,Very High
24602,1,0.6261201,Very High
24603,0,0.030737204,Low
24604,1,0.27789456,High
24605,0,0.1353755,Moderate
24606,0,0.06292535,Low
24607,0,0.048109945,Low
24608,0,0.52862096,Very High
24609,0,0.2346719,Moderate
24610,0,0.092057265,Low
24611,0,0.06576898,Low
24612,0,0.11238984,Moderate
24613,0,0.14261673,Moderate
24614,0,0.04917041,Low
24615,0,0.039476853,Low
24616,0,0.117192745,Moderate
24617,1,0.18149245,Moderate
24618,1,0.33019403,High
24619,0,0.16398577,Moderate
24620,0,0.20588544,Moderate
24621,0,0.18585329,Moderate
24622,0,0.08177776,Low
24623,0,0.051383857,Low
24624,0,0.0809963,Low
24625,1,0.22116095,Moderate
24626,0,0.09008519,Low
24627,1,0.17275691,Moderate
24628,0,0.63597625,Very High
24629,0,0.1468389,Moderate
24630,1,0.19907923,Moderate
24631,0,0.14141588,Moderate
24632,0,0.17870466,Moderate
24633,0,0.16319156,Moderate
24634,0,0.04885451,Low
24635,0,0.09975892,Low
24636,1,0.14142317,Moderate
24637,1,0.254235,High
24638,0,0.043393876,Low
24639,0,0.13455762,Moderate
24640,0,0.13027795,Moderate
24641,0,0.09455175,Low
24642,0,0.08405812,Low
24643,0,0.032477736,Low
24644,1,0.15230057,Moderate
24645,0,0.4208818,High
24646,0,0.12508507,Moderate
24647,1,0.16450885,Moderate
24648,0,0.1428693,Moderate
24649,0,0.02965627,Low
24650,0,0.12514348,Moderate
24651,0,0.39262775,High
24652,0,0.10144897,Moderate
24653,0,0.11514576,Moderate
24654,0,0.057986345,Low
24655,0,0.07665992,Low
24656,1,0.05740838,Low
24657,0,0.4157084,High
24658,0,0.16364844,Moderate
24659,0,0.06479159,Low
24660,0,0.11422105,Moderate
24661,0,0.12596892,Moderate
24662,0,0.15148488,Moderate
24663,0,0.06494865,Low
24664,1,0.18535468,Moderate
24665,1,0.5731231,Very High
24666,0,0.49288136,High
24667,0,0.44280666,High
24668,0,0.06990726,Low
24669,1,0.16421159,Moderate
24670,0,0.08901941,Low
24671,0,0.12278498,Moderate
24672,0,0.25970632,High
24673,1,0.4048057,High
24674,0,0.05294434,Low
24675,1,0.64417636,Very High
24676,0,0.11746863,Moderate
24677,0,0.74248266,Very High
24678,1,0.4492166,High
24679,0,0.06825067,Low
24680,1,0.57982737,Very High
24681,0,0.10370915,Moderate
24682,0,0.022422278,Low
24683,0,0.028011585,Low
24684,0,0.17969298,Moderate
24685,1,0.6121764,Very High
24686,1,0.09147865,Low
24687,0,0.08462117,Low
24688,1,0.29211095,High
24689,0,0.08223366,Low
24690,0,0.09809276,Low
24691,0,0.12573744,Moderate
24692,0,0.14864808,Moderate
24693,0,0.30659154,High
24694,0,0.043851875,Low
24695,0,0.11507055,Moderate
24696,0,0.17311314,Moderate
24697,0,0.16432858,Moderate
24698,1,0.7437969,Very High
24699,0,0.22698686,Moderate
24700,0,0.015814064,Low
24701,0,0.04091099,Low
24702,0,0.026369447,Low
24703,0,0.04646659,Low
24704,0,0.26726344,High
24705,1,0.39685476,High
24706,0,0.064919405,Low
24707,0,0.14537753,Moderate
24708,0,0.045503363,Low
24709,0,0.7054492,Very High
24710,0,0.2535972,High
24711,1,0.17849389,Moderate
24712,0,0.64500594,Very High
24713,1,0.53372216,Very High
24714,0,0.076513946,Low
24715,0,0.58132577,Very High
24716,0,0.2590143,High
24717,1,0.7886624,Very High
24718,0,0.42329746,High
24719,0,0.1611331,Moderate
24720,0,0.028017685,Low
24721,0,0.0226475,Low
24722,0,0.11484505,Moderate
24723,0,0.35939714,High
24724,1,0.49950102,High
24725,0,0.14620872,Moderate
24726,0,0.14371039,Moderate
24727,1,0.30326456,High
24728,0,0.23668797,Moderate
24729,0,0.1083981,Moderate
24730,0,0.19723497,Moderate
24731,0,0.22056973,Moderate
24732,0,0.025188042,Low
24733,0,0.3334115,High
24734,0,0.19951975,Moderate
24735,0,0.03144107,Low
24736,0,0.057929873,Low
24737,0,0.18441498,Moderate
24738,0,0.19602975,Moderate
24739,0,0.17445315,Moderate
24740,0,0.13784704,Moderate
24741,1,0.26804933,High
24742,0,0.30688876,High
24743,0,0.09724389,Low
24744,0,0.15138066,Moderate
24745,0,0.08117067,Low
24746,0,0.23483966,Moderate
24747,0,0.02792917,Low
24748,1,0.29650873,High
24749,0,0.13960986,Moderate
24750,0,0.2560474,High
24751,1,0.7082954,Very High
24752,0,0.12348301,Moderate
24753,1,0.7198446,Very High
24754,0,0.10937417,Moderate
24755,1,0.24002042,Moderate
24756,0,0.116704635,Moderate
24757,0,0.05604787,Low
24758,0,0.03598411,Low
24759,0,0.7070847,Very High
24760,1,0.40173325,High
24761,1,0.45717934,High
24762,0,0.117359035,Moderate
24763,0,0.031487096,Low
24764,0,0.056334317,Low
24765,0,0.12835263,Moderate
24766,1,0.6858971,Very High
24767,0,0.024230307,Low
24768,1,0.73685014,Very High
24769,1,0.6151717,Very High
24770,0,0.113821894,Moderate
24771,0,0.019987801,Low
24772,0,0.26443833,High
24773,0,0.24689375,Moderate
24774,0,0.14709239,Moderate
24775,1,0.13975754,Moderate
24776,0,0.44071028,High
24777,0,0.061787535,Low
24778,0,0.22359669,Moderate
24779,0,0.03518381,Low
24780,0,0.17176792,Moderate
24781,0,0.034635648,Low
24782,1,0.7140355,Very High
24783,0,0.11940207,Moderate
24784,0,0.023602221,Low
24785,1,0.449025,High
24786,0,0.10161417,Moderate
24787,0,0.15623802,Moderate
24788,0,0.15585712,Moderate
24789,0,0.11319226,Moderate
24790,0,0.19458662,Moderate
24791,0,0.07273549,Low
24792,0,0.18457283,Moderate
24793,0,0.16621554,Moderate
24794,1,0.22117531,Moderate
24795,1,0.20835084,Moderate
24796,0,0.08137187,Low
24797,0,0.26687855,High
24798,0,0.627487,Very High
24799,0,0.40671182,High
24800,0,0.4786189,High
24801,0,0.15557067,Moderate
24802,0,0.71366984,Very High
24803,0,0.078797184,Low
24804,0,0.17819628,Moderate
24805,0,0.086327635,Low
24806,0,0.3126618,High
24807,0,0.19358541,Moderate
24808,0,0.0913476,Low
24809,0,0.19356522,Moderate
24810,1,0.15535302,Moderate
24811,1,0.23769143,Moderate
24812,0,0.14218692,Moderate
24813,0,0.2428077,Moderate
24814,0,0.19639061,Moderate
24815,0,0.18265523,Moderate
24816,0,0.056172542,Low
24817,0,0.13374807,Moderate
24818,1,0.7072714,Very High
24819,0,0.0969142,Low
24820,0,0.120157525,Moderate
24821,0,0.13159506,Moderate
24822,0,0.1341454,Moderate
24823,0,0.086563125,Low
24824,0,0.14528602,Moderate
24825,0,0.06239528,Low
24826,0,0.030662214,Low
24827,0,0.19040142,Moderate
24828,1,0.80363077,Very High
24829,0,0.07036132,Low
24830,0,0.1769788,Moderate
24831,0,0.20388903,Moderate
24832,0,0.057301752,Low
24833,0,0.07939128,Low
24834,0,0.061481424,Low
24835,1,0.5983256,Very High
24836,0,0.19769998,Moderate
24837,0,0.051992223,Low
24838,0,0.11034194,Moderate
24839,0,0.09143024,Low
24840,0,0.1828269,Moderate
24841,0,0.13297985,Moderate
24842,0,0.0644155,Low
24843,0,0.02571572,Low
24844,0,0.021505432,Low
24845,0,0.43203115,High
24846,0,0.1169587,Moderate
24847,1,0.3407333,High
24848,0,0.021271115,Low
24849,0,0.06296541,Low
24850,0,0.027640477,Low
24851,0,0.1459747,Moderate
24852,0,0.3408843,High
24853,0,0.31594968,High
24854,0,0.039168783,Low
24855,0,0.17492834,Moderate
24856,1,0.17081416,Moderate
24857,1,0.07162217,Low
24858,0,0.39438632,High
24859,0,0.17473418,Moderate
24860,0,0.11077086,Moderate
24861,0,0.22891639,Moderate
24862,1,0.0865687,Low
24863,0,0.21435031,Moderate
24864,1,0.18351418,Moderate
24865,0,0.093353696,Low
24866,1,0.47576907,High
24867,0,0.2658826,High
24868,0,0.07535989,Low
24869,0,0.08647757,Low
24870,0,0.1474741,Moderate
24871,1,0.1913327,Moderate
24872,0,0.26946554,High
24873,0,0.1950762,Moderate
24874,1,0.8399033,Very High
24875,0,0.0233499,Low
24876,0,0.10652783,Moderate
24877,1,0.77680445,Very High
24878,0,0.14256701,Moderate
24879,1,0.31539658,High
24880,0,0.084453,Low
24881,0,0.07582147,Low
24882,0,0.086868465,Low
24883,0,0.028560828,Low
24884,0,0.055792086,Low
24885,0,0.3864268,High
24886,0,0.1653038,Moderate
24887,1,0.2161839,Moderate
24888,0,0.19226015,Moderate
24889,0,0.08985584,Low
24890,0,0.54788744,Very High
24891,0,0.33811855,High
24892,0,0.109747395,Moderate
24893,0,0.230724,Moderate
24894,0,0.12797119,Moderate
24895,0,0.08001832,Low
24896,0,0.16680093,Moderate
24897,0,0.056844443,Low
24898,0,0.10625208,Moderate
24899,0,0.108924314,Moderate
24900,1,0.71940863,Very High
24901,1,0.07981701,Low
24902,0,0.12660185,Moderate
24903,0,0.08325847,Low
24904,0,0.025371782,Low
24905,0,0.06536166,Low
24906,0,0.16398522,Moderate
24907,0,0.4523621,High
24908,1,0.10689687,Moderate
24909,0,0.09568069,Low
24910,0,0.043826003,Low
24911,0,0.08711067,Low
24912,0,0.06001192,Low
24913,1,0.3062987,High
24914,1,0.4198853,High
24915,0,0.024166308,Low
24916,1,0.26003596,High
24917,1,0.10669334,Moderate
24918,0,0.15128677,Moderate
24919,0,0.032123175,Low
24920,0,0.29398358,High
24921,0,0.016278546,Low
24922,0,0.2233277,Moderate
24923,0,0.0686748,Low
24924,0,0.032467026,Low
24925,0,0.11575908,Moderate
24926,0,0.20732614,Moderate
24927,1,0.40132162,High
24928,0,0.38117215,High
24929,0,0.09138602,Low
24930,0,0.35688865,High
24931,0,0.15269461,Moderate
24932,0,0.14862841,Moderate
24933,0,0.17891744,Moderate
24934,0,0.70577794,Very High
24935,0,0.17421965,Moderate
24936,0,0.04811925,Low
24937,0,0.10000987,Moderate
24938,1,0.42875567,High
24939,1,0.7864269,Very High
24940,0,0.037361275,Low
24941,0,0.2589296,High
24942,0,0.14135902,Moderate
24943,0,0.18294872,Moderate
24944,1,0.20320396,Moderate
24945,0,0.13902241,Moderate
24946,0,0.13539515,Moderate
24947,0,0.04472015,Low
24948,0,0.26603976,High
24949,0,0.23557709,Moderate
24950,0,0.07503455,Low
24951,0,0.43394476,High
24952,0,0.15657511,Moderate
24953,1,0.22392039,Moderate
24954,1,0.17139834,Moderate
24955,0,0.10022196,Moderate
24956,0,0.19946843,Moderate
24957,0,0.114110164,Moderate
24958,0,0.09706279,Low
24959,0,0.10904801,Moderate
24960,0,0.078719705,Low
24961,0,0.11381283,Moderate
24962,0,0.17177191,Moderate
24963,1,0.62234145,Very High
24964,0,0.024759892,Low
24965,0,0.11110426,Moderate
24966,0,0.12288977,Moderate
24967,1,0.7904418,Very High
24968,0,0.044760462,Low
24969,1,0.79833555,Very High
24970,1,0.7499785,Very High
24971,0,0.2414694,Moderate
24972,0,0.043124165,Low
24973,0,0.14482611,Moderate
24974,0,0.74270964,Very High
24975,0,0.095959485,Low
24976,0,0.13554075,Moderate
24977,0,0.11211346,Moderate
24978,0,0.015845599,Low
24979,0,0.10204608,Moderate
24980,0,0.15288302,Moderate
24981,0,0.08330898,Low
24982,0,0.39627936,High
24983,0,0.14889784,Moderate
24984,0,0.40406528,High
24985,0,0.06061646,Low
24986,0,0.07349963,Low
24987,0,0.10635418,Moderate
24988,0,0.050620712,Low
24989,1,0.5371173,Very High
24990,0,0.030708857,Low
24991,0,0.120243885,Moderate
24992,0,0.07392643,Low
24993,1,0.25571036,High
24994,0,0.07393129,Low
24995,1,0.21491899,Moderate
24996,0,0.04595661,Low
24997,1,0.7579004,Very High
24998,0,0.06688422,Low
24999,0,0.22027281,Moderate
25000,1,0.28148425,High
25001,0,0.17462936,Moderate
25002,1,0.6352852,Very High
25003,0,0.10575506,Moderate
25004,0,0.12222755,Moderate
25005,0,0.20134515,Moderate
25006,0,0.28989553,High
25007,1,0.7912098,Very High
25008,1,0.27668795,High
25009,0,0.38684273,High
25010,0,0.04316988,Low
25011,0,0.25993717,High
25012,0,0.09784374,Low
25013,0,0.09230744,Low
25014,0,0.07927103,Low
25015,1,0.16303453,Moderate
25016,0,0.473231,High
25017,0,0.12418201,Moderate
25018,1,0.42202783,High
25019,0,0.12892626,Moderate
25020,0,0.13884746,Moderate
25021,0,0.31319487,High
25022,0,0.13102353,Moderate
25023,1,0.18165223,Moderate
25024,0,0.15167905,Moderate
25025,1,0.8201288,Very High
25026,0,0.029989598,Low
25027,0,0.35625523,High
25028,0,0.23024383,Moderate
25029,0,0.056796387,Low
25030,0,0.083361395,Low
25031,0,0.03500632,Low
25032,0,0.13023852,Moderate
25033,1,0.7929792,Very High
25034,1,0.22987859,Moderate
25035,0,0.35504127,High
25036,1,0.2094708,Moderate
25037,0,0.09104129,Low
25038,0,0.07828494,Low
25039,0,0.036120415,Low
25040,0,0.15680788,Moderate
25041,0,0.07069561,Low
25042,0,0.04921536,Low
25043,0,0.4302468,High
25044,1,0.7367215,Very High
25045,0,0.30700275,High
25046,0,0.17436455,Moderate
25047,0,0.07858913,Low
25048,1,0.08889162,Low
25049,1,0.3213874,High
25050,0,0.18635982,Moderate
25051,1,0.110075384,Moderate
25052,0,0.026864594,Low
25053,0,0.20161891,Moderate
25054,1,0.8999092,Very High
25055,1,0.18774602,Moderate
25056,0,0.068364896,Low
25057,0,0.047843836,Low
25058,0,0.1202695,Moderate
25059,0,0.0605527,Low
25060,1,0.20974588,Moderate
25061,0,0.08467544,Low
25062,0,0.1466757,Moderate
25063,0,0.4326793,High
25064,1,0.19137086,Moderate
25065,0,0.11798074,Moderate
25066,0,0.06449722,Low
25067,0,0.17117903,Moderate
25068,1,0.073449634,Low
25069,0,0.16629001,Moderate
25070,1,0.68888766,Very High
25071,0,0.26155725,High
25072,0,0.596735,Very High
25073,0,0.12382864,Moderate
25074,0,0.1628547,Moderate
25075,0,0.16807885,Moderate
25076,0,0.046578065,Low
25077,0,0.07162671,Low
25078,0,0.31858364,High
25079,0,0.06371218,Low
25080,0,0.22233877,Moderate
25081,1,0.29153472,High
25082,0,0.10447114,Moderate
25083,0,0.051289756,Low
25084,0,0.30056253,High
25085,0,0.34416702,High
25086,1,0.19114386,Moderate
25087,0,0.10826928,Moderate
25088,0,0.051991094,Low
25089,0,0.08834191,Low
25090,1,0.38406014,High
25091,0,0.042544574,Low
25092,0,0.038101565,Low
25093,0,0.17935532,Moderate
25094,0,0.09126073,Low
25095,0,0.049812783,Low
25096,0,0.12891176,Moderate
25097,1,0.16790323,Moderate
25098,1,0.13330673,Moderate
25099,0,0.04942896,Low
25100,0,0.1324497,Moderate
25101,0,0.113752484,Moderate
25102,0,0.1293252,Moderate
25103,1,0.7030888,Very High
25104,0,0.14750977,Moderate
25105,0,0.18135238,Moderate
25106,0,0.0852248,Low
25107,0,0.18586457,Moderate
25108,0,0.21635157,Moderate
25109,0,0.07196174,Low
25110,1,0.72678167,Very High
25111,0,0.13954715,Moderate
25112,0,0.13866532,Moderate
25113,0,0.09775764,Low
25114,0,0.14108104,Moderate
25115,1,0.5651888,Very High
25116,0,0.15049562,Moderate
25117,1,0.20156814,Moderate
25118,0,0.35495815,High
25119,0,0.031326707,Low
25120,0,0.12939024,Moderate
25121,0,0.049907446,Low
25122,1,0.6235907,Very High
25123,0,0.30409443,High
25124,0,0.05968613,Low
25125,0,0.12613586,Moderate
25126,0,0.4420338,High
25127,0,0.07275329,Low
25128,0,0.15789501,Moderate
25129,0,0.13441256,Moderate
25130,0,0.07273553,Low
25131,0,0.041234616,Low
25132,0,0.23157011,Moderate
25133,0,0.053939473,Low
25134,0,0.12933604,Moderate
25135,0,0.13175763,Moderate
25136,0,0.07968954,Low
25137,1,0.7333983,Very High
25138,0,0.32976207,High
25139,0,0.20710984,Moderate
25140,0,0.1277902,Moderate
25141,0,0.076307856,Low
25142,0,0.09965467,Low
25143,0,0.2673262,High
25144,1,0.4878344,High
25145,0,0.0654254,Low
25146,1,0.5409225,Very High
25147,1,0.7454917,Very High
25148,0,0.03736949,Low
25149,0,0.06388928,Low
25150,0,0.052840102,Low
25151,0,0.15731454,Moderate
25152,0,0.04635614,Low
25153,0,0.10147667,Moderate
25154,1,0.5308133,Very High
25155,1,0.6849435,Very High
25156,0,0.5288665,Very High
25157,0,0.20499723,Moderate
25158,0,0.11930218,Moderate
25159,1,0.5053714,Very High
25160,0,0.04713446,Low
25161,1,0.8251516,Very High
25162,0,0.18372485,Moderate
25163,1,0.7883217,Very High
25164,0,0.14645964,Moderate
25165,0,0.12085692,Moderate
25166,0,0.1341059,Moderate
25167,0,0.16972607,Moderate
25168,0,0.26480186,High
25169,0,0.24175465,Moderate
25170,0,0.3309224,High
25171,0,0.37237614,High
25172,0,0.17060557,Moderate
25173,0,0.20591168,Moderate
25174,0,0.121482775,Moderate
25175,1,0.5356236,Very High
25176,0,0.47067738,High
25177,0,0.6973044,Very High
25178,0,0.44766667,High
25179,0,0.20607707,Moderate
25180,0,0.08498703,Low
25181,0,0.47927266,High
25182,0,0.26823163,High
25183,1,0.60049766,Very High
25184,0,0.11673314,Moderate
25185,0,0.16565597,Moderate
25186,0,0.69071317,Very High
25187,0,0.16940553,Moderate
25188,0,0.12968482,Moderate
25189,0,0.16134277,Moderate
25190,0,0.14753807,Moderate
25191,1,0.56749284,Very High
25192,1,0.75407517,Very High
25193,0,0.59349275,Very High
25194,1,0.6457638,Very High
25195,0,0.11622236,Moderate
25196,0,0.23076499,Moderate
25197,1,0.83361024,Very High
25198,0,0.121783316,Moderate
25199,0,0.10266232,Moderate
25200,0,0.14360033,Moderate
25201,0,0.64736736,Very High
25202,1,0.14148466,Moderate
25203,0,0.27473566,High
25204,0,0.19394027,Moderate
25205,0,0.07743709,Low
25206,0,0.17924753,Moderate
25207,0,0.12786236,Moderate
25208,0,0.35906404,High
25209,0,0.059976816,Low
25210,0,0.12711917,Moderate
25211,0,0.056247015,Low
25212,0,0.093324885,Low
25213,0,0.18794706,Moderate
25214,0,0.1254414,Moderate
25215,0,0.13797559,Moderate
25216,1,0.14649488,Moderate
25217,0,0.053051148,Low
25218,0,0.14536937,Moderate
25219,0,0.12201481,Moderate
25220,0,0.21927452,Moderate
25221,0,0.62610507,Very High
25222,1,0.13096087,Moderate
25223,0,0.14719553,Moderate
25224,0,0.49029717,High
25225,0,0.057871066,Low
25226,0,0.26124215,High
25227,0,0.34466577,High
25228,0,0.090870075,Low
25229,0,0.1611884,Moderate
25230,0,0.13776408,Moderate
25231,0,0.1461274,Moderate
25232,1,0.14044206,Moderate
25233,0,0.15700364,Moderate
25234,1,0.30618662,High
25235,0,0.10707356,Moderate
25236,1,0.42771307,High
25237,0,0.13428308,Moderate
25238,0,0.13813199,Moderate
25239,0,0.05615904,Low
25240,0,0.1494652,Moderate
25241,0,0.06079997,Low
25242,0,0.123801656,Moderate
25243,0,0.12497107,Moderate
25244,1,0.705912,Very High
25245,0,0.21256511,Moderate
25246,0,0.04645897,Low
25247,0,0.04267278,Low
25248,0,0.30392754,High
25249,0,0.5135783,Very High
25250,0,0.062136304,Low
25251,0,0.46611887,High
25252,0,0.039899513,Low
25253,1,0.71935654,Very High
25254,0,0.14117022,Moderate
25255,1,0.057468064,Low
25256,1,0.65948504,Very High
25257,0,0.20936374,Moderate
25258,1,0.67884827,Very High
25259,0,0.119045325,Moderate
25260,1,0.7655279,Very High
25261,0,0.33412564,High
25262,1,0.26941353,High
25263,1,0.6497652,Very High
25264,0,0.17813852,Moderate
25265,0,0.075585924,Low
25266,0,0.08962362,Low
25267,0,0.06951188,Low
25268,0,0.13131431,Moderate
25269,0,0.07834215,Low
25270,0,0.09156628,Low
25271,0,0.056759875,Low
25272,0,0.10025479,Moderate
25273,0,0.12239705,Moderate
25274,0,0.15517974,Moderate
25275,0,0.07151533,Low
25276,1,0.15001465,Moderate
25277,0,0.08036039,Low
25278,0,0.05070922,Low
25279,1,0.07066318,Low
25280,0,0.07370138,Low
25281,0,0.3169695,High
25282,0,0.12800363,Moderate
25283,0,0.10248953,Moderate
25284,0,0.62431246,Very High
25285,0,0.17324539,Moderate
25286,1,0.5521467,Very High
25287,0,0.62497115,Very High
25288,0,0.07425415,Low
25289,0,0.09699199,Low
25290,0,0.038826555,Low
25291,0,0.059090585,Low
25292,0,0.08900223,Low
25293,1,0.110168144,Moderate
25294,0,0.11714053,Moderate
25295,0,0.066436805,Low
25296,0,0.14071777,Moderate
25297,0,0.09998219,Low
25298,0,0.1468333,Moderate
25299,1,0.64442784,Very High
25300,0,0.16953395,Moderate
25301,0,0.10704311,Moderate
25302,0,0.12746613,Moderate
25303,0,0.334209,High
25304,0,0.10832471,Moderate
25305,0,0.09612868,Low
25306,1,0.54892325,Very High
25307,0,0.14260945,Moderate
25308,1,0.13719979,Moderate
25309,0,0.03946745,Low
25310,1,0.3206949,High
25311,0,0.041956056,Low
25312,0,0.6159375,Very High
25313,1,0.23756626,Moderate
25314,0,0.118206345,Moderate
25315,0,0.12161365,Moderate
25316,0,0.08663112,Low
25317,1,0.7406156,Very High
25318,0,0.07956738,Low
25319,1,0.26873243,High
25320,0,0.05316549,Low
25321,0,0.13183448,Moderate
25322,0,0.10018954,Moderate
25323,0,0.030376257,Low
25324,0,0.056304347,Low
25325,0,0.052251585,Low
25326,0,0.047559276,Low
25327,0,0.09813596,Low
25328,0,0.35623646,High
25329,0,0.22079846,Moderate
25330,1,0.42949212,High
25331,0,0.03485785,Low
25332,0,0.14821203,Moderate
25333,0,0.024901412,Low
25334,0,0.09147747,Low
25335,0,0.045022417,Low
25336,0,0.09898711,Low
25337,0,0.13089782,Moderate
25338,0,0.07272481,Low
25339,1,0.1441111,Moderate
25340,0,0.2084911,Moderate
25341,0,0.07902201,Low
25342,0,0.107046254,Moderate
25343,0,0.13116536,Moderate
25344,0,0.05692901,Low
25345,0,0.13610955,Moderate
25346,0,0.13149565,Moderate
25347,0,0.098905295,Low
25348,0,0.3160224,High
25349,1,0.2255282,Moderate
25350,0,0.15059063,Moderate
25351,0,0.064426534,Low
25352,1,0.11410973,Moderate
25353,0,0.09589998,Low
25354,0,0.50888777,Very High
25355,0,0.11955966,Moderate
25356,0,0.18943696,Moderate
25357,0,0.05359359,Low
25358,0,0.06674466,Low
25359,0,0.048055355,Low
25360,0,0.14188172,Moderate
25361,0,0.14754993,Moderate
25362,0,0.13684052,Moderate
25363,0,0.1795389,Moderate
25364,0,0.73389447,Very High
25365,0,0.19070162,Moderate
25366,0,0.033954006,Low
25367,0,0.08309135,Low
25368,0,0.10607715,Moderate
25369,0,0.19505344,Moderate
25370,0,0.17474447,Moderate
25371,0,0.04693455,Low
25372,0,0.032334693,Low
25373,0,0.08906569,Low
25374,1,0.48530728,High
25375,0,0.059176195,Low
25376,0,0.08915246,Low
25377,0,0.08344256,Low
25378,1,0.2699862,High
25379,0,0.12434827,Moderate
25380,0,0.1558309,Moderate
25381,0,0.11580448,Moderate
25382,1,0.81021166,Very High
25383,0,0.03928987,Low
25384,0,0.63665825,Very High
25385,1,0.7118736,Very High
25386,0,0.065349184,Low
25387,0,0.1535918,Moderate
25388,1,0.81141335,Very High
25389,0,0.13158017,Moderate
25390,0,0.07948166,Low
25391,0,0.10082397,Moderate
25392,0,0.082674086,Low
25393,0,0.06329494,Low
25394,0,0.05995054,Low
25395,0,0.14976102,Moderate
25396,0,0.13846442,Moderate
25397,0,0.09703711,Low
25398,0,0.3174129,High
25399,0,0.058019757,Low
25400,0,0.32206857,High
25401,1,0.65817803,Very High
25402,0,0.10582936,Moderate
25403,1,0.17954041,Moderate
25404,0,0.23211533,Moderate
25405,0,0.09289621,Low
25406,1,0.3245084,High
25407,1,0.06852264,Low
25408,0,0.11303818,Moderate
25409,0,0.11002179,Moderate
25410,0,0.0393661,Low
25411,0,0.09202619,Low
25412,0,0.15568234,Moderate
25413,0,0.087200806,Low
25414,1,0.1645046,Moderate
25415,0,0.04587955,Low
25416,1,0.7767317,Very High
25417,0,0.031404953,Low
25418,0,0.031184157,Low
25419,1,0.07576617,Low
25420,0,0.14068864,Moderate
25421,1,0.552644,Very High
25422,0,0.18192719,Moderate
25423,0,0.017656187,Low
25424,0,0.058263537,Low
25425,0,0.08170676,Low
25426,0,0.12833625,Moderate
25427,1,0.74686325,Very High
25428,0,0.079069674,Low
25429,0,0.24239115,Moderate
25430,0,0.13231722,Moderate
25431,0,0.17324257,Moderate
25432,0,0.15172382,Moderate
25433,0,0.047205847,Low
25434,0,0.52176255,Very High
25435,0,0.06534438,Low
25436,1,0.106022626,Moderate
25437,0,0.07709374,Low
25438,0,0.04890338,Low
25439,0,0.018280534,Low
25440,0,0.13436335,Moderate
25441,0,0.2170286,Moderate
25442,0,0.08030813,Low
25443,1,0.06015854,Low
25444,1,0.11006422,Moderate
25445,0,0.015855486,Low
25446,0,0.130742,Moderate
25447,0,0.16774896,Moderate
25448,0,0.13100475,Moderate
25449,0,0.05164646,Low
25450,0,0.08126695,Low
25451,0,0.10934728,Moderate
25452,0,0.124903575,Moderate
25453,0,0.13412514,Moderate
25454,1,0.28020203,High
25455,0,0.12329939,Moderate
25456,0,0.07171052,Low
25457,0,0.13626572,Moderate
25458,1,0.11445087,Moderate
25459,0,0.068676054,Low
25460,1,0.28537688,High
25461,1,0.6583513,Very High
25462,0,0.080125116,Low
25463,0,0.116629995,Moderate
25464,0,0.22478561,Moderate
25465,0,0.06286017,Low
25466,0,0.11708413,Moderate
25467,1,0.2255497,Moderate
25468,1,0.7970359,Very High
25469,0,0.0770801,Low
25470,0,0.040802713,Low
25471,0,0.03674837,Low
25472,1,0.2697019,High
25473,1,0.10085444,Moderate
25474,0,0.051775787,Low
25475,0,0.15521097,Moderate
25476,0,0.08476964,Low
25477,0,0.0942635,Low
25478,0,0.09525646,Low
25479,0,0.0560078,Low
25480,0,0.19240108,Moderate
25481,1,0.18977119,Moderate
25482,0,0.024728164,Low
25483,0,0.09654771,Low
25484,1,0.31752837,High
25485,1,0.63139546,Very High
25486,0,0.02993277,Low
25487,0,0.11097037,Moderate
25488,0,0.124832824,Moderate
25489,0,0.089063905,Low
25490,0,0.06292786,Low
25491,0,0.32981998,High
25492,0,0.17362891,Moderate
25493,0,0.07229654,Low
25494,0,0.02659209,Low
25495,0,0.06909435,Low
25496,0,0.09602095,Low
25497,0,0.032646395,Low
25498,0,0.12749298,Moderate
25499,0,0.054582715,Low
25500,0,0.07057495,Low
25501,0,0.20676078,Moderate
25502,0,0.22193024,Moderate
25503,0,0.09451704,Low
25504,0,0.21569975,Moderate
25505,1,0.19306406,Moderate
25506,0,0.07529602,Low
25507,0,0.046883978,Low
25508,0,0.10891851,Moderate
25509,0,0.17450783,Moderate
25510,0,0.11055262,Moderate
25511,1,0.73641384,Very High
25512,0,0.13125373,Moderate
25513,1,0.1880168,Moderate
25514,0,0.12696978,Moderate
25515,1,0.14070801,Moderate
25516,0,0.2183834,Moderate
25517,0,0.24697754,Moderate
25518,0,0.07680193,Low
25519,0,0.056504942,Low
25520,0,0.19119038,Moderate
25521,0,0.35114017,High
25522,0,0.07319671,Low
25523,0,0.05454038,Low
25524,0,0.13941719,Moderate
25525,0,0.2332269,Moderate
25526,0,0.071557514,Low
25527,0,0.05605553,Low
25528,0,0.22111925,Moderate
25529,0,0.10969803,Moderate
25530,0,0.06298611,Low
25531,1,0.8440546,Very High
25532,0,0.26698697,High
25533,0,0.7861324,Very High
25534,0,0.08899753,Low
25535,1,0.2946399,High
25536,0,0.034771655,Low
25537,0,0.33612105,High
25538,0,0.29347518,High
25539,0,0.10465749,Moderate
25540,0,0.15114851,Moderate
25541,1,0.7602689,Very High
25542,0,0.1253082,Moderate
25543,0,0.03790115,Low
25544,1,0.4131346,High
25545,0,0.086344555,Low
25546,0,0.06892902,Low
25547,0,0.35522908,High
25548,0,0.05225736,Low
25549,1,0.8310133,Very High
25550,0,0.05430212,Low
25551,0,0.050200198,Low
25552,0,0.10791074,Moderate
25553,1,0.31557915,High
25554,0,0.049292643,Low
25555,0,0.049889147,Low
25556,0,0.31933105,High
25557,0,0.21329026,Moderate
25558,0,0.24572323,Moderate
25559,0,0.07118682,Low
25560,0,0.051881142,Low
25561,0,0.046931505,Low
25562,0,0.027454566,Low
25563,0,0.33068934,High
25564,0,0.039039463,Low
25565,0,0.078675725,Low
25566,0,0.08302121,Low
25567,0,0.031634927,Low
25568,0,0.029955966,Low
25569,0,0.064195335,Low
25570,1,0.74524194,Very High
25571,0,0.11379924,Moderate
25572,0,0.032636855,Low
25573,1,0.10085643,Moderate
25574,0,0.17486793,Moderate
25575,1,0.6834682,Very High
25576,0,0.048614617,Low
25577,0,0.03967673,Low
25578,0,0.111382425,Moderate
25579,0,0.09867666,Low
25580,1,0.15164857,Moderate
25581,0,0.68047947,Very High
25582,0,0.27066344,High
25583,0,0.066151276,Low
25584,0,0.055236902,Low
25585,1,0.68140864,Very High
25586,0,0.063163474,Low
25587,1,0.35738343,High
25588,1,0.7073778,Very High
25589,0,0.09747157,Low
25590,0,0.28311896,High
25591,1,0.6989697,Very High
25592,0,0.056397557,Low
25593,0,0.04332882,Low
25594,0,0.06431571,Low
25595,0,0.06738084,Low
25596,0,0.13818647,Moderate
25597,0,0.14345679,Moderate
25598,0,0.11247212,Moderate
25599,0,0.18741158,Moderate
25600,0,0.27322763,High
25601,0,0.023864625,Low
25602,0,0.07258734,Low
25603,0,0.055610776,Low
25604,0,0.13777655,Moderate
25605,1,0.7125923,Very High
25606,0,0.20814984,Moderate
25607,0,0.15566918,Moderate
25608,0,0.16232827,Moderate
25609,1,0.4125732,High
25610,0,0.093116984,Low
25611,0,0.10602369,Moderate
25612,0,0.05711767,Low
25613,0,0.13830593,Moderate
25614,0,0.024212286,Low
25615,0,0.031591658,Low
25616,0,0.09615819,Low
25617,0,0.15860242,Moderate
25618,0,0.15687875,Moderate
25619,0,0.05509022,Low
25620,1,0.39968434,High
25621,0,0.10456335,Moderate
25622,0,0.046806764,Low
25623,0,0.40540916,High
25624,0,0.083519086,Low
25625,0,0.04931107,Low
25626,0,0.062301714,Low
25627,0,0.029720495,Low
25628,1,0.23855008,Moderate
25629,0,0.07130359,Low
25630,1,0.79996943,Very High
25631,0,0.043360893,Low
25632,0,0.27362132,High
25633,0,0.089906834,Low
25634,1,0.81952316,Very High
25635,0,0.1281338,Moderate
25636,0,0.06769933,Low
25637,0,0.09821522,Low
25638,0,0.043383706,Low
25639,0,0.0443031,Low
25640,0,0.12778312,Moderate
25641,0,0.057206936,Low
25642,0,0.034855373,Low
25643,0,0.2885957,High
25644,0,0.04980152,Low
25645,0,0.15759839,Moderate
25646,1,0.7589375,Very High
25647,0,0.023444816,Low
25648,1,0.37412003,High
25649,0,0.030634789,Low
25650,0,0.099880286,Low
25651,0,0.07867521,Low
25652,0,0.046634752,Low
25653,1,0.23079412,Moderate
25654,0,0.34990612,High
25655,0,0.07382053,Low
25656,0,0.15379456,Moderate
25657,0,0.08241075,Low
25658,0,0.10597102,Moderate
25659,0,0.03840563,Low
25660,0,0.089876,Low
25661,0,0.267155,High
25662,0,0.040762495,Low
25663,0,0.08564436,Low
25664,0,0.07752809,Low
25665,0,0.12472934,Moderate
25666,0,0.20069648,Moderate
25667,0,0.09419977,Low
25668,0,0.15962955,Moderate
25669,1,0.28901276,High
25670,0,0.059152506,Low
25671,0,0.052302577,Low
25672,0,0.044463634,Low
25673,0,0.14153717,Moderate
25674,0,0.094969496,Low
25675,0,0.18923481,Moderate
25676,0,0.24045521,Moderate
25677,0,0.31585252,High
25678,0,0.105598904,Moderate
25679,1,0.6534099,Very High
25680,0,0.06376691,Low
25681,0,0.11255013,Moderate
25682,0,0.30835304,High
25683,0,0.12157296,Moderate
25684,0,0.14580128,Moderate
25685,0,0.043907598,Low
25686,0,0.056764107,Low
25687,0,0.2912139,High
25688,0,0.03858379,Low
25689,0,0.017494682,Low
25690,0,0.024320688,Low
25691,0,0.15534653,Moderate
25692,1,0.20938249,Moderate
25693,0,0.017021054,Low
25694,0,0.046843167,Low
25695,0,0.1130123,Moderate
25696,0,0.102956235,Moderate
25697,0,0.08072522,Low
25698,0,0.25692454,High
25699,0,0.070995994,Low
25700,0,0.09720235,Low
25701,0,0.034032177,Low
25702,0,0.0830772,Low
25703,0,0.07417469,Low
25704,0,0.20495102,Moderate
25705,1,0.42323464,High
25706,0,0.018465662,Low
25707,0,0.019578265,Low
25708,0,0.026506292,Low
25709,0,0.3593578,High
25710,0,0.16677037,Moderate
25711,0,0.14027736,Moderate
25712,0,0.23945695,Moderate
25713,0,0.13300034,Moderate
25714,1,0.07886857,Low
25715,0,0.108205475,Moderate
25716,0,0.082835786,Low
25717,0,0.104599446,Moderate
25718,0,0.095336035,Low
25719,0,0.034980558,Low
25720,0,0.08331158,Low
25721,1,0.17175992,Moderate
25722,1,0.06347716,Low
25723,0,0.10455924,Moderate
25724,0,0.20428553,Moderate
25725,0,0.11725979,Moderate
25726,1,0.61928755,Very High
25727,1,0.10814008,Moderate
25728,1,0.6872728,Very High
25729,0,0.05226048,Low
25730,0,0.032858193,Low
25731,0,0.28815636,High
25732,0,0.1377116,Moderate
25733,0,0.3687841,High
25734,0,0.1251264,Moderate
25735,0,0.06345412,Low
25736,0,0.08141632,Low
25737,1,0.6862898,Very High
25738,0,0.16482925,Moderate
25739,1,0.11684761,Moderate
25740,1,0.8315561,Very High
25741,0,0.03163724,Low
25742,1,0.7165428,Very High
25743,1,0.09466104,Low
25744,1,0.58533865,Very High
25745,0,0.1607875,Moderate
25746,0,0.13054755,Moderate
25747,0,0.17626229,Moderate
25748,0,0.26386046,High
25749,0,0.03989209,Low
25750,1,0.10379464,Moderate
25751,1,0.34257427,High
25752,0,0.051745,Low
25753,0,0.31818622,High
25754,0,0.19060433,Moderate
25755,0,0.020486273,Low
25756,0,0.10235499,Moderate
25757,0,0.05235528,Low
25758,0,0.10971772,Moderate
25759,0,0.12086576,Moderate
25760,0,0.119911835,Moderate
25761,1,0.20683593,Moderate
25762,0,0.056206327,Low
25763,0,0.032660235,Low
25764,1,0.76031137,Very High
25765,0,0.1167845,Moderate
25766,0,0.14863896,Moderate
25767,0,0.031427618,Low
25768,1,0.14849491,Moderate
25769,0,0.19862723,Moderate
25770,0,0.05661192,Low
25771,0,0.032379296,Low
25772,1,0.056812417,Low
25773,0,0.023495799,Low
25774,0,0.14990544,Moderate
25775,0,0.23610103,Moderate
25776,0,0.09248639,Low
25777,0,0.15618595,Moderate
25778,0,0.32626602,High
25779,0,0.15257013,Moderate
25780,0,0.10050217,Moderate
25781,0,0.10985095,Moderate
25782,0,0.13798732,Moderate
25783,0,0.08680038,Low
25784,0,0.0720894,Low
25785,0,0.11705326,Moderate
25786,0,0.084441826,Low
25787,1,0.41208795,High
25788,0,0.13822976,Moderate
25789,0,0.067370236,Low
25790,0,0.11003106,Moderate
25791,0,0.31662172,High
25792,0,0.057428457,Low
25793,0,0.020864433,Low
25794,0,0.07046295,Low
25795,0,0.08107808,Low
25796,0,0.12517917,Moderate
25797,0,0.073207885,Low
25798,1,0.80507827,Very High
25799,1,0.16097882,Moderate
25800,0,0.014370249,Low
25801,0,0.1332019,Moderate
25802,0,0.09444279,Low
25803,0,0.35102203,High
25804,0,0.19956446,Moderate
25805,0,0.21834235,Moderate
25806,0,0.077035405,Low
25807,0,0.06269583,Low
25808,0,0.11091213,Moderate
25809,0,0.33099854,High
25810,0,0.10877877,Moderate
25811,0,0.048098877,Low
25812,0,0.046831172,Low
25813,0,0.30049092,High
25814,0,0.039673414,Low
25815,0,0.08650471,Low
25816,1,0.05968665,Low
25817,0,0.17666738,Moderate
25818,1,0.13290863,Moderate
25819,0,0.13033417,Moderate
25820,0,0.107095905,Moderate
25821,0,0.076110445,Low
25822,1,0.41069555,High
25823,0,0.052233405,Low
25824,0,0.17348109,Moderate
25825,0,0.14481604,Moderate
25826,0,0.053495113,Low
25827,0,0.046463363,Low
25828,0,0.08017521,Low
25829,1,0.22924063,Moderate
25830,0,0.17359102,Moderate
25831,1,0.38152432,High
25832,0,0.12956157,Moderate
25833,0,0.08525497,Low
25834,0,0.19178876,Moderate
25835,1,0.7724917,Very High
25836,0,0.053645004,Low
25837,0,0.04895601,Low
25838,1,0.5821226,Very High
25839,1,0.42880076,High
25840,1,0.27182555,High
25841,0,0.037744872,Low
25842,0,0.02694939,Low
25843,0,0.048375875,Low
25844,0,0.038156766,Low
25845,1,0.5260295,Very High
25846,1,0.25798184,High
25847,0,0.1108545,Moderate
25848,0,0.027033696,Low
25849,0,0.061075553,Low
25850,0,0.16424604,Moderate
25851,1,0.3000597,High
25852,1,0.6086132,Very High
25853,0,0.06373296,Low
25854,0,0.08849812,Low
25855,0,0.13266963,Moderate
25856,0,0.13377684,Moderate
25857,0,0.045211576,Low
25858,0,0.030258099,Low
25859,1,0.26417488,High
25860,0,0.20818484,Moderate
25861,0,0.046163946,Low
25862,0,0.16299103,Moderate
25863,0,0.118723184,Moderate
25864,0,0.07177686,Low
25865,0,0.14330015,Moderate
25866,0,0.04560105,Low
25867,0,0.21153271,Moderate
25868,0,0.101536795,Moderate
25869,0,0.23012283,Moderate
25870,1,0.90124536,Very High
25871,0,0.09058471,Low
25872,0,0.07857576,Low
25873,0,0.0705894,Low
25874,1,0.42641598,High
25875,1,0.7512024,Very High
25876,0,0.032582838,Low
25877,1,0.08724718,Low
25878,0,0.03725539,Low
25879,1,0.809645,Very High
25880,0,0.046858322,Low
25881,0,0.036043197,Low
25882,0,0.09112856,Low
25883,0,0.14465272,Moderate
25884,0,0.032532305,Low
25885,1,0.74535316,Very High
25886,0,0.134102,Moderate
25887,1,0.46240157,High
25888,0,0.05806731,Low
25889,0,0.051081236,Low
25890,0,0.040211305,Low
25891,0,0.19108373,Moderate
25892,0,0.14041804,Moderate
25893,0,0.14383985,Moderate
25894,0,0.10629915,Moderate
25895,0,0.040510498,Low
25896,0,0.04864875,Low
25897,0,0.21398121,Moderate
25898,1,0.7938207,Very High
25899,0,0.12027478,Moderate
25900,0,0.23529829,Moderate
25901,0,0.054367084,Low
25902,0,0.19449833,Moderate
25903,0,0.10476251,Moderate
25904,0,0.2072122,Moderate
25905,1,0.4081478,High
25906,0,0.1929609,Moderate
25907,0,0.13695002,Moderate
25908,0,0.07391362,Low
25909,0,0.18418866,Moderate
25910,0,0.13366109,Moderate
25911,0,0.06772683,Low
25912,0,0.14435804,Moderate
25913,0,0.6741746,Very High
25914,0,0.021955313,Low
25915,0,0.15713008,Moderate
25916,0,0.58562887,Very High
25917,0,0.17724395,Moderate
25918,0,0.059858516,Low
25919,0,0.033029597,Low
25920,0,0.15833381,Moderate
25921,0,0.039475676,Low
25922,1,0.09911304,Low
25923,0,0.21405225,Moderate
25924,1,0.5051883,Very High
25925,0,0.12182907,Moderate
25926,0,0.15852794,Moderate
25927,0,0.077618085,Low
25928,0,0.032913297,Low
25929,1,0.28069115,High
25930,0,0.21711342,Moderate
25931,0,0.0823544,Low
25932,0,0.04408363,Low
25933,0,0.13105771,Moderate
25934,1,0.7143476,Very High
25935,0,0.068825155,Low
25936,0,0.10546993,Moderate
25937,0,0.1905346,Moderate
25938,0,0.09391245,Low
25939,0,0.040423013,Low
25940,0,0.08170505,Low
25941,0,0.067003235,Low
25942,0,0.07729286,Low
25943,0,0.36163366,High
25944,0,0.057980143,Low
25945,0,0.11116916,Moderate
25946,0,0.114840224,Moderate
25947,0,0.04180022,Low
25948,0,0.10219272,Moderate
25949,0,0.054820333,Low
25950,0,0.12887512,Moderate
25951,0,0.079929784,Low
25952,0,0.10717157,Moderate
25953,0,0.031001503,Low
25954,0,0.06808376,Low
25955,0,0.122397594,Moderate
25956,0,0.21368805,Moderate
25957,0,0.33266452,High
25958,0,0.056741923,Low
25959,0,0.06019288,Low
25960,0,0.030856062,Low
25961,1,0.43261543,High
25962,0,0.48714027,High
25963,0,0.040472407,Low
25964,0,0.09183337,Low
25965,1,0.3084979,High
25966,0,0.051942643,Low
25967,0,0.045768976,Low
25968,0,0.15243761,Moderate
25969,0,0.16055754,Moderate
25970,0,0.25556776,High
25971,0,0.100285985,Moderate
25972,0,0.22971714,Moderate
25973,1,0.30990016,High
25974,0,0.108739235,Moderate
25975,0,0.45304468,High
25976,0,0.14428325,Moderate
25977,1,0.15779313,Moderate
25978,1,0.18784313,Moderate
25979,0,0.095692985,Low
25980,0,0.05530821,Low
25981,0,0.1037808,Moderate
25982,0,0.110302225,Moderate
25983,0,0.65024114,Very High
25984,0,0.027018702,Low
25985,1,0.4509338,High
25986,0,0.07660848,Low
25987,0,0.48362204,High
25988,0,0.04701389,Low
25989,0,0.099627994,Low
25990,0,0.039633874,Low
25991,0,0.051336534,Low
25992,0,0.15266642,Moderate
25993,0,0.23842867,Moderate
25994,0,0.2141437,Moderate
25995,0,0.17584607,Moderate
25996,1,0.70703095,Very High
25997,0,0.09925022,Low
25998,0,0.074280635,Low
25999,0,0.11625151,Moderate
26000,0,0.15539597,Moderate
26001,0,0.12749001,Moderate
26002,1,0.39244723,High
26003,0,0.055004247,Low
26004,0,0.059208892,Low
26005,1,0.05849329,Low
26006,1,0.22617851,Moderate
26007,1,0.14446367,Moderate
26008,0,0.23026583,Moderate
26009,0,0.14699283,Moderate
26010,0,0.06750475,Low
26011,0,0.04065961,Low
26012,0,0.17579126,Moderate
26013,1,0.8215178,Very High
26014,0,0.0733921,Low
26015,0,0.09966531,Low
26016,0,0.121340185,Moderate
26017,0,0.092553966,Low
26018,0,0.11317274,Moderate
26019,0,0.06463612,Low
26020,0,0.10262525,Moderate
26021,0,0.17606854,Moderate
26022,0,0.0726129,Low
26023,0,0.7347939,Very High
26024,0,0.10233236,Moderate
26025,0,0.13012362,Moderate
26026,0,0.10983839,Moderate
26027,0,0.037776306,Low
26028,1,0.19190083,Moderate
26029,0,0.03297194,Low
26030,1,0.12668733,Moderate
26031,0,0.11173395,Moderate
26032,0,0.07658603,Low
26033,0,0.081538215,Low
26034,0,0.06921786,Low
26035,1,0.6227065,Very High
26036,0,0.09453991,Low
26037,0,0.15522426,Moderate
26038,0,0.041967884,Low
26039,0,0.35163456,High
26040,0,0.08802071,Low
26041,0,0.12037508,Moderate
26042,0,0.18365157,Moderate
26043,0,0.04441669,Low
26044,1,0.76636004,Very High
26045,0,0.056816697,Low
26046,0,0.083153315,Low
26047,0,0.068992786,Low
26048,0,0.076083854,Low
26049,0,0.1500748,Moderate
26050,0,0.089621834,Low
26051,0,0.20312552,Moderate
26052,0,0.040875327,Low
26053,0,0.11037916,Moderate
26054,0,0.01781928,Low
26055,0,0.020718705,Low
26056,0,0.0935171,Low
26057,0,0.08250603,Low
26058,1,0.65330476,Very High
26059,1,0.32494396,High
26060,0,0.08057886,Low
26061,0,0.18026562,Moderate
26062,0,0.03830846,Low
26063,0,0.5200502,Very High
26064,0,0.025667958,Low
26065,0,0.11235177,Moderate
26066,0,0.20928478,Moderate
26067,0,0.06529979,Low
26068,0,0.032194264,Low
26069,0,0.08116209,Low
26070,0,0.22461013,Moderate
26071,0,0.03687579,Low
26072,1,0.22710046,Moderate
26073,0,0.10335812,Moderate
26074,0,0.34352082,High
26075,0,0.09160745,Low
26076,0,0.08169307,Low
26077,0,0.34836736,High
26078,0,0.0998154,Low
26079,0,0.153196,Moderate
26080,0,0.04446747,Low
26081,0,0.09880109,Low
26082,0,0.081478156,Low
26083,0,0.55590314,Very High
26084,1,0.14027649,Moderate
26085,0,0.0684299,Low
26086,0,0.083544314,Low
26087,1,0.84113365,Very High
26088,0,0.13072641,Moderate
26089,0,0.56387,Very High
26090,0,0.17449568,Moderate
26091,0,0.10162188,Moderate
26092,0,0.20849845,Moderate
26093,0,0.047292512,Low
26094,0,0.033364188,Low
26095,1,0.7140426,Very High
26096,0,0.11110553,Moderate
26097,0,0.14822762,Moderate
26098,0,0.07360884,Low
26099,0,0.6689431,Very High
26100,0,0.07347345,Low
26101,0,0.10920443,Moderate
26102,0,0.65951097,Very High
26103,0,0.09423924,Low
26104,0,0.09409536,Low
26105,0,0.09231559,Low
26106,0,0.101339675,Moderate
26107,0,0.19235638,Moderate
26108,0,0.10135418,Moderate
26109,1,0.34302434,High
26110,0,0.08794499,Low
26111,0,0.16404846,Moderate
26112,0,0.062811255,Low
26113,0,0.094983734,Low
26114,0,0.1541621,Moderate
26115,0,0.13951007,Moderate
26116,0,0.3220669,High
26117,0,0.10863354,Moderate
26118,0,0.22163922,Moderate
26119,0,0.04822829,Low
26120,1,0.1130634,Moderate
26121,0,0.13090646,Moderate
26122,1,0.18974628,Moderate
26123,0,0.0980839,Low
26124,0,0.11028939,Moderate
26125,0,0.26931128,High
26126,0,0.12871765,Moderate
26127,0,0.10335209,Moderate
26128,1,0.35085377,High
26129,0,0.105523966,Moderate
26130,0,0.40250188,High
26131,0,0.0412847,Low
26132,0,0.14067632,Moderate
26133,0,0.64587235,Very High
26134,1,0.29213196,High
26135,0,0.08949796,Low
26136,0,0.13353847,Moderate
26137,0,0.04504024,Low
26138,0,0.12304682,Moderate
26139,1,0.7848024,Very High
26140,0,0.09567733,Low
26141,0,0.17709492,Moderate
26142,0,0.03072524,Low
26143,0,0.02891967,Low
26144,0,0.18891785,Moderate
26145,0,0.02880306,Low
26146,0,0.07819192,Low
26147,0,0.33306774,High
26148,0,0.11169085,Moderate
26149,1,0.66330135,Very High
26150,0,0.09921968,Low
26151,1,0.7190162,Very High
26152,0,0.05713765,Low
26153,0,0.064625956,Low
26154,0,0.101161376,Moderate
26155,0,0.17413881,Moderate
26156,0,0.11442217,Moderate
26157,0,0.047878515,Low
26158,0,0.09869623,Low
26159,1,0.11545253,Moderate
26160,0,0.09855147,Low
26161,0,0.14422084,Moderate
26162,0,0.04881081,Low
26163,0,0.06391289,Low
26164,0,0.06841253,Low
26165,1,0.307148,High
26166,0,0.067514025,Low
26167,0,0.050728783,Low
26168,1,0.6824324,Very High
26169,1,0.4093861,High
26170,0,0.23325403,Moderate
26171,1,0.7346412,Very High
26172,0,0.12623803,Moderate
26173,0,0.22731917,Moderate
26174,1,0.77234584,Very High
26175,0,0.13947546,Moderate
26176,0,0.03634223,Low
26177,0,0.029970214,Low
26178,0,0.22789581,Moderate
26179,0,0.07480167,Low
26180,0,0.10666292,Moderate
26181,0,0.14097777,Moderate
26182,0,0.09924733,Low
26183,0,0.17517936,Moderate
26184,0,0.24039757,Moderate
26185,1,0.20519625,Moderate
26186,0,0.1349906,Moderate
26187,0,0.04564944,Low
26188,0,0.13977835,Moderate
26189,1,0.44643041,High
26190,0,0.079042315,Low
26191,0,0.029654281,Low
26192,0,0.10247062,Moderate
26193,1,0.08460477,Low
26194,0,0.12389844,Moderate
26195,0,0.07434068,Low
26196,0,0.19600977,Moderate
26197,0,0.038643397,Low
26198,0,0.04942819,Low
26199,0,0.1455999,Moderate
26200,0,0.11755432,Moderate
26201,0,0.16475786,Moderate
26202,0,0.08029205,Low
26203,0,0.0695029,Low
26204,0,0.13859682,Moderate
26205,0,0.04901746,Low
26206,0,0.21950044,Moderate
26207,0,0.12050139,Moderate
26208,0,0.05003266,Low
26209,0,0.02962071,Low
26210,0,0.15254667,Moderate
26211,0,0.07594047,Low
26212,0,0.25476295,High
26213,0,0.09052912,Low
26214,0,0.12414408,Moderate
26215,0,0.04114431,Low
26216,0,0.20759793,Moderate
26217,1,0.72819877,Very High
26218,0,0.2053437,Moderate
26219,1,0.13657264,Moderate
26220,0,0.14742094,Moderate
26221,0,0.27909037,High
26222,0,0.24771474,Moderate
26223,0,0.12328173,Moderate
26224,0,0.067482434,Low
26225,0,0.08297969,Low
26226,0,0.03054425,Low
26227,0,0.20997284,Moderate
26228,0,0.1306412,Moderate
26229,0,0.0574742,Low
26230,0,0.06710251,Low
26231,1,0.39733523,High
26232,0,0.087218456,Low
26233,0,0.1417741,Moderate
26234,0,0.078859404,Low
26235,1,0.6612401,Very High
26236,1,0.15411378,Moderate
26237,0,0.030704902,Low
26238,0,0.060490515,Low
26239,0,0.105073094,Moderate
26240,0,0.045842815,Low
26241,0,0.052809216,Low
26242,0,0.04774205,Low
26243,0,0.07927761,Low
26244,1,0.56512624,Very High
26245,0,0.17039812,Moderate
26246,0,0.12645967,Moderate
26247,1,0.4045414,High
26248,0,0.044900008,Low
26249,0,0.12709653,Moderate
26250,0,0.32173756,High
26251,0,0.027475964,Low
26252,0,0.025965327,Low
26253,0,0.19273832,Moderate
26254,0,0.1401213,Moderate
26255,0,0.15404215,Moderate
26256,0,0.23075734,Moderate
26257,0,0.053051904,Low
26258,0,0.0830821,Low
26259,0,0.12261254,Moderate
26260,0,0.4716335,High
26261,1,0.23446906,Moderate
26262,0,0.07339666,Low
26263,0,0.09103983,Low
26264,0,0.1174176,Moderate
26265,0,0.15622666,Moderate
26266,0,0.33832425,High
26267,0,0.07772345,Low
26268,0,0.03544269,Low
26269,0,0.12553062,Moderate
26270,0,0.070258535,Low
26271,1,0.11680143,Moderate
26272,0,0.24525501,Moderate
26273,0,0.35432327,High
26274,0,0.058538746,Low
26275,0,0.1947382,Moderate
26276,0,0.14770523,Moderate
26277,0,0.57374656,Very High
26278,0,0.19811746,Moderate
26279,1,0.2144428,Moderate
26280,0,0.23196708,Moderate
26281,0,0.7376276,Very High
26282,0,0.039378915,Low
26283,0,0.040599808,Low
26284,0,0.22062312,Moderate
26285,1,0.18585448,Moderate
26286,0,0.03363433,Low
26287,0,0.027274838,Low
26288,0,0.06042202,Low
26289,1,0.3778481,High
26290,0,0.05189732,Low
26291,0,0.10799014,Moderate
26292,0,0.09670071,Low
26293,0,0.13582897,Moderate
26294,0,0.17530358,Moderate
26295,1,0.28999624,High
26296,0,0.24233852,Moderate
26297,0,0.05100731,Low
26298,1,0.7326935,Very High
26299,0,0.08892781,Low
26300,0,0.15543331,Moderate
26301,1,0.76407695,Very High
26302,0,0.11258126,Moderate
26303,0,0.049728353,Low
26304,0,0.51108724,Very High
26305,0,0.034930553,Low
26306,0,0.145866,Moderate
26307,0,0.22488041,Moderate
26308,1,0.68165207,Very High
26309,0,0.0979838,Low
26310,0,0.17483662,Moderate
26311,0,0.26362848,High
26312,0,0.08902469,Low
26313,1,0.3364178,High
26314,1,0.6492201,Very High
26315,1,0.55976576,Very High
26316,1,0.14618413,Moderate
26317,0,0.053580295,Low
26318,0,0.17349212,Moderate
26319,1,0.24508217,Moderate
26320,0,0.08614202,Low
26321,0,0.11395226,Moderate
26322,1,0.16487141,Moderate
26323,0,0.32696876,High
26324,0,0.1228321,Moderate
26325,1,0.06996917,Low
26326,0,0.15293993,Moderate
26327,1,0.4588013,High
26328,1,0.41823545,High
26329,0,0.04929704,Low
26330,0,0.22222999,Moderate
26331,0,0.09536308,Low
26332,0,0.089578964,Low
26333,0,0.13049912,Moderate
26334,0,0.05126167,Low
26335,0,0.22425519,Moderate
26336,1,0.101757385,Moderate
26337,0,0.13271761,Moderate
26338,0,0.049259998,Low
26339,0,0.057724454,Low
26340,1,0.059937783,Low
26341,0,0.09309297,Low
26342,0,0.026514826,Low
26343,0,0.08236104,Low
26344,0,0.08922108,Low
26345,0,0.13690457,Moderate
26346,0,0.108031,Moderate
26347,1,0.30934063,High
26348,0,0.6070329,Very High
26349,0,0.09943838,Low
26350,0,0.2334497,Moderate
26351,0,0.069318525,Low
26352,0,0.09001283,Low
26353,1,0.1075954,Moderate
26354,0,0.28272882,High
26355,0,0.27214563,High
26356,0,0.1314647,Moderate
26357,0,0.07390918,Low
26358,0,0.11245986,Moderate
26359,0,0.67995775,Very High
26360,0,0.023729334,Low
26361,0,0.058218885,Low
26362,0,0.15727769,Moderate
26363,0,0.16302562,Moderate
26364,0,0.14388162,Moderate
26365,0,0.12945975,Moderate
26366,0,0.17648113,Moderate
26367,0,0.117547594,Moderate
26368,1,0.21944669,Moderate
26369,0,0.11388121,Moderate
26370,0,0.027845636,Low
26371,1,0.4163792,High
26372,0,0.07913146,Low
26373,0,0.49996138,High
26374,0,0.18700777,Moderate
26375,1,0.45257813,High
26376,0,0.3566732,High
26377,1,0.15667532,Moderate
26378,0,0.018807577,Low
26379,1,0.7592678,Very High
26380,0,0.36619368,High
26381,0,0.047964983,Low
26382,0,0.49678758,High
26383,0,0.044136126,Low
26384,0,0.0563473,Low
26385,0,0.05349911,Low
26386,0,0.09891755,Low
26387,0,0.22585751,Moderate
26388,0,0.0386813,Low
26389,0,0.09762515,Low
26390,0,0.12887041,Moderate
26391,1,0.567001,Very High
26392,0,0.04926442,Low
26393,0,0.07237314,Low
26394,0,0.10667853,Moderate
26395,0,0.72212994,Very High
26396,0,0.0597298,Low
26397,0,0.079311535,Low
26398,0,0.07169552,Low
26399,0,0.098177396,Low
26400,0,0.07148413,Low
26401,0,0.024715966,Low
26402,0,0.13800913,Moderate
26403,0,0.1022028,Moderate
26404,0,0.0732323,Low
26405,1,0.26902246,High
26406,0,0.28367066,High
26407,0,0.2565183,High
26408,0,0.16418582,Moderate
26409,1,0.18813033,Moderate
26410,0,0.11552986,Moderate
26411,0,0.07877193,Low
26412,0,0.103191644,Moderate
26413,0,0.51912403,Very High
26414,0,0.054713115,Low
26415,0,0.036152728,Low
26416,0,0.24157381,Moderate
26417,0,0.11039466,Moderate
26418,0,0.09792622,Low
26419,0,0.26127586,High
26420,0,0.16196337,Moderate
26421,1,0.1090014,Moderate
26422,0,0.2043177,Moderate
26423,0,0.04816233,Low
26424,0,0.04911984,Low
26425,0,0.099144556,Low
26426,0,0.061539616,Low
26427,1,0.18613663,Moderate
26428,0,0.066298634,Low
26429,0,0.061364826,Low
26430,0,0.14185886,Moderate
26431,0,0.0983604,Low
26432,0,0.13428867,Moderate
26433,0,0.11660424,Moderate
26434,0,0.025765479,Low
26435,0,0.048812073,Low
26436,0,0.2740126,High
26437,0,0.1279454,Moderate
26438,0,0.123828396,Moderate
26439,0,0.08637901,Low
26440,0,0.15608151,Moderate
26441,0,0.83627206,Very High
26442,1,0.45141354,High
26443,1,0.08384162,Low
26444,0,0.11522491,Moderate
26445,0,0.46286654,High
26446,1,0.2956308,High
26447,1,0.6256121,Very High
26448,0,0.082888156,Low
26449,1,0.10724101,Moderate
26450,0,0.12050308,Moderate
26451,0,0.076683804,Low
26452,0,0.16316676,Moderate
26453,0,0.09375143,Low
26454,1,0.31771815,High
26455,1,0.75037915,Very High
26456,0,0.05561681,Low
26457,1,0.22401679,Moderate
26458,0,0.4542156,High
26459,0,0.102835394,Moderate
26460,1,0.2369752,Moderate
26461,0,0.11466974,Moderate
26462,0,0.057816647,Low
26463,0,0.1781823,Moderate
26464,1,0.40531147,High
26465,0,0.12716806,Moderate
26466,1,0.091530874,Low
26467,1,0.06492592,Low
26468,0,0.06456675,Low
26469,0,0.09797786,Low
26470,0,0.21497491,Moderate
26471,0,0.11169875,Moderate
26472,0,0.22625713,Moderate
26473,1,0.13595448,Moderate
26474,0,0.04692937,Low
26475,0,0.06914463,Low
26476,1,0.27530983,High
26477,0,0.022762295,Low
26478,0,0.11634592,Moderate
26479,0,0.13039209,Moderate
26480,1,0.24508378,Moderate
26481,0,0.14895909,Moderate
26482,0,0.17933892,Moderate
26483,0,0.1532418,Moderate
26484,0,0.4440004,High
26485,1,0.83995044,Very High
26486,0,0.12045218,Moderate
26487,1,0.35568768,High
26488,0,0.16925254,Moderate
26489,0,0.08193363,Low
26490,0,0.074915916,Low
26491,0,0.33952248,High
26492,0,0.13068599,Moderate
26493,1,0.12064604,Moderate
26494,0,0.13776721,Moderate
26495,1,0.6883896,Very High
26496,0,0.23821165,Moderate
26497,0,0.15436219,Moderate
26498,0,0.068673536,Low
26499,0,0.12861551,Moderate
26500,0,0.10584928,Moderate
26501,1,0.7371693,Very High
26502,1,0.0692076,Low
26503,1,0.5861686,Very High
26504,0,0.10369335,Moderate
26505,0,0.1861015,Moderate
26506,0,0.1223959,Moderate
26507,1,0.86299115,Very High
26508,0,0.05307076,Low
26509,0,0.10890603,Moderate
26510,0,0.104353875,Moderate
26511,0,0.34160617,High
26512,0,0.43977815,High
26513,0,0.17986883,Moderate
26514,1,0.38350555,High
26515,0,0.17477816,Moderate
26516,0,0.08484001,Low
26517,0,0.65230477,Very High
26518,1,0.21044266,Moderate
26519,0,0.44492322,High
26520,0,0.3385318,High
26521,1,0.2935697,High
26522,0,0.12298535,Moderate
26523,0,0.062395487,Low
26524,0,0.03503652,Low
26525,1,0.49672464,High
26526,0,0.12391067,Moderate
26527,0,0.2286569,Moderate
26528,0,0.09638678,Low
26529,1,0.09111369,Low
26530,0,0.16162874,Moderate
26531,1,0.72519845,Very High
26532,0,0.092786245,Low
26533,0,0.0837718,Low
26534,1,0.3142948,High
26535,1,0.21776786,Moderate
26536,1,0.5739833,Very High
26537,0,0.13024722,Moderate
26538,0,0.2246582,Moderate
26539,0,0.20627399,Moderate
26540,0,0.27674663,High
26541,0,0.28375056,High
26542,1,0.1456669,Moderate
26543,0,0.0929285,Low
26544,0,0.12884474,Moderate
26545,0,0.054972783,Low
26546,0,0.18182965,Moderate
26547,0,0.05997401,Low
26548,0,0.14125744,Moderate
26549,0,0.11983271,Moderate
26550,0,0.025013104,Low
26551,1,0.114699684,Moderate
26552,1,0.17577963,Moderate
26553,0,0.15672456,Moderate
26554,0,0.099580966,Low
26555,0,0.53529185,Very High
26556,0,0.12624824,Moderate
26557,1,0.7070245,Very High
26558,0,0.16458051,Moderate
26559,1,0.17230615,Moderate
26560,0,0.15010612,Moderate
26561,0,0.6723885,Very High
26562,0,0.07699589,Low
26563,0,0.06987004,Low
26564,0,0.16283366,Moderate
26565,0,0.7378063,Very High
26566,0,0.053579494,Low
26567,0,0.14006615,Moderate
26568,0,0.29637453,High
26569,0,0.051592886,Low
26570,1,0.6641836,Very High
26571,0,0.17216493,Moderate
26572,0,0.19030246,Moderate
26573,0,0.06073976,Low
26574,0,0.18146536,Moderate
26575,0,0.14971995,Moderate
26576,0,0.41510993,High
26577,0,0.14984088,Moderate
26578,0,0.06468849,Low
26579,0,0.28493044,High
26580,0,0.72488284,Very High
26581,0,0.09534309,Low
26582,0,0.14137162,Moderate
26583,1,0.086100645,Low
26584,0,0.048855685,Low
26585,1,0.39846385,High
26586,1,0.24686636,Moderate
26587,1,0.26219007,High
26588,1,0.51470476,Very High
26589,1,0.6562307,Very High
26590,0,0.13105835,Moderate
26591,0,0.12553315,Moderate
26592,0,0.077263206,Low
26593,0,0.048229635,Low
26594,0,0.14934704,Moderate
26595,0,0.095886834,Low
26596,0,0.23690748,Moderate
26597,0,0.20080823,Moderate
26598,0,0.22151738,Moderate
26599,1,0.437566,High
26600,0,0.030331606,Low
26601,0,0.14449763,Moderate
26602,0,0.1988364,Moderate
26603,0,0.2735492,High
26604,0,0.14031036,Moderate
26605,0,0.081900835,Low
26606,1,0.9074245,Very High
26607,0,0.12226994,Moderate
26608,0,0.09451326,Low
26609,0,0.21134767,Moderate
26610,1,0.55747515,Very High
26611,0,0.2164774,Moderate
26612,0,0.32329968,High
26613,0,0.18214765,Moderate
26614,0,0.34644943,High
26615,0,0.59879756,Very High
26616,1,0.64920306,Very High
26617,0,0.2324225,Moderate
26618,0,0.3372584,High
26619,1,0.19147204,Moderate
26620,1,0.76464486,Very High
26621,1,0.21286857,Moderate
26622,0,0.16632837,Moderate
26623,0,0.19642784,Moderate
26624,0,0.124958664,Moderate
26625,1,0.1658142,Moderate
26626,0,0.08095219,Low
26627,1,0.16725811,Moderate
26628,1,0.6304882,Very High
26629,0,0.1259854,Moderate
26630,0,0.17923124,Moderate
26631,0,0.15432797,Moderate
26632,0,0.43013474,High
26633,0,0.25781593,High
26634,1,0.339801,High
26635,0,0.27240756,High
26636,1,0.5153751,Very High
26637,0,0.35915396,High
26638,0,0.09425982,Low
26639,0,0.21784084,Moderate
26640,0,0.12840648,Moderate
26641,1,0.86362505,Very High
26642,0,0.2101233,Moderate
26643,0,0.14385627,Moderate
26644,1,0.7968724,Very High
26645,1,0.2617271,High
26646,1,0.22029477,Moderate
26647,0,0.10109968,Moderate
26648,1,0.698056,Very High
26649,1,0.1398171,Moderate
26650,0,0.56025946,Very High
26651,0,0.6592361,Very High
26652,1,0.66151184,Very High
26653,0,0.13032877,Moderate
26654,0,0.109462366,Moderate
26655,0,0.19219747,Moderate
26656,0,0.35753512,High
26657,1,0.19252065,Moderate
26658,0,0.14498703,Moderate
26659,1,0.47604862,High
26660,0,0.32276833,High
26661,0,0.072260745,Low
26662,0,0.19161442,Moderate
26663,0,0.174725,Moderate
26664,1,0.68004626,Very High
26665,0,0.18889028,Moderate
26666,0,0.22649734,Moderate
26667,0,0.17686558,Moderate
26668,0,0.12414893,Moderate
26669,0,0.10285774,Moderate
26670,0,0.054053575,Low
26671,0,0.21099399,Moderate
26672,0,0.20049903,Moderate
26673,0,0.21188062,Moderate
26674,0,0.386046,High
26675,0,0.109268874,Moderate
26676,0,0.15580349,Moderate
26677,0,0.039618786,Low
26678,0,0.040193375,Low
26679,0,0.1391183,Moderate
26680,0,0.1931816,Moderate
26681,1,0.7161699,Very High
26682,0,0.11084202,Moderate
26683,0,0.16903862,Moderate
26684,0,0.22466168,Moderate
26685,0,0.3619841,High
26686,1,0.68975943,Very High
26687,0,0.4970227,High
26688,0,0.590437,Very High
26689,1,0.26310426,High
26690,1,0.58010876,Very High
26691,0,0.068559326,Low
26692,0,0.34388706,High
26693,1,0.12909368,Moderate
26694,0,0.10042654,Moderate
26695,0,0.26016352,High
26696,0,0.11289863,Moderate
26697,0,0.20778513,Moderate
26698,0,0.1632023,Moderate
26699,0,0.16161251,Moderate
26700,1,0.14063695,Moderate
26701,1,0.10712226,Moderate
26702,0,0.23471203,Moderate
26703,0,0.5449153,Very High
26704,0,0.08479994,Low
26705,0,0.037286658,Low
26706,0,0.1387977,Moderate
26707,1,0.6497316,Very High
26708,0,0.17044455,Moderate
26709,0,0.09969796,Low
26710,0,0.10478363,Moderate
26711,1,0.6816489,Very High
26712,0,0.079567015,Low
26713,0,0.83067614,Very High
26714,0,0.044277087,Low
26715,0,0.13969535,Moderate
26716,1,0.46744308,High
26717,0,0.048565097,Low
26718,0,0.2488608,Moderate
26719,0,0.1586233,Moderate
26720,1,0.5937252,Very High
26721,0,0.14563613,Moderate
26722,0,0.07019013,Low
26723,0,0.068015255,Low
26724,0,0.24834785,Moderate
26725,0,0.08391747,Low
26726,0,0.04932273,Low
26727,0,0.17543758,Moderate
26728,0,0.07453234,Low
26729,1,0.518848,Very High
26730,0,0.14240344,Moderate
26731,0,0.13831432,Moderate
26732,0,0.10010155,Moderate
26733,0,0.12839665,Moderate
26734,1,0.5387957,Very High
26735,0,0.17812562,Moderate
26736,0,0.06434955,Low
26737,1,0.3894787,High
26738,0,0.10333554,Moderate
26739,1,0.5992987,Very High
26740,1,0.31683972,High
26741,1,0.37930742,High
26742,0,0.3316187,High
26743,0,0.091421604,Low
26744,0,0.28378564,High
26745,0,0.11934199,Moderate
26746,0,0.041741032,Low
26747,1,0.49622193,High
26748,1,0.14631093,Moderate
26749,0,0.08031757,Low
26750,1,0.67694956,Very High
26751,0,0.11114736,Moderate
26752,0,0.24554466,Moderate
26753,0,0.059210423,Low
26754,0,0.041942872,Low
26755,0,0.18985918,Moderate
26756,0,0.13229689,Moderate
26757,0,0.040089305,Low
26758,0,0.3570982,High
26759,0,0.103766605,Moderate
26760,1,0.16636334,Moderate
26761,0,0.040613133,Low
26762,0,0.26191187,High
26763,0,0.12650587,Moderate
26764,0,0.11300275,Moderate
26765,1,0.73556185,Very High
26766,1,0.19616202,Moderate
26767,0,0.16115856,Moderate
26768,0,0.1907513,Moderate
26769,1,0.11952421,Moderate
26770,0,0.14490995,Moderate
26771,0,0.11136892,Moderate
26772,0,0.17432593,Moderate
26773,0,0.104575425,Moderate
26774,1,0.7888441,Very High
26775,0,0.63183033,Very High
26776,0,0.2341916,Moderate
26777,0,0.19002524,Moderate
26778,1,0.19437946,Moderate
26779,0,0.059823282,Low
26780,0,0.5405071,Very High
26781,0,0.032226864,Low
26782,1,0.3762843,High
26783,0,0.0274121,Low
26784,0,0.07291366,Low
26785,1,0.8266458,Very High
26786,0,0.6357982,Very High
26787,0,0.07986159,Low
26788,0,0.044539656,Low
26789,1,0.15859997,Moderate
26790,0,0.21374919,Moderate
26791,0,0.16318412,Moderate
26792,0,0.032859612,Low
26793,0,0.3754311,High
26794,0,0.027583934,Low
26795,0,0.045957632,Low
26796,0,0.12195183,Moderate
26797,0,0.082747504,Low
26798,0,0.12560372,Moderate
26799,0,0.0681995,Low
26800,0,0.12936342,Moderate
26801,0,0.0882854,Low
26802,1,0.917911,Very High
26803,0,0.18077011,Moderate
26804,1,0.6351111,Very High
26805,0,0.121180296,Moderate
26806,0,0.28800315,High
26807,0,0.024765588,Low
26808,0,0.03480305,Low
26809,1,0.1456789,Moderate
26810,0,0.03399129,Low
26811,0,0.16072717,Moderate
26812,0,0.24282783,Moderate
26813,0,0.054636296,Low
26814,1,0.13224782,Moderate
26815,0,0.14263761,Moderate
26816,0,0.24872077,Moderate
26817,0,0.11478773,Moderate
26818,0,0.118091896,Moderate
26819,1,0.32531667,High
26820,0,0.08242626,Low
26821,0,0.037952334,Low
26822,0,0.09535975,Low
26823,0,0.29981193,High
26824,0,0.09232754,Low
26825,0,0.14442044,Moderate
26826,0,0.06281559,Low
26827,1,0.6496505,Very High
26828,0,0.15196873,Moderate
26829,0,0.09881481,Low
26830,1,0.13824205,Moderate
26831,1,0.29666352,High
26832,0,0.029789591,Low
26833,0,0.044768512,Low
26834,0,0.04185003,Low
26835,0,0.03860978,Low
26836,0,0.17312564,Moderate
26837,0,0.06911604,Low
26838,0,0.2660303,High
26839,0,0.061235823,Low
26840,0,0.19267775,Moderate
26841,0,0.3067237,High
26842,0,0.10218555,Moderate
26843,0,0.092973545,Low
26844,0,0.14599723,Moderate
26845,0,0.2945165,High
26846,1,0.7655629,Very High
26847,1,0.6952796,Very High
26848,0,0.12769881,Moderate
26849,0,0.54053223,Very High
26850,1,0.7932422,Very High
26851,0,0.018917868,Low
26852,0,0.30789238,High
26853,0,0.10503855,Moderate
26854,1,0.41123876,High
26855,0,0.17733541,Moderate
26856,0,0.13635485,Moderate
26857,1,0.42928076,High
26858,0,0.047889188,Low
26859,1,0.83161175,Very High
26860,0,0.0330424,Low
26861,0,0.082207106,Low
26862,0,0.0612135,Low
26863,0,0.115051106,Moderate
26864,0,0.096661106,Low
26865,0,0.25725213,High
26866,1,0.6185388,Very High
26867,1,0.14229205,Moderate
26868,0,0.10869305,Moderate
26869,0,0.06780013,Low
26870,0,0.055968095,Low
26871,1,0.69394976,Very High
26872,0,0.07142643,Low
26873,0,0.15938534,Moderate
26874,0,0.2336013,Moderate
26875,0,0.040976364,Low
26876,0,0.042549305,Low
26877,0,0.111341424,Moderate
26878,0,0.06757102,Low
26879,0,0.044226952,Low
26880,0,0.47636312,High
26881,0,0.82275844,Very High
26882,0,0.038609516,Low
26883,0,0.026822621,Low
26884,1,0.29369777,High
26885,1,0.1234983,Moderate
26886,0,0.019619375,Low
26887,0,0.075859316,Low
26888,0,0.1486058,Moderate
26889,0,0.036776535,Low
26890,1,0.7496114,Very High
26891,0,0.0603577,Low
26892,1,0.21047515,Moderate
26893,0,0.50843114,Very High
26894,0,0.14851181,Moderate
26895,0,0.14127372,Moderate
26896,0,0.16030912,Moderate
26897,1,0.27423257,High
26898,0,0.13676094,Moderate
26899,0,0.10079687,Moderate
26900,1,0.4987551,High
26901,0,0.06465951,Low
26902,0,0.19186339,Moderate
26903,0,0.144699,Moderate
26904,0,0.07661742,Low
26905,0,0.02021725,Low
26906,0,0.061794076,Low
26907,0,0.10485642,Moderate
26908,0,0.15210268,Moderate
26909,0,0.16734512,Moderate
26910,0,0.035648976,Low
26911,0,0.51099455,Very High
26912,0,0.08549513,Low
26913,0,0.15280029,Moderate
26914,1,0.20946763,Moderate
26915,1,0.81054336,Very High
26916,0,0.05988568,Low
26917,0,0.80168796,Very High
26918,0,0.22282885,Moderate
26919,0,0.28679702,High
26920,1,0.32429406,High
26921,0,0.053115804,Low
26922,1,0.12119919,Moderate
26923,0,0.2602536,High
26924,0,0.062158428,Low
26925,0,0.07847789,Low
26926,1,0.60726523,Very High
26927,0,0.027599707,Low
26928,0,0.084913805,Low
26929,0,0.41638777,High
26930,1,0.52451575,Very High
26931,1,0.12798858,Moderate
26932,0,0.06440705,Low
26933,1,0.29041952,High
26934,0,0.023709202,Low
26935,1,0.6640123,Very High
26936,0,0.3166363,High
26937,1,0.45761535,High
26938,0,0.08547394,Low
26939,1,0.12362955,Moderate
26940,0,0.025271626,Low
26941,0,0.06952766,Low
26942,0,0.06040912,Low
26943,1,0.6436501,Very High
26944,1,0.4258263,High
26945,0,0.08411646,Low
26946,0,0.10131583,Moderate
26947,0,0.25581264,High
26948,1,0.81472266,Very High
26949,0,0.16241495,Moderate
26950,0,0.080359146,Low
26951,0,0.040557835,Low
26952,0,0.36302114,High
26953,0,0.14655013,Moderate
26954,0,0.08786596,Low
26955,0,0.037856735,Low
26956,0,0.10222925,Moderate
26957,0,0.04854624,Low
26958,0,0.037740827,Low
26959,0,0.0671588,Low
26960,0,0.054171167,Low
26961,0,0.15387155,Moderate
26962,0,0.087138444,Low
26963,0,0.040828515,Low
26964,0,0.021341613,Low
26965,0,0.2555969,High
26966,1,0.40730476,High
26967,0,0.19098346,Moderate
26968,0,0.04457861,Low
26969,0,0.073238075,Low
26970,0,0.031245064,Low
26971,1,0.4529754,High
26972,0,0.07332553,Low
26973,0,0.028150974,Low
26974,0,0.022462303,Low
26975,1,0.15699428,Moderate
26976,0,0.07980251,Low
26977,0,0.05751165,Low
26978,0,0.05184203,Low
26979,0,0.55535245,Very High
26980,0,0.08570304,Low
26981,0,0.109275445,Moderate
26982,0,0.10384333,Moderate
26983,0,0.09264758,Low
26984,0,0.042130996,Low
26985,0,0.2238911,Moderate
26986,0,0.19009086,Moderate
26987,0,0.05180439,Low
26988,0,0.10930572,Moderate
26989,0,0.050419275,Low
26990,0,0.02386222,Low
26991,0,0.32178482,High
26992,0,0.088159606,Low
26993,0,0.061301865,Low
26994,0,0.36308622,High
26995,0,0.019595915,Low
26996,0,0.10320561,Moderate
26997,1,0.78447735,Very High
26998,0,0.043293536,Low
26999,0,0.216082,Moderate
27000,0,0.08279852,Low
27001,0,0.2429323,Moderate
27002,0,0.12041954,Moderate
27003,0,0.16591127,Moderate
27004,0,0.16908827,Moderate
27005,0,0.12930222,Moderate
27006,1,0.43083087,High
27007,0,0.28472,High
27008,0,0.09473381,Low
27009,0,0.2257015,Moderate
27010,0,0.075005636,Low
27011,0,0.5680159,Very High
27012,0,0.12289624,Moderate
27013,0,0.051801953,Low
27014,1,0.48209018,High
27015,0,0.12517104,Moderate
27016,0,0.09489274,Low
27017,0,0.03230453,Low
27018,0,0.09919573,Low
27019,0,0.18960282,Moderate
27020,0,0.11621155,Moderate
27021,1,0.33846208,High
27022,0,0.21975146,Moderate
27023,0,0.07764412,Low
27024,0,0.1762793,Moderate
27025,0,0.66810894,Very High
27026,0,0.0946079,Low
27027,0,0.2271338,Moderate
27028,1,0.6484971,Very High
27029,1,0.23267764,Moderate
27030,0,0.14276074,Moderate
27031,0,0.11262819,Moderate
27032,0,0.20302992,Moderate
27033,0,0.063906774,Low
27034,0,0.07589859,Low
27035,1,0.7422762,Very High
27036,0,0.16099879,Moderate
27037,0,0.1849722,Moderate
27038,0,0.10687524,Moderate
27039,0,0.041444663,Low
27040,1,0.16281419,Moderate
27041,0,0.06757849,Low
27042,0,0.11868376,Moderate
27043,0,0.13053802,Moderate
27044,1,0.22566874,Moderate
27045,0,0.066943616,Low
27046,0,0.075933106,Low
27047,0,0.24751642,Moderate
27048,1,0.6769203,Very High
27049,0,0.7759704,Very High
27050,1,0.41986144,High
27051,0,0.07737827,Low
27052,0,0.14620441,Moderate
27053,0,0.1500632,Moderate
27054,1,0.7764942,Very High
27055,0,0.06410751,Low
27056,0,0.16912135,Moderate
27057,0,0.39818788,High
27058,1,0.11634135,Moderate
27059,0,0.11433813,Moderate
27060,1,0.15896848,Moderate
27061,0,0.1401011,Moderate
27062,0,0.23713462,Moderate
27063,0,0.0604018,Low
27064,0,0.13245973,Moderate
27065,0,0.24030843,Moderate
27066,0,0.01965757,Low
27067,1,0.3823641,High
27068,0,0.2431418,Moderate
27069,1,0.80270934,Very High
27070,0,0.065542325,Low
27071,0,0.05138058,Low
27072,1,0.6995246,Very High
27073,0,0.080563374,Low
27074,0,0.022650586,Low
27075,1,0.14319971,Moderate
27076,0,0.07981474,Low
27077,0,0.10401061,Moderate
27078,0,0.6180396,Very High
27079,0,0.045331754,Low
27080,0,0.13410248,Moderate
27081,0,0.0834279,Low
27082,0,0.10937122,Moderate
27083,1,0.8092588,Very High
27084,0,0.038435753,Low
27085,1,0.4535539,High
27086,0,0.19788097,Moderate
27087,0,0.057715405,Low
27088,0,0.4894724,High
27089,1,0.18309662,Moderate
27090,0,0.05565157,Low
27091,0,0.30698106,High
27092,1,0.73583066,Very High
27093,0,0.21080127,Moderate
27094,0,0.15497133,Moderate
27095,0,0.10800849,Moderate
27096,0,0.04700052,Low
27097,0,0.068498924,Low
27098,0,0.10324913,Moderate
27099,0,0.23640393,Moderate
27100,0,0.077649534,Low
27101,0,0.118173346,Moderate
27102,1,0.31269896,High
27103,0,0.15417503,Moderate
27104,0,0.14647731,Moderate
27105,0,0.36826172,High
27106,1,0.2810939,High
27107,0,0.1789138,Moderate
27108,0,0.12200243,Moderate
27109,0,0.05999897,Low
27110,0,0.09319199,Low
27111,1,0.38787067,High
27112,1,0.65963835,Very High
27113,1,0.13694733,Moderate
27114,0,0.12401093,Moderate
27115,0,0.03819691,Low
27116,0,0.28594196,High
27117,0,0.24388137,Moderate
27118,0,0.11436658,Moderate
27119,0,0.14038348,Moderate
27120,1,0.09055531,Low
27121,0,0.06224126,Low
27122,1,0.5256084,Very High
27123,1,0.78330857,Very High
27124,0,0.053349912,Low
27125,0,0.13812377,Moderate
27126,0,0.12678672,Moderate
27127,0,0.17085297,Moderate
27128,0,0.061611377,Low
27129,0,0.13589837,Moderate
27130,1,0.36350262,High
27131,0,0.029462075,Low
27132,1,0.31892678,High
27133,0,0.062700525,Low
27134,0,0.09904279,Low
27135,0,0.04794226,Low
27136,0,0.03875685,Low
27137,1,0.7391123,Very High
27138,0,0.05760811,Low
27139,0,0.19301489,Moderate
27140,1,0.9062081,Very High
27141,0,0.12788929,Moderate
27142,0,0.11595057,Moderate
27143,0,0.09201999,Low
27144,0,0.35486737,High
27145,0,0.029531935,Low
27146,1,0.046443246,Low
27147,0,0.06974073,Low
27148,0,0.11096466,Moderate
27149,0,0.056289162,Low
27150,1,0.7697475,Very High
27151,0,0.39726657,High
27152,0,0.14448135,Moderate
27153,0,0.045618247,Low
27154,0,0.06793213,Low
27155,1,0.80762553,Very High
27156,0,0.20307688,Moderate
27157,1,0.628496,Very High
27158,1,0.8450367,Very High
27159,1,0.25968128,High
27160,1,0.24500772,Moderate
27161,1,0.7930449,Very High
27162,0,0.040836517,Low
27163,0,0.14116272,Moderate
27164,0,0.7570182,Very High
27165,0,0.17541957,Moderate
27166,0,0.40221542,High
27167,0,0.41138402,High
27168,1,0.21627574,Moderate
27169,0,0.2977748,High
27170,0,0.03766543,Low
27171,0,0.09836378,Low
27172,0,0.12164627,Moderate
27173,0,0.21814093,Moderate
27174,0,0.2569587,High
27175,0,0.13457909,Moderate
27176,0,0.07456987,Low
27177,0,0.36266035,High
27178,0,0.07472173,Low
27179,1,0.6516257,Very High
27180,0,0.07498929,Low
27181,0,0.14857072,Moderate
27182,0,0.056290958,Low
27183,0,0.042762887,Low
27184,0,0.03965504,Low
27185,1,0.27264744,High
27186,0,0.2152203,Moderate
27187,0,0.10499324,Moderate
27188,0,0.050357383,Low
27189,0,0.07022149,Low
27190,1,0.25343907,High
27191,0,0.76862323,Very High
27192,0,0.23850912,Moderate
27193,1,0.90616983,Very High
27194,1,0.124579504,Moderate
27195,0,0.037810564,Low
27196,1,0.750968,Very High
27197,1,0.38842383,High
27198,0,0.06805943,Low
27199,1,0.3399881,High
27200,0,0.14157598,Moderate
27201,0,0.1658894,Moderate
27202,0,0.16718732,Moderate
27203,0,0.16340932,Moderate
27204,0,0.102059275,Moderate
27205,0,0.12121635,Moderate
27206,0,0.21455246,Moderate
27207,0,0.07621148,Low
27208,0,0.14796881,Moderate
27209,0,0.17018227,Moderate
27210,1,0.44989,High
27211,0,0.13719173,Moderate
27212,1,0.75262225,Very High
27213,0,0.0754264,Low
27214,1,0.78687054,Very High
27215,0,0.803581,Very High
27216,0,0.078824535,Low
27217,1,0.8777009,Very High
27218,1,0.57257277,Very High
27219,0,0.14125438,Moderate
27220,0,0.10164177,Moderate
27221,0,0.07727473,Low
27222,1,0.8090929,Very High
27223,1,0.24009547,Moderate
27224,0,0.026423937,Low
27225,1,0.23486425,Moderate
27226,0,0.28439346,High
27227,0,0.09702947,Low
27228,0,0.026630241,Low
27229,1,0.6516902,Very High
27230,0,0.13434401,Moderate
27231,1,0.8083252,Very High
27232,0,0.011866873,Low
27233,0,0.14484765,Moderate
27234,0,0.06125881,Low
27235,0,0.13427107,Moderate
27236,0,0.4964061,High
27237,1,0.18671878,Moderate
27238,0,0.06357288,Low
27239,0,0.17530206,Moderate
27240,0,0.07486586,Low
27241,0,0.15205814,Moderate
27242,0,0.65569216,Very High
27243,1,0.11780118,Moderate
27244,1,0.1392081,Moderate
27245,0,0.11854438,Moderate
27246,0,0.09067683,Low
27247,0,0.37846047,High
27248,0,0.017550275,Low
27249,0,0.050775647,Low
27250,0,0.16856608,Moderate
27251,0,0.13067134,Moderate
27252,0,0.04752959,Low
27253,0,0.14475094,Moderate
27254,1,0.432711,High
27255,0,0.8461921,Very High
27256,0,0.13794005,Moderate
27257,0,0.089306325,Low
27258,0,0.124022,Moderate
27259,0,0.09756369,Low
27260,1,0.7564218,Very High
27261,0,0.09203076,Low
27262,0,0.5668706,Very High
27263,1,0.7904943,Very High
27264,1,0.65696996,Very High
27265,0,0.34359196,High
27266,0,0.23578066,Moderate
27267,0,0.06492185,Low
27268,1,0.8194804,Very High
27269,0,0.05768002,Low
27270,0,0.10916043,Moderate
27271,0,0.08802481,Low
27272,0,0.02378639,Low
27273,0,0.04202487,Low
27274,1,0.20449342,Moderate
27275,0,0.20445845,Moderate
27276,0,0.14541562,Moderate
27277,1,0.8164135,Very High
27278,0,0.53231865,Very High
27279,1,0.15672271,Moderate
27280,0,0.12757356,Moderate
27281,0,0.07042383,Low
27282,0,0.47054717,High
27283,0,0.16521291,Moderate
27284,0,0.07126273,Low
27285,1,0.26714945,High
27286,0,0.052201692,Low
27287,0,0.13579111,Moderate
27288,0,0.08991483,Low
27289,1,0.25734904,High
27290,0,0.09860844,Low
27291,0,0.06810166,Low
27292,0,0.20110363,Moderate
27293,0,0.046607733,Low
27294,0,0.16498995,Moderate
27295,0,0.123873934,Moderate
27296,1,0.36308622,High
27297,0,0.2072164,Moderate
27298,1,0.22953062,Moderate
27299,1,0.50984687,Very High
27300,0,0.016909016,Low
27301,0,0.15089081,Moderate
27302,0,0.1533658,Moderate
27303,0,0.07607818,Low
27304,0,0.07580292,Low
27305,0,0.04134108,Low
27306,0,0.048919518,Low
27307,0,0.08190127,Low
27308,0,0.15423293,Moderate
27309,0,0.5437448,Very High
27310,0,0.042038735,Low
27311,0,0.20385748,Moderate
27312,0,0.28237846,High
27313,0,0.04040253,Low
27314,0,0.101743944,Moderate
27315,1,0.18305616,Moderate
27316,0,0.119297,Moderate
27317,0,0.11937177,Moderate
27318,0,0.19076931,Moderate
27319,0,0.18497643,Moderate
27320,0,0.18007101,Moderate
27321,1,0.41966566,High
27322,1,0.12620567,Moderate
27323,0,0.11526285,Moderate
27324,0,0.2856146,High
27325,0,0.014594904,Low
27326,0,0.09414852,Low
27327,0,0.10651747,Moderate
27328,0,0.17719175,Moderate
27329,1,0.121545546,Moderate
27330,0,0.15475719,Moderate
27331,0,0.08089079,Low
27332,0,0.057152644,Low
27333,0,0.11779181,Moderate
27334,0,0.22870402,Moderate
27335,0,0.057131357,Low
27336,0,0.08863039,Low
27337,1,0.7036307,Very High
27338,0,0.12397332,Moderate
27339,0,0.055041116,Low
27340,0,0.28917414,High
27341,0,0.1496992,Moderate
27342,0,0.07792772,Low
27343,0,0.07104975,Low
27344,0,0.0858034,Low
27345,0,0.052318156,Low
27346,1,0.10713095,Moderate
27347,0,0.095804006,Low
27348,1,0.27510408,High
27349,0,0.08357087,Low
27350,0,0.24079947,Moderate
27351,1,0.20752615,Moderate
27352,0,0.16729642,Moderate
27353,0,0.115934156,Moderate
27354,1,0.7384526,Very High
27355,1,0.50958496,Very High
27356,0,0.13439184,Moderate
27357,0,0.2069876,Moderate
27358,0,0.020157918,Low
27359,0,0.06734055,Low
27360,0,0.10367097,Moderate
27361,0,0.62231165,Very High
27362,1,0.14435814,Moderate
27363,0,0.10879926,Moderate
27364,0,0.10648733,Moderate
27365,0,0.20305197,Moderate
27366,0,0.3051607,High
27367,0,0.034955163,Low
27368,0,0.7198622,Very High
27369,0,0.3430307,High
27370,0,0.027734315,Low
27371,0,0.105199024,Moderate
27372,0,0.016672652,Low
27373,1,0.6647557,Very High
27374,0,0.116171665,Moderate
27375,1,0.19178867,Moderate
27376,1,0.22348899,Moderate
27377,0,0.06464572,Low
27378,0,0.066029295,Low
27379,0,0.17112951,Moderate
27380,0,0.1736007,Moderate
27381,0,0.033400368,Low
27382,0,0.09756728,Low
27383,0,0.0559368,Low
27384,0,0.05070706,Low
27385,1,0.7304011,Very High
27386,0,0.16799504,Moderate
27387,1,0.7421809,Very High
27388,0,0.15278059,Moderate
27389,0,0.20731023,Moderate
27390,1,0.23853917,Moderate
27391,0,0.041640904,Low
27392,0,0.03773739,Low
27393,0,0.118901916,Moderate
27394,1,0.7083197,Very High
27395,0,0.050828394,Low
27396,0,0.034687478,Low
27397,0,0.17504202,Moderate
27398,0,0.30048522,High
27399,0,0.14220835,Moderate
27400,0,0.11154335,Moderate
27401,0,0.16488443,Moderate
27402,0,0.097755514,Low
27403,0,0.19667776,Moderate
27404,0,0.049097706,Low
27405,0,0.13498296,Moderate
27406,0,0.25871503,High
27407,0,0.2711023,High
27408,0,0.08497376,Low
27409,0,0.06296871,Low
27410,0,0.07172519,Low
27411,0,0.103563525,Moderate
27412,0,0.09585701,Low
27413,0,0.053299543,Low
27414,0,0.07766789,Low
27415,0,0.13396914,Moderate
27416,1,0.37713352,High
27417,1,0.3438128,High
27418,0,0.083726555,Low
27419,0,0.13429461,Moderate
27420,1,0.33786857,High
27421,0,0.35407573,High
27422,0,0.176847,Moderate
27423,0,0.082788184,Low
27424,0,0.13343981,Moderate
27425,1,0.15383959,Moderate
27426,1,0.07977935,Low
27427,0,0.2633406,High
27428,1,0.5655907,Very High
27429,1,0.20025335,Moderate
27430,0,0.07487321,Low
27431,1,0.15542495,Moderate
27432,1,0.25205135,High
27433,0,0.28515613,High
27434,0,0.09399122,Low
27435,1,0.2136438,Moderate
27436,0,0.08838032,Low
27437,0,0.14998965,Moderate
27438,0,0.017279435,Low
27439,0,0.04596057,Low
27440,0,0.63354176,Very High
27441,1,0.87746066,Very High
27442,1,0.51128066,Very High
27443,0,0.39410624,High
27444,0,0.18997382,Moderate
27445,0,0.034730133,Low
27446,0,0.13205108,Moderate
27447,0,0.083762854,Low
27448,0,0.13947533,Moderate
27449,1,0.6130445,Very High
27450,0,0.20233461,Moderate
27451,0,0.059680548,Low
27452,0,0.092831865,Low
27453,1,0.6371952,Very High
27454,1,0.6090186,Very High
27455,0,0.33334297,High
27456,0,0.2766315,High
27457,0,0.14804643,Moderate
27458,1,0.42941454,High
27459,0,0.73893213,Very High
27460,0,0.07057484,Low
27461,0,0.14194047,Moderate
27462,0,0.07144783,Low
27463,0,0.029286511,Low
27464,0,0.55269283,Very High
27465,0,0.16525778,Moderate
27466,0,0.07020346,Low
27467,0,0.118205376,Moderate
27468,1,0.7261825,Very High
27469,0,0.17134458,Moderate
27470,0,0.23423633,Moderate
27471,1,0.673871,Very High
27472,0,0.058578998,Low
27473,0,0.10483406,Moderate
27474,1,0.79463863,Very High
27475,0,0.042796507,Low
27476,0,0.13895524,Moderate
27477,0,0.39124152,High
27478,0,0.41204807,High
27479,0,0.13467653,Moderate
27480,0,0.07906648,Low
27481,0,0.030314188,Low
27482,1,0.23267269,Moderate
27483,0,0.59206516,Very High
27484,0,0.586133,Very High
27485,1,0.77735174,Very High
27486,1,0.8748604,Very High
27487,1,0.123581305,Moderate
27488,0,0.11452935,Moderate
27489,0,0.17398967,Moderate
27490,0,0.17940864,Moderate
27491,0,0.17603932,Moderate
27492,0,0.14031635,Moderate
27493,0,0.21222119,Moderate
27494,1,0.11968436,Moderate
27495,0,0.3501324,High
27496,1,0.21311116,Moderate
27497,0,0.18231644,Moderate
27498,0,0.21840633,Moderate
27499,1,0.64162254,Very High
27500,1,0.88492376,Very High
27501,0,0.18384954,Moderate
27502,1,0.28419814,High
27503,0,0.18214516,Moderate
27504,0,0.1565445,Moderate
27505,0,0.0674618,Low
27506,0,0.065443024,Low
27507,1,0.1944694,Moderate
27508,1,0.19150555,Moderate
27509,0,0.118888944,Moderate
27510,1,0.64956516,Very High
27511,0,0.20610794,Moderate
27512,1,0.4670245,High
27513,0,0.08154922,Low
27514,0,0.099486515,Low
27515,0,0.08845465,Low
27516,0,0.1593322,Moderate
27517,0,0.23452538,Moderate
27518,0,0.3491726,High
27519,0,0.080117784,Low
27520,0,0.041537713,Low
27521,1,0.1460896,Moderate
27522,0,0.42889062,High
27523,1,0.35553136,High
27524,1,0.56291676,Very High
27525,0,0.32923743,High
27526,0,0.10986916,Moderate
27527,1,0.516593,Very High
27528,1,0.14926358,Moderate
27529,0,0.05461107,Low
27530,0,0.42564037,High
27531,0,0.15546207,Moderate
27532,0,0.03948485,Low
27533,0,0.13283591,Moderate
27534,1,0.73943204,Very High
27535,0,0.14502664,Moderate
27536,1,0.7138398,Very High
27537,1,0.9258005,Very High
27538,0,0.18227863,Moderate
27539,0,0.20998289,Moderate
27540,1,0.1572813,Moderate
27541,1,0.24554187,Moderate
27542,0,0.07529854,Low
27543,0,0.25478444,High
27544,1,0.30155143,High
27545,0,0.38220578,High
27546,1,0.13055958,Moderate
27547,0,0.26984388,High
27548,1,0.60216063,Very High
27549,1,0.77676517,Very High
27550,1,0.6338027,Very High
27551,1,0.5107316,Very High
27552,0,0.10502074,Moderate
27553,0,0.09432971,Low
27554,1,0.60738516,Very High
27555,1,0.5849658,Very High
27556,0,0.12956184,Moderate
27557,1,0.7982448,Very High
27558,0,0.101678,Moderate
27559,0,0.08448091,Low
27560,0,0.13115712,Moderate
27561,0,0.32008407,High
27562,0,0.04859528,Low
27563,0,0.20042184,Moderate
27564,0,0.09775408,Low
27565,1,0.35517883,High
27566,0,0.31961256,High
27567,0,0.6010665,Very High
27568,0,0.16344295,Moderate
27569,0,0.14491794,Moderate
27570,1,0.21301763,Moderate
27571,0,0.17671801,Moderate
27572,0,0.11899856,Moderate
27573,0,0.14978482,Moderate
27574,0,0.052112572,Low
27575,0,0.17860039,Moderate
27576,0,0.11464271,Moderate
27577,0,0.11220938,Moderate
27578,1,0.53642744,Very High
27579,0,0.14777,Moderate
27580,1,0.6374779,Very High
27581,1,0.75286317,Very High
27582,0,0.5557727,Very High
27583,0,0.16491221,Moderate
27584,0,0.067969985,Low
27585,1,0.09292607,Low
27586,1,0.61591345,Very High
27587,0,0.20094827,Moderate
27588,1,0.2903836,High
27589,0,0.0964699,Low
27590,1,0.5733362,Very High
27591,0,0.05556007,Low
27592,0,0.2858076,High
27593,1,0.20520677,Moderate
27594,0,0.14712615,Moderate
27595,0,0.21872896,Moderate
27596,1,0.1271645,Moderate
27597,0,0.11900531,Moderate
27598,0,0.04979963,Low
27599,0,0.21630193,Moderate
27600,1,0.7862274,Very High
27601,0,0.076691486,Low
27602,0,0.1325904,Moderate
27603,0,0.01882698,Low
27604,0,0.07111749,Low
27605,0,0.29442316,High
27606,0,0.21929704,Moderate
27607,1,0.16768289,Moderate
27608,0,0.056995515,Low
27609,0,0.051486827,Low
27610,0,0.09493153,Low
27611,0,0.07769237,Low
27612,0,0.1416426,Moderate
27613,1,0.76586115,Very High
27614,1,0.53935784,Very High
27615,0,0.03392677,Low
27616,1,0.66308445,Very High
27617,0,0.15105267,Moderate
27618,0,0.29802704,High
27619,1,0.772056,Very High
27620,1,0.20613529,Moderate
27621,0,0.15482597,Moderate
27622,0,0.13373998,Moderate
27623,0,0.13616104,Moderate
27624,1,0.67444295,Very High
27625,0,0.21375348,Moderate
27626,0,0.12734935,Moderate
27627,0,0.1548202,Moderate
27628,1,0.58949274,Very High
27629,0,0.13231331,Moderate
27630,0,0.13586418,Moderate
27631,1,0.72529197,Very High
27632,1,0.686165,Very High
27633,0,0.2795436,High
27634,0,0.1610393,Moderate
27635,0,0.11539448,Moderate
27636,1,0.14782278,Moderate
27637,0,0.3524775,High
27638,0,0.17014986,Moderate
27639,0,0.30832243,High
27640,0,0.48154774,High
27641,0,0.16562854,Moderate
27642,0,0.13797356,Moderate
27643,0,0.11610859,Moderate
27644,1,0.5603906,Very High
27645,0,0.090576515,Low
27646,0,0.038559385,Low
27647,0,0.09918125,Low
27648,0,0.14167567,Moderate
27649,0,0.08992735,Low
27650,0,0.07908063,Low
27651,0,0.74667907,Very High
27652,0,0.116979845,Moderate
27653,0,0.411799,High
27654,1,0.72294307,Very High
27655,1,0.5784835,Very High
27656,0,0.12983492,Moderate
27657,1,0.14742325,Moderate
27658,0,0.67346793,Very High
27659,0,0.43713552,High
27660,1,0.7762657,Very High
27661,0,0.27193698,High
27662,1,0.17658919,Moderate
27663,0,0.45399112,High
27664,1,0.3793802,High
27665,1,0.7990447,Very High
27666,1,0.21194227,Moderate
27667,0,0.06449209,Low
27668,0,0.11382118,Moderate
27669,1,0.29504097,High
27670,0,0.41758725,High
27671,1,0.64817095,Very High
27672,0,0.30867395,High
27673,0,0.14304814,Moderate
27674,1,0.3014372,High
27675,0,0.13330798,Moderate
27676,0,0.6555491,Very High
27677,0,0.061420403,Low
27678,0,0.17592166,Moderate
27679,0,0.08953185,Low
27680,0,0.09509049,Low
27681,0,0.2133958,Moderate
27682,0,0.3253704,High
27683,0,0.24499273,Moderate
27684,1,0.6217116,Very High
27685,0,0.06629763,Low
27686,0,0.33115014,High
27687,0,0.1575156,Moderate
27688,1,0.18308572,Moderate
27689,1,0.15050237,Moderate
27690,0,0.14402702,Moderate
27691,0,0.116129324,Moderate
27692,0,0.046225216,Low
27693,0,0.03891382,Low
27694,0,0.3054448,High
27695,0,0.13005602,Moderate
27696,0,0.055119723,Low
27697,1,0.51833147,Very High
27698,0,0.07351677,Low
27699,0,0.12987015,Moderate
27700,0,0.26797482,High
27701,0,0.1502509,Moderate
27702,1,0.75820124,Very High
27703,0,0.25493875,High
27704,1,0.6110481,Very High
27705,0,0.5327448,Very High
27706,0,0.09994847,Low
27707,1,0.16630745,Moderate
27708,0,0.07691933,Low
27709,1,0.1465519,Moderate
27710,0,0.12985927,Moderate
27711,0,0.17283322,Moderate
27712,0,0.09074525,Low
27713,0,0.10708323,Moderate
27714,0,0.19767073,Moderate
27715,0,0.036632653,Low
27716,0,0.29705846,High
27717,0,0.1308783,Moderate
27718,0,0.098018855,Low
27719,1,0.7525574,Very High
27720,0,0.21989775,Moderate
27721,1,0.417411,High
27722,1,0.21894152,Moderate
27723,0,0.3493416,High
27724,0,0.67537874,Very High
27725,0,0.18422619,Moderate
27726,0,0.16711926,Moderate
27727,0,0.16018187,Moderate
27728,1,0.29377967,High
27729,0,0.07384823,Low
27730,0,0.08188463,Low
27731,1,0.81067014,Very High
27732,0,0.23298863,Moderate
27733,0,0.23541652,Moderate
27734,0,0.27217048,High
27735,0,0.033848193,Low
27736,0,0.134456,Moderate
27737,1,0.7303806,Very High
27738,0,0.25225538,High
27739,0,0.12071029,Moderate
27740,1,0.18836376,Moderate
27741,0,0.17474775,Moderate
27742,0,0.15324675,Moderate
27743,0,0.5854424,Very High
27744,0,0.17131104,Moderate
27745,0,0.12539732,Moderate
27746,0,0.07665774,Low
27747,0,0.07286802,Low
27748,1,0.7373042,Very High
27749,1,0.6062082,Very High
27750,0,0.16384724,Moderate
27751,0,0.16991666,Moderate
27752,0,0.088552445,Low
27753,0,0.047764115,Low
27754,0,0.10100836,Moderate
27755,1,0.35108167,High
27756,0,0.116072655,Moderate
27757,0,0.17143317,Moderate
27758,1,0.10474449,Moderate
27759,0,0.2305824,Moderate
27760,1,0.6722661,Very High
27761,0,0.13007067,Moderate
27762,0,0.08824604,Low
27763,0,0.30187032,High
27764,0,0.13959165,Moderate
27765,0,0.12893035,Moderate
27766,0,0.21028537,Moderate
27767,1,0.33610392,High
27768,0,0.2640732,High
27769,0,0.06987214,Low
27770,0,0.13748433,Moderate
27771,0,0.12695427,Moderate
27772,0,0.048094425,Low
27773,1,0.20009404,Moderate
27774,1,0.59902966,Very High
27775,0,0.056255344,Low
27776,0,0.27485812,High
27777,0,0.045275524,Low
27778,0,0.117256925,Moderate
27779,0,0.17946371,Moderate
27780,0,0.11296917,Moderate
27781,0,0.1095182,Moderate
27782,0,0.11978132,Moderate
27783,0,0.12122765,Moderate
27784,0,0.073516026,Low
27785,0,0.034988664,Low
27786,0,0.012765273,Low
27787,0,0.13216177,Moderate
27788,0,0.14166449,Moderate
27789,0,0.06250472,Low
27790,0,0.119297,Moderate
27791,1,0.7282156,Very High
27792,0,0.11978132,Moderate
27793,0,0.104944505,Moderate
27794,0,0.52656573,Very High
27795,0,0.11266582,Moderate
27796,0,0.11609272,Moderate
27797,0,0.064844355,Low
27798,0,0.08063932,Low
27799,0,0.1062043,Moderate
27800,1,0.7170964,Very High
27801,1,0.7518183,Very High
27802,0,0.1912761,Moderate
27803,0,0.036273543,Low
27804,0,0.2100714,Moderate
27805,1,0.5271477,Very High
27806,0,0.086215936,Low
27807,0,0.08895615,Low
27808,1,0.19281024,Moderate
27809,0,0.074255675,Low
27810,0,0.62522036,Very High
27811,0,0.16930471,Moderate
27812,0,0.13603121,Moderate
27813,1,0.30529517,High
27814,0,0.32734987,High
27815,0,0.07291039,Low
27816,0,0.032924317,Low
27817,0,0.09886952,Low
27818,0,0.11302635,Moderate
27819,0,0.069902055,Low
27820,0,0.11127202,Moderate
27821,0,0.24853344,Moderate
27822,0,0.046451937,Low
27823,0,0.11589754,Moderate
27824,1,0.4470357,High
27825,0,0.091852285,Low
27826,0,0.13196556,Moderate
27827,1,0.6873466,Very High
27828,0,0.10674146,Moderate
27829,0,0.051304042,Low
27830,0,0.31689438,High
27831,0,0.096052125,Low
27832,0,0.046067756,Low
27833,0,0.06932464,Low
27834,1,0.30806017,High
27835,0,0.08019272,Low
27836,0,0.1294659,Moderate
27837,0,0.122344606,Moderate
27838,1,0.2380793,Moderate
27839,0,0.37880212,High
27840,1,0.6885363,Very High
27841,0,0.30375862,High
27842,0,0.71622807,Very High
27843,0,0.48162982,High
27844,0,0.38966796,High
27845,0,0.04854321,Low
27846,1,0.72823036,Very High
27847,0,0.09150285,Low
27848,0,0.31709364,High
27849,0,0.08637802,Low
27850,0,0.6029866,Very High
27851,0,0.1466634,Moderate
27852,0,0.6681963,Very High
27853,1,0.7007024,Very High
27854,1,0.34580827,High
27855,0,0.13139716,Moderate
27856,0,0.054320782,Low
27857,0,0.13102347,Moderate
27858,1,0.8113048,Very High
27859,1,0.67973685,Very High
27860,0,0.1738303,Moderate
27861,0,0.089408845,Low
27862,0,0.05312317,Low
27863,0,0.053719353,Low
27864,0,0.25045308,High
27865,0,0.1326995,Moderate
27866,0,0.18657137,Moderate
27867,0,0.19115762,Moderate
27868,0,0.035526026,Low
27869,1,0.18668312,Moderate
27870,0,0.113290235,Moderate
27871,0,0.16237807,Moderate
27872,0,0.022529721,Low
27873,0,0.22898775,Moderate
27874,0,0.02636591,Low
27875,0,0.023655925,Low
27876,1,0.29716197,High
27877,0,0.06424177,Low
27878,0,0.07550505,Low
27879,0,0.41689995,High
27880,0,0.047337983,Low
27881,0,0.28681266,High
27882,0,0.039618805,Low
27883,0,0.045503683,Low
27884,0,0.6905346,Very High
27885,0,0.046176273,Low
27886,1,0.07219589,Low
27887,0,0.02489099,Low
27888,0,0.21681283,Moderate
27889,0,0.4344314,High
27890,0,0.113252535,Moderate
27891,0,0.022552982,Low
27892,0,0.19376932,Moderate
27893,0,0.05759025,Low
27894,0,0.06205462,Low
27895,0,0.061310783,Low
27896,0,0.12808427,Moderate
27897,0,0.114237756,Moderate
27898,0,0.035944734,Low
27899,0,0.14470905,Moderate
27900,0,0.055302802,Low
27901,0,0.05766167,Low
27902,0,0.03974835,Low
27903,0,0.144863,Moderate
27904,0,0.043142453,Low
27905,0,0.19221823,Moderate
27906,0,0.11124632,Moderate
27907,0,0.088293746,Low
27908,0,0.044607054,Low
27909,0,0.04606742,Low
27910,1,0.31395084,High
27911,0,0.2512898,High
27912,0,0.15356745,Moderate
27913,1,0.17273614,Moderate
27914,0,0.70191014,Very High
27915,0,0.06999207,Low
27916,1,0.4247984,High
27917,0,0.044839714,Low
27918,1,0.2297383,Moderate
27919,0,0.05920289,Low
27920,0,0.4726071,High
27921,0,0.355972,High
27922,0,0.093229756,Low
27923,1,0.45440918,High
27924,0,0.044225127,Low
27925,0,0.065282814,Low
27926,0,0.7293866,Very High
27927,0,0.07320282,Low
27928,0,0.16291185,Moderate
27929,0,0.31169897,High
27930,1,0.69652337,Very High
27931,0,0.6789535,Very High
27932,0,0.058355354,Low
27933,1,0.54085624,Very High
27934,0,0.10404592,Moderate
27935,0,0.085877225,Low
27936,0,0.21919504,Moderate
27937,0,0.17702413,Moderate
27938,1,0.23049672,Moderate
27939,0,0.024863888,Low
27940,0,0.17669335,Moderate
27941,0,0.044830687,Low
27942,0,0.045986705,Low
27943,0,0.04070335,Low
27944,0,0.13295221,Moderate
27945,0,0.05747514,Low
27946,0,0.18117842,Moderate
27947,0,0.15203367,Moderate
27948,0,0.41623443,High
27949,0,0.037742894,Low
27950,0,0.02473006,Low
27951,1,0.4321877,High
27952,0,0.25548777,High
27953,0,0.06981781,Low
27954,0,0.13595611,Moderate
27955,1,0.23096637,Moderate
27956,0,0.29089266,High
27957,0,0.06774003,Low
27958,0,0.71105516,Very High
27959,1,0.7563039,Very High
27960,0,0.18607059,Moderate
27961,0,0.13147378,Moderate
27962,0,0.2302692,Moderate
27963,0,0.40922433,High
27964,1,0.18191874,Moderate
27965,0,0.15860057,Moderate
27966,0,0.33548382,High
27967,0,0.36159918,High
27968,0,0.051081613,Low
27969,0,0.2480453,Moderate
27970,0,0.100130364,Moderate
27971,0,0.038583063,Low
27972,1,0.33615038,High
27973,0,0.08985275,Low
27974,0,0.16253862,Moderate
27975,0,0.04592912,Low
27976,0,0.10008575,Moderate
27977,0,0.07027675,Low
27978,0,0.1581312,Moderate
27979,0,0.13006385,Moderate
27980,0,0.17975558,Moderate
27981,0,0.03712959,Low
27982,0,0.1362392,Moderate
27983,0,0.12138856,Moderate
27984,1,0.28608215,High
27985,0,0.09924155,Low
27986,0,0.08184214,Low
27987,0,0.036093306,Low
27988,1,0.15541442,Moderate
27989,0,0.05170007,Low
27990,0,0.07436872,Low
27991,0,0.0486069,Low
27992,0,0.11460816,Moderate
27993,0,0.028760321,Low
27994,0,0.27915734,High
27995,0,0.09116785,Low
27996,0,0.10826597,Moderate
27997,0,0.08826093,Low
27998,0,0.1155903,Moderate
27999,0,0.119657785,Moderate
28000,0,0.10378601,Moderate
28001,1,0.52635956,Very High
28002,0,0.06584527,Low
28003,0,0.36541504,High
28004,0,0.035354678,Low
28005,1,0.37552923,High
28006,0,0.021267448,Low
28007,0,0.09977918,Low
28008,0,0.050973784,Low
28009,0,0.3459648,High
28010,0,0.19258893,Moderate
28011,0,0.07910345,Low
28012,0,0.021918869,Low
28013,0,0.06523528,Low
28014,0,0.06542215,Low
28015,0,0.11070782,Moderate
28016,1,0.43510523,High
28017,1,0.16956058,Moderate
28018,0,0.043734673,Low
28019,1,0.2950096,High
28020,1,0.6700664,Very High
28021,0,0.67209035,Very High
28022,0,0.048974667,Low
28023,0,0.06234351,Low
28024,0,0.060815796,Low
28025,0,0.06898848,Low
28026,1,0.18134014,Moderate
28027,0,0.22895223,Moderate
28028,0,0.20708154,Moderate
28029,1,0.13157946,Moderate
28030,0,0.097234726,Low
28031,1,0.16366401,Moderate
28032,0,0.07832745,Low
28033,0,0.70876825,Very High
28034,0,0.19061606,Moderate
28035,0,0.049135968,Low
28036,0,0.10199464,Moderate
28037,0,0.094130464,Low
28038,0,0.0446753,Low
28039,1,0.111119375,Moderate
28040,0,0.22286454,Moderate
28041,0,0.19828834,Moderate
28042,0,0.049861692,Low
28043,0,0.25434914,High
28044,0,0.31044894,High
28045,0,0.05006855,Low
28046,0,0.1275532,Moderate
28047,0,0.12738106,Moderate
28048,0,0.2804076,High
28049,0,0.18057339,Moderate
28050,1,0.1059244,Moderate
28051,0,0.012261223,Low
28052,0,0.10174936,Moderate
28053,1,0.26321846,High
28054,0,0.023818908,Low
28055,1,0.903513,Very High
28056,0,0.34066808,High
28057,0,0.33585337,High
28058,1,0.7884534,Very High
28059,0,0.14039128,Moderate
28060,1,0.5303113,Very High
28061,0,0.14513758,Moderate
28062,1,0.8036169,Very High
28063,0,0.12131232,Moderate
28064,0,0.24141258,Moderate
28065,0,0.12600267,Moderate
28066,1,0.61742556,Very High
28067,0,0.07486991,Low
28068,0,0.0538922,Low
28069,0,0.105974056,Moderate
28070,0,0.05567443,Low
28071,0,0.07074547,Low
28072,0,0.29848385,High
28073,0,0.17597318,Moderate
28074,1,0.2872444,High
28075,0,0.15334463,Moderate
28076,0,0.086448565,Low
28077,1,0.7204957,Very High
28078,0,0.1661813,Moderate
28079,1,0.24234185,Moderate
28080,0,0.13808525,Moderate
28081,0,0.27584827,High
28082,1,0.72185767,Very High
28083,0,0.07562993,Low
28084,0,0.10892901,Moderate
28085,0,0.111716874,Moderate
28086,0,0.1584296,Moderate
28087,0,0.110221505,Moderate
28088,0,0.2302652,Moderate
28089,0,0.04372031,Low
28090,0,0.14424752,Moderate
28091,0,0.11071411,Moderate
28092,1,0.29454345,High
28093,0,0.08490062,Low
28094,0,0.09728176,Low
28095,0,0.08083809,Low
28096,0,0.22044004,Moderate
28097,1,0.41039363,High
28098,0,0.04251566,Low
28099,0,0.12175924,Moderate
28100,1,0.69716614,Very High
28101,0,0.05339668,Low
28102,0,0.12191287,Moderate
28103,1,0.79055727,Very High
28104,1,0.44616306,High
28105,0,0.29050705,High
28106,0,0.07290956,Low
28107,0,0.061101098,Low
28108,0,0.24007103,Moderate
28109,1,0.652681,Very High
28110,1,0.16622184,Moderate
28111,0,0.037147757,Low
28112,0,0.099739395,Low
28113,0,0.02772041,Low
28114,0,0.09722434,Low
28115,0,0.12082529,Moderate
28116,1,0.7134498,Very High
28117,0,0.051118504,Low
28118,0,0.0896264,Low
28119,1,0.19150345,Moderate
28120,0,0.1696119,Moderate
28121,0,0.06531331,Low
28122,0,0.08585226,Low
28123,0,0.07242838,Low
28124,1,0.2551084,High
28125,0,0.14126568,Moderate
28126,0,0.37875795,High
28127,1,0.49139363,High
28128,0,0.13227169,Moderate
28129,0,0.019076187,Low
28130,0,0.18717347,Moderate
28131,0,0.090319365,Low
28132,0,0.10193094,Moderate
28133,0,0.13957825,Moderate
28134,0,0.1545128,Moderate
28135,0,0.032296028,Low
28136,0,0.07970674,Low
28137,0,0.21927288,Moderate
28138,0,0.2369617,Moderate
28139,0,0.046724807,Low
28140,0,0.11551359,Moderate
28141,0,0.088381104,Low
28142,0,0.079343274,Low
28143,0,0.069907404,Low
28144,0,0.70624423,Very High
28145,0,0.116484396,Moderate
28146,0,0.017704384,Low
28147,0,0.08612038,Low
28148,0,0.047275297,Low
28149,0,0.052163433,Low
28150,0,0.6343441,Very High
28151,1,0.5609831,Very High
28152,0,0.033604834,Low
28153,0,0.28991815,High
28154,0,0.04676059,Low
28155,0,0.21175092,Moderate
28156,0,0.104418024,Moderate
28157,0,0.11051347,Moderate
28158,1,0.07880613,Low
28159,0,0.022505146,Low
28160,0,0.086231925,Low
28161,0,0.023698421,Low
28162,0,0.15708143,Moderate
28163,0,0.13840455,Moderate
28164,0,0.4111993,High
28165,0,0.109163545,Moderate
28166,0,0.17976457,Moderate
28167,1,0.12703761,Moderate
28168,0,0.106952466,Moderate
28169,0,0.045156557,Low
28170,0,0.09872525,Low
28171,1,0.64101684,Very High
28172,0,0.115049474,Moderate
28173,0,0.05971889,Low
28174,1,0.26686266,High
28175,0,0.045972735,Low
28176,1,0.19770338,Moderate
28177,0,0.6657361,Very High
28178,0,0.23469517,Moderate
28179,0,0.20138304,Moderate
28180,0,0.0872661,Low
28181,0,0.09181192,Low
28182,0,0.13045618,Moderate
28183,1,0.048102897,Low
28184,0,0.13343926,Moderate
28185,0,0.11311169,Moderate
28186,1,0.4488054,High
28187,0,0.070591435,Low
28188,1,0.3186668,High
28189,0,0.13084911,Moderate
28190,0,0.14860953,Moderate
28191,0,0.07219428,Low
28192,0,0.12198712,Moderate
28193,0,0.097021796,Low
28194,0,0.052964225,Low
28195,0,0.06892542,Low
28196,0,0.051529203,Low
28197,0,0.03502529,Low
28198,0,0.054155752,Low
28199,0,0.037533686,Low
28200,0,0.06650242,Low
28201,1,0.08873234,Low
28202,1,0.41856915,High
28203,0,0.16001931,Moderate
28204,0,0.10745223,Moderate
28205,1,0.15903707,Moderate
28206,1,0.20256643,Moderate
28207,1,0.42647058,High
28208,0,0.17597482,Moderate
28209,0,0.028837029,Low
28210,0,0.10090417,Moderate
28211,0,0.057537895,Low
28212,0,0.14884296,Moderate
28213,0,0.025024304,Low
28214,0,0.050516136,Low
28215,0,0.33625236,High
28216,0,0.16575745,Moderate
28217,0,0.03972125,Low
28218,0,0.07273073,Low
28219,0,0.20737867,Moderate
28220,0,0.1462387,Moderate
28221,1,0.8838946,Very High
28222,0,0.07627645,Low
28223,0,0.15059182,Moderate
28224,0,0.06136321,Low
28225,0,0.42524168,High
28226,0,0.050030068,Low
28227,0,0.026671056,Low
28228,0,0.14124879,Moderate
28229,0,0.33685842,High
28230,1,0.56827104,Very High
28231,0,0.12004835,Moderate
28232,1,0.43555537,High
28233,0,0.20987733,Moderate
28234,0,0.1461074,Moderate
28235,0,0.077521764,Low
28236,1,0.30329064,High
28237,0,0.051138837,Low
28238,0,0.05051307,Low
28239,0,0.111309275,Moderate
28240,1,0.24348745,Moderate
28241,0,0.11588427,Moderate
28242,0,0.19468017,Moderate
28243,1,0.6666686,Very High
28244,0,0.13309605,Moderate
28245,0,0.2361929,Moderate
28246,1,0.42254925,High
28247,0,0.0708993,Low
28248,0,0.14772537,Moderate
28249,0,0.04513413,Low
28250,0,0.19061315,Moderate
28251,0,0.3392801,High
28252,0,0.07204542,Low
28253,0,0.13768606,Moderate
28254,0,0.16395421,Moderate
28255,0,0.11157347,Moderate
28256,0,0.07756464,Low
28257,0,0.054652713,Low
28258,0,0.14292324,Moderate
28259,0,0.13541758,Moderate
28260,0,0.32577983,High
28261,1,0.20365478,Moderate
28262,1,0.7582372,Very High
28263,0,0.1829223,Moderate
28264,0,0.15263075,Moderate
28265,0,0.21402122,Moderate
28266,1,0.26466358,High
28267,0,0.17610279,Moderate
28268,0,0.09374707,Low
28269,0,0.3418554,High
28270,1,0.40625936,High
28271,1,0.32482147,High
28272,0,0.060701165,Low
28273,0,0.056873173,Low
28274,0,0.08358884,Low
28275,0,0.039022233,Low
28276,0,0.17663524,Moderate
28277,1,0.092182554,Low
28278,0,0.020331556,Low
28279,0,0.070819154,Low
28280,0,0.1674818,Moderate
28281,0,0.1063812,Moderate
28282,0,0.13980262,Moderate
28283,1,0.08482226,Low
28284,0,0.15031491,Moderate
28285,0,0.07102264,Low
28286,1,0.25166014,High
28287,1,0.36184013,High
28288,1,0.6580883,Very High
28289,0,0.15627988,Moderate
28290,1,0.68350816,Very High
28291,0,0.119309925,Moderate
28292,0,0.06195418,Low
28293,0,0.042844668,Low
28294,0,0.12564585,Moderate
28295,0,0.11806005,Moderate
28296,0,0.049852293,Low
28297,0,0.061062843,Low
28298,1,0.74278986,Very High
28299,0,0.14044164,Moderate
28300,0,0.17092511,Moderate
28301,0,0.19589017,Moderate
28302,0,0.7217766,Very High
28303,0,0.10102187,Moderate
28304,0,0.06707398,Low
28305,0,0.4203803,High
28306,0,0.3955371,High
28307,0,0.1053223,Moderate
28308,1,0.65696615,Very High
28309,0,0.1323182,Moderate
28310,0,0.03879862,Low
28311,0,0.105419435,Moderate
28312,0,0.18825099,Moderate
28313,0,0.06730501,Low
28314,0,0.21429463,Moderate
28315,1,0.19267496,Moderate
28316,0,0.09159302,Low
28317,0,0.038061142,Low
28318,0,0.2763803,High
28319,0,0.030333837,Low
28320,0,0.58768946,Very High
28321,0,0.04368433,Low
28322,1,0.078768216,Low
28323,0,0.121094,Moderate
28324,1,0.78643996,Very High
28325,0,0.15415186,Moderate
28326,1,0.17356275,Moderate
28327,0,0.04551,Low
28328,0,0.23449042,Moderate
28329,0,0.036871336,Low
28330,0,0.15122919,Moderate
28331,0,0.08803084,Low
28332,0,0.1016863,Moderate
28333,0,0.041475832,Low
28334,0,0.050295133,Low
28335,0,0.20720828,Moderate
28336,0,0.16695082,Moderate
28337,0,0.10511032,Moderate
28338,0,0.04907153,Low
28339,0,0.06538919,Low
28340,0,0.06403826,Low
28341,1,0.46548462,High
28342,0,0.27601942,High
28343,0,0.09122702,Low
28344,0,0.1746181,Moderate
28345,0,0.32571822,High
28346,0,0.16792428,Moderate
28347,0,0.19385353,Moderate
28348,0,0.13247997,Moderate
28349,0,0.025416091,Low
28350,1,0.71126086,Very High
28351,0,0.024609037,Low
28352,0,0.46348897,High
28353,0,0.036229745,Low
28354,0,0.03170579,Low
28355,0,0.13947715,Moderate
28356,0,0.03173459,Low
28357,0,0.06653668,Low
28358,0,0.19953616,Moderate
28359,0,0.029089611,Low
28360,0,0.12741458,Moderate
28361,0,0.054368086,Low
28362,0,0.09152037,Low
28363,0,0.059587155,Low
28364,0,0.3658434,High
28365,1,0.5382568,Very High
28366,0,0.29011068,High
28367,1,0.53545386,Very High
28368,0,0.06525581,Low
28369,0,0.051385824,Low
28370,0,0.07882685,Low
28371,0,0.31561545,High
28372,0,0.2686469,High
28373,1,0.83811414,Very High
28374,0,0.18473563,Moderate
28375,1,0.44799495,High
28376,0,0.08344001,Low
28377,0,0.74822736,Very High
28378,0,0.0453565,Low
28379,0,0.018260268,Low
28380,0,0.19130048,Moderate
28381,0,0.040652644,Low
28382,0,0.07103618,Low
28383,0,0.23657802,Moderate
28384,0,0.14115247,Moderate
28385,1,0.22459625,Moderate
28386,0,0.23225345,Moderate
28387,1,0.11517241,Moderate
28388,0,0.14211178,Moderate
28389,0,0.04069814,Low
28390,0,0.044791643,Low
28391,0,0.07067519,Low
28392,0,0.20114395,Moderate
28393,0,0.23809735,Moderate
28394,0,0.15033719,Moderate
28395,0,0.08496343,Low
28396,0,0.11138423,Moderate
28397,0,0.07516494,Low
28398,0,0.4623194,High
28399,0,0.0983096,Low
28400,0,0.04357434,Low
28401,0,0.38381013,High
28402,0,0.16333264,Moderate
28403,1,0.27521303,High
28404,0,0.06687352,Low
28405,1,0.20918216,Moderate
28406,0,0.122453,Moderate
28407,0,0.3274644,High
28408,0,0.36721763,High
28409,0,0.037555102,Low
28410,0,0.15192762,Moderate
28411,0,0.090955935,Low
28412,0,0.060411934,Low
28413,0,0.025239028,Low
28414,0,0.10057715,Moderate
28415,0,0.07329642,Low
28416,0,0.09358335,Low
28417,0,0.058364615,Low
28418,0,0.31169897,High
28419,0,0.4337601,High
28420,1,0.27856067,High
28421,0,0.034995336,Low
28422,0,0.02252572,Low
28423,0,0.062180698,Low
28424,0,0.05692765,Low
28425,0,0.03405297,Low
28426,1,0.11392811,Moderate
28427,0,0.49016345,High
28428,0,0.078678146,Low
28429,0,0.03467935,Low
28430,0,0.12350672,Moderate
28431,0,0.10663705,Moderate
28432,0,0.13440442,Moderate
28433,0,0.03495244,Low
28434,1,0.469145,High
28435,0,0.111631915,Moderate
28436,0,0.1236866,Moderate
28437,0,0.10146644,Moderate
28438,0,0.12430851,Moderate
28439,0,0.12938276,Moderate
28440,0,0.09803923,Low
28441,0,0.12810396,Moderate
28442,0,0.021114796,Low
28443,0,0.58610123,Very High
28444,0,0.08085777,Low
28445,0,0.18013297,Moderate
28446,0,0.08406976,Low
28447,0,0.073103346,Low
28448,0,0.04591263,Low
28449,0,0.03164028,Low
28450,0,0.12642342,Moderate
28451,0,0.13977186,Moderate
28452,0,0.072531424,Low
28453,0,0.20338027,Moderate
28454,1,0.6921422,Very High
28455,1,0.122427784,Moderate
28456,0,0.17437498,Moderate
28457,0,0.15092042,Moderate
28458,0,0.16220593,Moderate
28459,0,0.069190554,Low
28460,1,0.7062795,Very High
28461,1,0.330971,High
28462,0,0.27412096,High
28463,0,0.34313634,High
28464,0,0.16101389,Moderate
28465,0,0.20471525,Moderate
28466,1,0.29274687,High
28467,0,0.2108665,Moderate
28468,0,0.09601104,Low
28469,0,0.021576876,Low
28470,0,0.18817002,Moderate
28471,0,0.08874308,Low
28472,0,0.14676332,Moderate
28473,0,0.110566944,Moderate
28474,0,0.1848255,Moderate
28475,0,0.09349636,Low
28476,0,0.081391126,Low
28477,1,0.40985608,High
28478,0,0.15595776,Moderate
28479,1,0.25441125,High
28480,0,0.08821915,Low
28481,0,0.23328255,Moderate
28482,1,0.7218123,Very High
28483,0,0.23680663,Moderate
28484,0,0.19539587,Moderate
28485,0,0.1488202,Moderate
28486,0,0.120445885,Moderate
28487,0,0.51203895,Very High
28488,0,0.2117364,Moderate
28489,1,0.470249,High
28490,0,0.09198553,Low
28491,1,0.35272303,High
28492,0,0.30377585,High
28493,1,0.69613874,Very High
28494,0,0.16106455,Moderate
28495,0,0.13300239,Moderate
28496,0,0.18698372,Moderate
28497,0,0.22075967,Moderate
28498,0,0.041236963,Low
28499,0,0.093333185,Low
28500,0,0.09238221,Low
28501,0,0.05146963,Low
28502,0,0.44211897,High
28503,0,0.08358037,Low
28504,1,0.71972924,Very High
28505,0,0.23767802,Moderate
28506,0,0.17979139,Moderate
28507,0,0.07389474,Low
28508,0,0.065884866,Low
28509,0,0.04728898,Low
28510,0,0.0431935,Low
28511,0,0.07069672,Low
28512,0,0.10600966,Moderate
28513,0,0.118538,Moderate
28514,0,0.024758372,Low
28515,1,0.17063034,Moderate
28516,0,0.037070896,Low
28517,1,0.28783843,High
28518,0,0.06616779,Low
28519,0,0.15047638,Moderate
28520,0,0.08990439,Low
28521,0,0.46997482,High
28522,1,0.7155635,Very High
28523,0,0.10519532,Moderate
28524,0,0.06098257,Low
28525,0,0.08163878,Low
28526,0,0.09504155,Low
28527,0,0.3101417,High
28528,0,0.04093692,Low
28529,0,0.110072844,Moderate
28530,1,0.4900607,High
28531,0,0.16372967,Moderate
28532,1,0.82582927,Very High
28533,1,0.59909934,Very High
28534,1,0.44238982,High
28535,1,0.48440182,High
28536,0,0.0789583,Low
28537,0,0.17408155,Moderate
28538,0,0.47304916,High
28539,0,0.079887204,Low
28540,0,0.078603156,Low
28541,0,0.023726754,Low
28542,0,0.09282829,Low
28543,0,0.11469484,Moderate
28544,0,0.07936704,Low
28545,0,0.03191915,Low
28546,0,0.08354013,Low
28547,1,0.7491214,Very High
28548,0,0.034136064,Low
28549,0,0.10155559,Moderate
28550,0,0.029153725,Low
28551,0,0.1370812,Moderate
28552,0,0.15755168,Moderate
28553,1,0.2870378,High
28554,0,0.23919334,Moderate
28555,0,0.44914696,High
28556,0,0.046928916,Low
28557,0,0.35250863,High
28558,0,0.109644145,Moderate
28559,0,0.06487268,Low
28560,1,0.09709742,Low
28561,1,0.17021936,Moderate
28562,0,0.030172713,Low
28563,0,0.0996091,Low
28564,0,0.17625655,Moderate
28565,0,0.06891518,Low
28566,0,0.10297628,Moderate
28567,0,0.06062693,Low
28568,0,0.18722142,Moderate
28569,0,0.065205865,Low
28570,0,0.18365963,Moderate
28571,0,0.15137713,Moderate
28572,0,0.05753488,Low
28573,0,0.20391512,Moderate
28574,0,0.022987649,Low
28575,0,0.14452957,Moderate
28576,1,0.15704106,Moderate
28577,0,0.50157887,Very High
28578,0,0.16446078,Moderate
28579,0,0.0160952,Low
28580,0,0.3695605,High
28581,0,0.098710865,Low
28582,0,0.7156153,Very High
28583,0,0.07737713,Low
28584,0,0.07469134,Low
28585,0,0.19747049,Moderate
28586,0,0.34485072,High
28587,0,0.031022232,Low
28588,0,0.34983912,High
28589,0,0.24656892,Moderate
28590,0,0.053494,Low
28591,1,0.27767453,High
28592,1,0.7633329,Very High
28593,0,0.1484927,Moderate
28594,0,0.14224918,Moderate
28595,0,0.30934915,High
28596,0,0.098725714,Low
28597,0,0.101102725,Moderate
28598,1,0.79302865,Very High
28599,0,0.30454767,High
28600,0,0.18580775,Moderate
28601,0,0.05963128,Low
28602,0,0.07929343,Low
28603,0,0.08124625,Low
28604,1,0.6253621,Very High
28605,1,0.6864856,Very High
28606,0,0.1438164,Moderate
28607,0,0.24348682,Moderate
28608,0,0.39836228,High
28609,0,0.17866078,Moderate
28610,0,0.0814778,Low
28611,0,0.20141095,Moderate
28612,0,0.64175826,Very High
28613,0,0.17827374,Moderate
28614,0,0.11326266,Moderate
28615,0,0.062733494,Low
28616,0,0.09743557,Low
28617,0,0.1613418,Moderate
28618,0,0.11544032,Moderate
28619,0,0.01974972,Low
28620,0,0.10299425,Moderate
28621,0,0.07773962,Low
28622,1,0.14392874,Moderate
28623,0,0.08549364,Low
28624,0,0.16053745,Moderate
28625,1,0.9415991,Very High
28626,0,0.11620851,Moderate
28627,0,0.06602791,Low
28628,0,0.28911462,High
28629,0,0.08826839,Low
28630,0,0.31671983,High
28631,0,0.047602203,Low
28632,0,0.110660225,Moderate
28633,0,0.10734181,Moderate
28634,1,0.76688284,Very High
28635,0,0.07692824,Low
28636,1,0.66066456,Very High
28637,0,0.17339686,Moderate
28638,1,0.34461436,High
28639,0,0.15824702,Moderate
28640,0,0.09365521,Low
28641,0,0.10627046,Moderate
28642,1,0.43922472,High
28643,0,0.07407049,Low
28644,0,0.06297099,Low
28645,1,0.71659106,Very High
28646,0,0.039076548,Low
28647,1,0.59242165,Very High
28648,0,0.16762091,Moderate
28649,0,0.12025542,Moderate
28650,0,0.06847625,Low
28651,0,0.124436446,Moderate
28652,0,0.16530322,Moderate
28653,0,0.1463981,Moderate
28654,0,0.016416147,Low
28655,0,0.19566864,Moderate
28656,1,0.11155706,Moderate
28657,0,0.08265828,Low
28658,0,0.21871123,Moderate
28659,0,0.05396555,Low
28660,0,0.046197847,Low
28661,0,0.13189317,Moderate
28662,0,0.43437174,High
28663,1,0.8032627,Very High
28664,1,0.31461817,High
28665,0,0.4187845,High
28666,1,0.16628063,Moderate
28667,1,0.13213392,Moderate
28668,0,0.087162286,Low
28669,0,0.121045776,Moderate
28670,0,0.19391789,Moderate
28671,1,0.633356,Very High
28672,0,0.03270481,Low
28673,0,0.3395409,High
28674,0,0.057089556,Low
28675,0,0.046882924,Low
28676,1,0.57298845,Very High
28677,0,0.01810963,Low
28678,0,0.018252825,Low
28679,0,0.22976558,Moderate
28680,0,0.0811385,Low
28681,0,0.091112085,Low
28682,1,0.13237102,Moderate
28683,0,0.040498592,Low
28684,1,0.5933538,Very High
28685,0,0.08382837,Low
28686,1,0.08776137,Low
28687,0,0.049346875,Low
28688,0,0.21387714,Moderate
28689,0,0.13901272,Moderate
28690,0,0.214424,Moderate
28691,0,0.08599172,Low
28692,0,0.019505486,Low
28693,0,0.14361493,Moderate
28694,1,0.11046235,Moderate
28695,0,0.08262767,Low
28696,0,0.024113696,Low
28697,0,0.32619962,High
28698,0,0.10357369,Moderate
28699,0,0.038412645,Low
28700,0,0.3495006,High
28701,1,0.21160705,Moderate
28702,0,0.072444335,Low
28703,0,0.35081086,High
28704,0,0.15507627,Moderate
28705,0,0.16217162,Moderate
28706,0,0.10689397,Moderate
28707,0,0.11350566,Moderate
28708,0,0.050768763,Low
28709,0,0.04639885,Low
28710,0,0.08111138,Low
28711,0,0.114992104,Moderate
28712,1,0.45138726,High
28713,0,0.06091831,Low
28714,0,0.14283614,Moderate
28715,0,0.115560144,Moderate
28716,0,0.017661564,Low
28717,0,0.06175963,Low
28718,0,0.09718384,Low
28719,0,0.18201748,Moderate
28720,1,0.5747296,Very High
28721,0,0.16345038,Moderate
28722,0,0.022235336,Low
28723,0,0.12455432,Moderate
28724,0,0.1968046,Moderate
28725,0,0.046062816,Low
28726,0,0.06774286,Low
28727,1,0.18837193,Moderate
28728,0,0.08278925,Low
28729,0,0.12721376,Moderate
28730,0,0.07634612,Low
28731,0,0.13308202,Moderate
28732,1,0.31797957,High
28733,0,0.09503268,Low
28734,0,0.14182654,Moderate
28735,0,0.13194202,Moderate
28736,0,0.019585488,Low
28737,1,0.2613484,High
28738,0,0.036038633,Low
28739,0,0.12948312,Moderate
28740,0,0.1475211,Moderate
28741,0,0.2460881,Moderate
28742,0,0.10905883,Moderate
28743,0,0.018593589,Low
28744,0,0.029379593,Low
28745,0,0.18199618,Moderate
28746,1,0.19822828,Moderate
28747,0,0.23620854,Moderate
28748,0,0.8780061,Very High
28749,1,0.6898405,Very High
28750,0,0.18333079,Moderate
28751,0,0.1325361,Moderate
28752,1,0.16539682,Moderate
28753,0,0.15043275,Moderate
28754,0,0.1258715,Moderate
28755,0,0.12423206,Moderate
28756,0,0.06399016,Low
28757,0,0.012624652,Low
28758,0,0.033174526,Low
28759,0,0.056120828,Low
28760,0,0.054338764,Low
28761,0,0.14713116,Moderate
28762,1,0.4857297,High
28763,0,0.26665264,High
28764,1,0.064618476,Low
28765,0,0.1377886,Moderate
28766,0,0.07765448,Low
28767,0,0.39440188,High
28768,0,0.10531877,Moderate
28769,0,0.03203184,Low
28770,0,0.1156505,Moderate
28771,1,0.34752613,High
28772,0,0.040791247,Low
28773,0,0.1421297,Moderate
28774,0,0.32508522,High
28775,0,0.080127604,Low
28776,1,0.17739153,Moderate
28777,0,0.23049031,Moderate
28778,0,0.10171834,Moderate
28779,0,0.16509081,Moderate
28780,0,0.34990612,High
28781,0,0.05707594,Low
28782,0,0.14962879,Moderate
28783,0,0.06179406,Low
28784,0,0.16413717,Moderate
28785,0,0.124090455,Moderate
28786,0,0.08405161,Low
28787,0,0.08152163,Low
28788,0,0.12153494,Moderate
28789,0,0.027709631,Low
28790,0,0.07275269,Low
28791,0,0.1387249,Moderate
28792,0,0.34029847,High
28793,0,0.105882995,Moderate
28794,0,0.11973121,Moderate
28795,0,0.2355528,Moderate
28796,0,0.09577177,Low
28797,1,0.22302952,Moderate
28798,0,0.13797222,Moderate
28799,0,0.04688478,Low
28800,0,0.17588916,Moderate
28801,1,0.7533323,Very High
28802,0,0.08397589,Low
28803,0,0.099970095,Low
28804,0,0.04898002,Low
28805,0,0.3359149,High
28806,0,0.014203038,Low
28807,1,0.2858246,High
28808,0,0.13104352,Moderate
28809,0,0.091793284,Low
28810,0,0.3018296,High
28811,0,0.02287376,Low
28812,0,0.073132895,Low
28813,0,0.049147934,Low
28814,0,0.18366893,Moderate
28815,0,0.22508311,Moderate
28816,1,0.65044516,Very High
28817,0,0.10090613,Moderate
28818,0,0.06229779,Low
28819,1,0.16620664,Moderate
28820,0,0.16484731,Moderate
28821,0,0.086310126,Low
28822,0,0.053587355,Low
28823,0,0.021778231,Low
28824,0,0.11307696,Moderate
28825,0,0.06124133,Low
28826,0,0.19288471,Moderate
28827,0,0.22536543,Moderate
28828,0,0.094300106,Low
28829,0,0.04275746,Low
28830,0,0.06282807,Low
28831,0,0.15311933,Moderate
28832,0,0.042857397,Low
28833,0,0.07064188,Low
28834,0,0.17333615,Moderate
28835,1,0.09336462,Low
28836,0,0.017648216,Low
28837,0,0.11917409,Moderate
28838,0,0.034675695,Low
28839,0,0.20927405,Moderate
28840,1,0.70892894,Very High
28841,1,0.25697267,High
28842,0,0.31712443,High
28843,0,0.04262592,Low
28844,0,0.034065176,Low
28845,0,0.07214257,Low
28846,0,0.064522035,Low
28847,0,0.107907064,Moderate
28848,0,0.16402611,Moderate
28849,0,0.24764109,Moderate
28850,0,0.053868663,Low
28851,0,0.025839372,Low
28852,1,0.91652966,Very High
28853,0,0.05683657,Low
28854,1,0.14894348,Moderate
28855,0,0.028606748,Low
28856,0,0.1210206,Moderate
28857,0,0.11794077,Moderate
28858,0,0.08223141,Low
28859,0,0.40201604,High
28860,0,0.0691594,Low
28861,0,0.31614324,High
28862,0,0.018130673,Low
28863,0,0.114551894,Moderate
28864,0,0.114541985,Moderate
28865,0,0.039880056,Low
28866,0,0.05441994,Low
28867,0,0.109268986,Moderate
28868,0,0.042608153,Low
28869,0,0.11069197,Moderate
28870,0,0.11193779,Moderate
28871,1,0.17804913,Moderate
28872,0,0.11879924,Moderate
28873,0,0.08264279,Low
28874,0,0.104688175,Moderate
28875,0,0.22065733,Moderate
28876,0,0.09053482,Low
28877,0,0.16298532,Moderate
28878,0,0.06438656,Low
28879,0,0.10116159,Moderate
28880,1,0.8382081,Very High
28881,1,0.15948857,Moderate
28882,0,0.448653,High
28883,1,0.1352891,Moderate
28884,0,0.23823011,Moderate
28885,0,0.046030376,Low
28886,0,0.20676844,Moderate
28887,0,0.20506798,Moderate
28888,0,0.12534033,Moderate
28889,0,0.079955354,Low
28890,0,0.08650713,Low
28891,0,0.1701037,Moderate
28892,0,0.13596906,Moderate
28893,1,0.28191468,High
28894,0,0.39821634,High
28895,0,0.17053668,Moderate
28896,0,0.14923099,Moderate
28897,0,0.26470363,High
28898,0,0.075632185,Low
28899,0,0.0760828,Low
28900,1,0.7709485,Very High
28901,0,0.029830249,Low
28902,0,0.06850047,Low
28903,0,0.17805393,Moderate
28904,0,0.02992381,Low
28905,0,0.067386985,Low
28906,0,0.09637684,Low
28907,0,0.28863823,High
28908,0,0.080141775,Low
28909,1,0.08137141,Low
28910,0,0.04358008,Low
28911,1,0.43456426,High
28912,0,0.04617972,Low
28913,0,0.07780484,Low
28914,0,0.049464006,Low
28915,0,0.122794874,Moderate
28916,0,0.2070305,Moderate
28917,0,0.17703982,Moderate
28918,0,0.078336,Low
28919,0,0.30757883,High
28920,0,0.06996931,Low
28921,1,0.40113264,High
28922,0,0.10771382,Moderate
28923,0,0.24310826,Moderate
28924,0,0.052406628,Low
28925,0,0.6963119,Very High
28926,1,0.14633664,Moderate
28927,1,0.38337836,High
28928,0,0.08365752,Low
28929,0,0.12089851,Moderate
28930,1,0.14164259,Moderate
28931,0,0.1664721,Moderate
28932,0,0.048022162,Low
28933,1,0.43485257,High
28934,0,0.35171917,High
28935,0,0.14743218,Moderate
28936,0,0.026374515,Low
28937,0,0.084604375,Low
28938,0,0.20533165,Moderate
28939,0,0.053120304,Low
28940,0,0.044614512,Low
28941,0,0.5190951,Very High
28942,0,0.15114754,Moderate
28943,0,0.02318314,Low
28944,0,0.06675559,Low
28945,0,0.3288816,High
28946,0,0.12784247,Moderate
28947,1,0.104213454,Moderate
28948,0,0.14061289,Moderate
28949,0,0.09186123,Low
28950,0,0.046774674,Low
28951,1,0.16347934,Moderate
28952,0,0.21367459,Moderate
28953,0,0.03195567,Low
28954,0,0.049665984,Low
28955,0,0.054397758,Low
28956,0,0.022964045,Low
28957,0,0.11906006,Moderate
28958,0,0.14472197,Moderate
28959,1,0.7511332,Very High
28960,0,0.048227765,Low
28961,0,0.1348116,Moderate
28962,0,0.21770945,Moderate
28963,0,0.18563952,Moderate
28964,1,0.31651664,High
28965,0,0.20495448,Moderate
28966,1,0.14917114,Moderate
28967,0,0.054874156,Low
28968,0,0.021491263,Low
28969,0,0.1773187,Moderate
28970,0,0.20140746,Moderate
28971,0,0.23613566,Moderate
28972,0,0.32273135,High
28973,0,0.15574807,Moderate
28974,1,0.12507737,Moderate
28975,1,0.75455815,Very High
28976,0,0.03450281,Low
28977,0,0.13446613,Moderate
28978,0,0.1638847,Moderate
28979,1,0.46120232,High
28980,1,0.6661452,Very High
28981,0,0.09995632,Low
28982,0,0.062017236,Low
28983,0,0.041647308,Low
28984,0,0.22401035,Moderate
28985,1,0.22606558,Moderate
28986,0,0.16880205,Moderate
28987,0,0.07650918,Low
28988,0,0.17736211,Moderate
28989,1,0.33431086,High
28990,0,0.07657735,Low
28991,0,0.16704082,Moderate
28992,0,0.084364995,Low
28993,0,0.12198157,Moderate
28994,1,0.030839019,Low
28995,0,0.034182105,Low
28996,1,0.78066397,Very High
28997,0,0.2094582,Moderate
28998,0,0.025537064,Low
28999,0,0.41133794,High
29000,0,0.075264335,Low
29001,0,0.15076628,Moderate
29002,1,0.2280639,Moderate
29003,1,0.4062187,High
29004,0,0.057989974,Low
29005,0,0.532458,Very High
29006,0,0.1340378,Moderate
29007,0,0.29149058,High
29008,0,0.11099296,Moderate
29009,0,0.07997933,Low
29010,0,0.11726588,Moderate
29011,0,0.18884906,Moderate
29012,1,0.26939356,High
29013,0,0.092491455,Low
29014,0,0.09410843,Low
29015,0,0.027747491,Low
29016,1,0.78562653,Very High
29017,0,0.22114094,Moderate
29018,1,0.26529765,High
29019,0,0.13296792,Moderate
29020,1,0.2891615,High
29021,0,0.09267298,Low
29022,1,0.22348195,Moderate
29023,0,0.33082855,High
29024,0,0.049705826,Low
29025,1,0.1246872,Moderate
29026,1,0.7606565,Very High
29027,0,0.10803228,Moderate
29028,1,0.1292149,Moderate
29029,1,0.7901001,Very High
29030,0,0.06855367,Low
29031,0,0.17606154,Moderate
29032,0,0.14333798,Moderate
29033,0,0.13446823,Moderate
29034,1,0.3644458,High
29035,0,0.14139196,Moderate
29036,1,0.28655848,High
29037,0,0.10374734,Moderate
29038,0,0.19975877,Moderate
29039,0,0.20377962,Moderate
29040,0,0.13193704,Moderate
29041,0,0.06750278,Low
29042,1,0.06328612,Low
29043,0,0.40133023,High
29044,0,0.16455448,Moderate
29045,1,0.34250978,High
29046,0,0.10925402,Moderate
29047,0,0.14404076,Moderate
29048,0,0.048909202,Low
29049,0,0.2571809,High
29050,1,0.5987805,Very High
29051,0,0.06772034,Low
29052,0,0.27334806,High
29053,1,0.5799549,Very High
29054,0,0.3735152,High
29055,1,0.09444375,Low
29056,0,0.11723397,Moderate
29057,0,0.6204983,Very High
29058,0,0.052605968,Low
29059,1,0.26644462,High
29060,0,0.14551286,Moderate
29061,0,0.077480614,Low
29062,0,0.07155536,Low
29063,0,0.23299737,Moderate
29064,0,0.090597995,Low
29065,0,0.7160098,Very High
29066,0,0.0649205,Low
29067,0,0.14296108,Moderate
29068,0,0.14615421,Moderate
29069,0,0.10376687,Moderate
29070,0,0.0731714,Low
29071,0,0.07721724,Low
29072,0,0.04868024,Low
29073,0,0.18345264,Moderate
29074,0,0.72380865,Very High
29075,1,0.34802836,High
29076,0,0.018826764,Low
29077,0,0.16280504,Moderate
29078,0,0.14958362,Moderate
29079,0,0.24918093,Moderate
29080,0,0.15889463,Moderate
29081,1,0.14355882,Moderate
29082,1,0.5240552,Very High
29083,0,0.5320537,Very High
29084,0,0.07170814,Low
29085,1,0.5047431,Very High
29086,0,0.2639086,High
29087,0,0.09193114,Low
29088,0,0.53840244,Very High
29089,0,0.08021237,Low
29090,0,0.07341241,Low
29091,0,0.22901155,Moderate
29092,1,0.34887072,High
29093,0,0.25861487,High
29094,0,0.04468465,Low
29095,0,0.16313629,Moderate
29096,1,0.13858426,Moderate
29097,0,0.071277626,Low
29098,0,0.11811225,Moderate
29099,0,0.06958715,Low
29100,0,0.15604489,Moderate
29101,0,0.16917852,Moderate
29102,0,0.10220291,Moderate
29103,0,0.12083072,Moderate
29104,0,0.08786509,Low
29105,0,0.08372542,Low
29106,1,0.55049676,Very High
29107,0,0.08998587,Low
29108,0,0.5046649,Very High
29109,1,0.56766486,Very High
29110,1,0.62127066,Very High
29111,0,0.10368446,Moderate
29112,0,0.37006572,High
29113,0,0.09074131,Low
29114,1,0.20288044,Moderate
29115,1,0.30234388,High
29116,1,0.87239814,Very High
29117,0,0.15614673,Moderate
29118,0,0.10709439,Moderate
29119,1,0.6893247,Very High
29120,0,0.2966069,High
29121,0,0.1379049,Moderate
29122,0,0.46944982,High
29123,0,0.12095058,Moderate
29124,0,0.17489126,Moderate
29125,0,0.34791046,High
29126,0,0.13711692,Moderate
29127,1,0.6367483,Very High
29128,0,0.4305663,High
29129,0,0.11283006,Moderate
29130,0,0.2564052,High
29131,0,0.035265077,Low
29132,0,0.25170922,High
29133,1,0.19749506,Moderate
29134,0,0.19630192,Moderate
29135,0,0.089960955,Low
29136,0,0.08136888,Low
29137,0,0.06823038,Low
29138,0,0.113242775,Moderate
29139,1,0.8227465,Very High
29140,0,0.119102605,Moderate
29141,0,0.11184349,Moderate
29142,0,0.021017479,Low
29143,0,0.18080163,Moderate
29144,0,0.11713708,Moderate
29145,0,0.23880276,Moderate
29146,1,0.071797274,Low
29147,0,0.15226667,Moderate
29148,0,0.0414634,Low
29149,0,0.18368372,Moderate
29150,0,0.54205173,Very High
29151,1,0.74978614,Very High
29152,1,0.7638354,Very High
29153,1,0.4965113,High
29154,0,0.17683317,Moderate
29155,1,0.81380135,Very High
29156,1,0.53702074,Very High
29157,0,0.17757934,Moderate
29158,0,0.52841794,Very High
29159,0,0.1315469,Moderate
29160,0,0.04993849,Low
29161,0,0.4835983,High
29162,1,0.6768688,Very High
29163,0,0.32337108,High
29164,1,0.61258876,Very High
29165,0,0.14375317,Moderate
29166,0,0.14245957,Moderate
29167,0,0.114488676,Moderate
29168,1,0.11784878,Moderate
29169,0,0.08986232,Low
29170,1,0.60002196,Very High
29171,1,0.39870673,High
29172,0,0.054803055,Low
29173,0,0.05150576,Low
29174,0,0.15852325,Moderate
29175,0,0.031172447,Low
29176,0,0.058416404,Low
29177,1,0.7922861,Very High
29178,0,0.49432835,High
29179,0,0.057096794,Low
29180,1,0.24859552,Moderate
29181,1,0.67774504,Very High
29182,0,0.07408197,Low
29183,0,0.06900047,Low
29184,0,0.14261995,Moderate
29185,1,0.37201956,High
29186,0,0.62113994,Very High
29187,0,0.25856665,High
29188,0,0.09539112,Low
29189,0,0.08928074,Low
29190,1,0.4292486,High
29191,0,0.13071734,Moderate
29192,0,0.03009264,Low
29193,1,0.22081663,Moderate
29194,1,0.21672624,Moderate
29195,0,0.111338906,Moderate
29196,0,0.48416936,High
29197,0,0.08135934,Low
29198,0,0.2556336,High
29199,0,0.118621126,Moderate
29200,0,0.1920971,Moderate
29201,0,0.28175107,High
29202,1,0.5357878,Very High
29203,1,0.22138147,Moderate
29204,0,0.15576829,Moderate
29205,0,0.15961245,Moderate
29206,0,0.2822132,High
29207,0,0.099650145,Low
29208,0,0.09135416,Low
29209,0,0.15313897,Moderate
29210,0,0.09953396,Low
29211,1,0.5304624,Very High
29212,0,0.154623,Moderate
29213,0,0.07031917,Low
29214,1,0.6654517,Very High
29215,1,0.46185726,High
29216,0,0.16943274,Moderate
29217,0,0.2250505,Moderate
29218,0,0.08478118,Low
29219,0,0.12548521,Moderate
29220,0,0.24599878,Moderate
29221,0,0.44414127,High
29222,0,0.17849958,Moderate
29223,0,0.3760983,High
29224,0,0.22583742,Moderate
29225,0,0.6519772,Very High
29226,0,0.091479965,Low
29227,0,0.20182428,Moderate
29228,0,0.16471095,Moderate
29229,0,0.25529858,High
29230,0,0.104818106,Moderate
29231,0,0.22516815,Moderate
29232,0,0.19077559,Moderate
29233,0,0.1556763,Moderate
29234,1,0.22003502,Moderate
29235,1,0.3984188,High
29236,0,0.17762211,Moderate
29237,1,0.19369489,Moderate
29238,0,0.14271106,Moderate
29239,0,0.38418075,High
29240,0,0.18649577,Moderate
29241,1,0.16691686,Moderate
29242,0,0.47601044,High
29243,1,0.28355375,High
29244,0,0.1312043,Moderate
29245,0,0.11553703,Moderate
29246,0,0.20862152,Moderate
29247,0,0.44157112,High
29248,1,0.34511045,High
29249,1,0.34164494,High
29250,1,0.83185464,Very High
29251,1,0.4984527,High
29252,0,0.30794576,High
29253,0,0.14009313,Moderate
29254,0,0.1842564,Moderate
29255,1,0.1744711,Moderate
29256,1,0.21727362,Moderate
29257,0,0.20378648,Moderate
29258,1,0.2075782,Moderate
29259,0,0.31322494,High
29260,0,0.06788576,Low
29261,0,0.24336922,Moderate
29262,1,0.22141218,Moderate
29263,0,0.16020426,Moderate
29264,0,0.29655588,High
29265,0,0.10556919,Moderate
29266,0,0.23033963,Moderate
29267,0,0.033988893,Low
29268,0,0.16413876,Moderate
29269,1,0.84871686,Very High
29270,0,0.10386951,Moderate
29271,1,0.18268096,Moderate
29272,0,0.19641416,Moderate
29273,0,0.16460374,Moderate
29274,0,0.40429536,High
29275,0,0.07129346,Low
29276,0,0.55015683,Very High
29277,0,0.14881584,Moderate
29278,0,0.03560263,Low
29279,1,0.1239304,Moderate
29280,0,0.13699244,Moderate
29281,0,0.026330251,Low
29282,1,0.5014004,Very High
29283,0,0.124380305,Moderate
29284,0,0.06592088,Low
29285,0,0.0933099,Low
29286,0,0.027746236,Low
29287,1,0.5202764,Very High
29288,0,0.31694037,High
29289,0,0.07578328,Low
29290,0,0.090644,Low
29291,1,0.65742445,Very High
29292,0,0.07088144,Low
29293,1,0.7283196,Very High
29294,1,0.072303236,Low
29295,0,0.09251848,Low
29296,0,0.6967,Very High
29297,0,0.13225937,Moderate
29298,0,0.117161945,Moderate
29299,0,0.23589237,Moderate
29300,0,0.029303908,Low
29301,1,0.7985128,Very High
29302,0,0.34271008,High
29303,0,0.039029215,Low
29304,0,0.24314047,Moderate
29305,0,0.034778226,Low
29306,0,0.17962529,Moderate
29307,0,0.24382001,Moderate
29308,0,0.03710734,Low
29309,0,0.07330296,Low
29310,1,0.52296025,Very High
29311,0,0.12724169,Moderate
29312,1,0.34515855,High
29313,1,0.7176348,Very High
29314,0,0.21470352,Moderate
29315,0,0.1458531,Moderate
29316,0,0.043970324,Low
29317,0,0.34022677,High
29318,0,0.17750642,Moderate
29319,0,0.1865564,Moderate
29320,0,0.060226146,Low
29321,0,0.09413592,Low
29322,0,0.09945473,Low
29323,0,0.39588118,High
29324,0,0.06821243,Low
29325,0,0.16349168,Moderate
29326,0,0.117917165,Moderate
29327,0,0.16649656,Moderate
29328,0,0.06865061,Low
29329,0,0.08415956,Low
29330,1,0.07858275,Low
29331,0,0.12305627,Moderate
29332,0,0.09037969,Low
29333,0,0.07184123,Low
29334,0,0.116351664,Moderate
29335,0,0.12430511,Moderate
29336,0,0.049546745,Low
29337,0,0.21085228,Moderate
29338,0,0.07102173,Low
29339,1,0.6182886,Very High
29340,0,0.33816206,High
29341,0,0.034996808,Low
29342,0,0.38032693,High
29343,1,0.54924345,Very High
29344,0,0.13780172,Moderate
29345,0,0.11634683,Moderate
29346,1,0.47412872,High
29347,0,0.062047806,Low
29348,0,0.3917632,High
29349,0,0.17746751,Moderate
29350,0,0.112539865,Moderate
29351,0,0.025809094,Low
29352,0,0.15059881,Moderate
29353,1,0.22447045,Moderate
29354,0,0.0649906,Low
29355,1,0.38917357,High
29356,1,0.23402183,Moderate
29357,1,0.6066512,Very High
29358,0,0.47324985,High
29359,0,0.09312161,Low
29360,0,0.18636417,Moderate
29361,1,0.2847634,High
29362,0,0.23899114,Moderate
29363,0,0.12116883,Moderate
29364,0,0.07310223,Low
29365,0,0.12581228,Moderate
29366,0,0.14943373,Moderate
29367,1,0.7345915,Very High
29368,0,0.08191737,Low
29369,0,0.05865896,Low
29370,0,0.053113636,Low
29371,0,0.09557568,Low
29372,0,0.14419302,Moderate
29373,0,0.122463636,Moderate
29374,0,0.05174418,Low
29375,0,0.3288264,High
29376,0,0.11423954,Moderate
29377,1,0.13424993,Moderate
29378,0,0.0737894,Low
29379,1,0.3576695,High
29380,0,0.19623314,Moderate
29381,0,0.29797834,High
29382,0,0.21490644,Moderate
29383,0,0.45724022,High
29384,0,0.041530076,Low
29385,0,0.110622294,Moderate
29386,0,0.03743727,Low
29387,0,0.096627265,Low
29388,0,0.11514131,Moderate
29389,0,0.15059873,Moderate
29390,0,0.16298404,Moderate
29391,0,0.051197954,Low
29392,1,0.3478693,High
29393,0,0.01733118,Low
29394,0,0.20194538,Moderate
29395,0,0.041494105,Low
29396,0,0.17863838,Moderate
29397,0,0.10458661,Moderate
29398,0,0.20319842,Moderate
29399,0,0.32196411,High
29400,0,0.07819776,Low
29401,0,0.24275284,Moderate
29402,0,0.14198,Moderate
29403,0,0.084391214,Low
29404,0,0.055633496,Low
29405,0,0.035888888,Low
29406,0,0.087185904,Low
29407,0,0.13528511,Moderate
29408,0,0.12577501,Moderate
29409,1,0.4738623,High
29410,0,0.17812961,Moderate
29411,0,0.10482357,Moderate
29412,0,0.17580788,Moderate
29413,0,0.4074887,High
29414,1,0.5047649,Very High
29415,0,0.12939589,Moderate
29416,0,0.23147197,Moderate
29417,0,0.18871988,Moderate
29418,0,0.16880447,Moderate
29419,1,0.91029316,Very High
29420,0,0.051119186,Low
29421,0,0.14388198,Moderate
29422,0,0.027346749,Low
29423,0,0.17249334,Moderate
29424,0,0.028320156,Low
29425,0,0.1161985,Moderate
29426,0,0.14792605,Moderate
29427,0,0.10317262,Moderate
29428,1,0.41945916,High
29429,0,0.15188012,Moderate
29430,0,0.12208061,Moderate
29431,0,0.0802695,Low
29432,0,0.37064996,High
29433,0,0.4314955,High
29434,0,0.115406886,Moderate
29435,0,0.09485329,Low
29436,0,0.2506243,High
29437,1,0.49675474,High
29438,0,0.16038068,Moderate
29439,0,0.036726467,Low
29440,0,0.15466356,Moderate
29441,0,0.047172144,Low
29442,0,0.09430547,Low
29443,0,0.11317927,Moderate
29444,0,0.030801965,Low
29445,1,0.18826233,Moderate
29446,0,0.060684297,Low
29447,0,0.06169643,Low
29448,1,0.13823467,Moderate
29449,0,0.34145287,High
29450,0,0.14677534,Moderate
29451,0,0.2337834,Moderate
29452,1,0.7656461,Very High
29453,1,0.33874944,High
29454,0,0.1532453,Moderate
29455,1,0.20232156,Moderate
29456,0,0.40228117,High
29457,0,0.17528374,Moderate
29458,0,0.038905058,Low
29459,0,0.033551633,Low
29460,0,0.32007226,High
29461,0,0.13291173,Moderate
29462,0,0.06773987,Low
29463,0,0.06190226,Low
29464,0,0.07539478,Low
29465,1,0.17615956,Moderate
29466,0,0.038366035,Low
29467,0,0.6227739,Very High
29468,0,0.06006856,Low
29469,0,0.19948027,Moderate
29470,0,0.14350367,Moderate
29471,0,0.19790836,Moderate
29472,0,0.06680825,Low
29473,0,0.1517176,Moderate
29474,0,0.22932303,Moderate
29475,0,0.100762926,Moderate
29476,0,0.13854843,Moderate
29477,0,0.05325598,Low
29478,1,0.7852709,Very High
29479,0,0.2845743,High
29480,0,0.08207461,Low
29481,0,0.33121374,High
29482,0,0.05923576,Low
29483,0,0.1318654,Moderate
29484,1,0.05392417,Low
29485,0,0.10592649,Moderate
29486,1,0.2140966,Moderate
29487,0,0.10773522,Moderate
29488,0,0.19667336,Moderate
29489,0,0.077153444,Low
29490,0,0.1656807,Moderate
29491,0,0.071354054,Low
29492,1,0.2292645,Moderate
29493,0,0.19739982,Moderate
29494,0,0.584583,Very High
29495,0,0.03240949,Low
29496,0,0.05156339,Low
29497,0,0.19247398,Moderate
29498,1,0.452102,High
29499,0,0.263928,High
29500,0,0.1733754,Moderate
29501,1,0.7866559,Very High
29502,0,0.28267863,High
29503,0,0.13655591,Moderate
29504,1,0.5295421,Very High
29505,0,0.58154666,Very High
29506,0,0.27486727,High
29507,0,0.14687985,Moderate
29508,0,0.13513163,Moderate
29509,0,0.07739421,Low
29510,0,0.36062136,High
29511,0,0.16617398,Moderate
29512,1,0.33816206,High
29513,1,0.25650793,High
29514,0,0.27896133,High
29515,0,0.12864716,Moderate
29516,1,0.17702115,Moderate
29517,1,0.23581713,Moderate
29518,0,0.08751712,Low
29519,1,0.21344051,Moderate
29520,0,0.06863404,Low
29521,1,0.15383662,Moderate
29522,0,0.10146941,Moderate
29523,0,0.27349913,High
29524,1,0.8937299,Very High
29525,1,0.58726656,Very High
29526,0,0.13467847,Moderate
29527,0,0.14074664,Moderate
29528,0,0.090934135,Low
29529,0,0.22514917,Moderate
29530,0,0.22676866,Moderate
29531,0,0.19581425,Moderate
29532,1,0.30644828,High
29533,0,0.09513736,Low
29534,0,0.41334137,High
29535,0,0.15175013,Moderate
29536,0,0.46969742,High
29537,0,0.11174657,Moderate
29538,1,0.2578972,High
29539,0,0.65547246,Very High
29540,0,0.12705694,Moderate
29541,1,0.22125399,Moderate
29542,0,0.4531556,High
29543,0,0.06247441,Low
29544,0,0.12943836,Moderate
29545,0,0.19083804,Moderate
29546,1,0.16369234,Moderate
29547,0,0.1312026,Moderate
29548,0,0.08090647,Low
29549,1,0.50388074,Very High
29550,0,0.08974533,Low
29551,0,0.7103523,Very High
29552,0,0.14317976,Moderate
29553,0,0.051329717,Low
29554,0,0.13445345,Moderate
29555,1,0.22552493,Moderate
29556,0,0.088512376,Low
29557,1,0.8126501,Very High
29558,1,0.39197814,High
29559,0,0.12379619,Moderate
29560,0,0.17751949,Moderate
29561,0,0.4013474,High
29562,0,0.36531264,High
29563,0,0.054033086,Low
29564,0,0.117473766,Moderate
29565,0,0.109388016,Moderate
29566,0,0.09236603,Low
29567,0,0.1596493,Moderate
29568,0,0.19407701,Moderate
29569,0,0.24115978,Moderate
29570,1,0.639353,Very High
29571,1,0.8275407,Very High
29572,0,0.14680213,Moderate
29573,1,0.24291272,Moderate
29574,0,0.30555338,High
29575,0,0.1827178,Moderate
29576,1,0.7164813,Very High
29577,1,0.4880523,High
29578,1,0.2349618,Moderate
29579,0,0.10054678,Moderate
29580,1,0.9155763,Very High
29581,0,0.0792942,Low
29582,0,0.066008285,Low
29583,0,0.23755501,Moderate
29584,0,0.1191633,Moderate
29585,1,0.12122077,Moderate
29586,1,0.31507993,High
29587,0,0.056797948,Low
29588,0,0.17311591,Moderate
29589,0,0.08730946,Low
29590,0,0.23881173,Moderate
29591,1,0.801892,Very High
29592,0,0.22376586,Moderate
29593,0,0.25213993,High
29594,0,0.17869352,Moderate
29595,1,0.2776755,High
29596,0,0.023096891,Low
29597,0,0.06356901,Low
29598,0,0.08331985,Low
29599,1,0.15840471,Moderate
29600,0,0.09907852,Low
29601,0,0.10646848,Moderate
29602,0,0.0468654,Low
29603,0,0.10943643,Moderate
29604,0,0.58256644,Very High
29605,0,0.23237942,Moderate
29606,0,0.26291367,High
29607,1,0.49499306,High
29608,0,0.06753277,Low
29609,1,0.4061079,High
29610,1,0.19139041,Moderate
29611,0,0.0323934,Low
29612,1,0.33156693,High
29613,1,0.5077448,Very High
29614,0,0.10572544,Moderate
29615,1,0.72827256,Very High
29616,1,0.35090616,High
29617,0,0.05595815,Low
29618,0,0.15497951,Moderate
29619,0,0.100424625,Moderate
29620,1,0.5005008,Very High
29621,0,0.41542563,High
29622,0,0.30526736,High
29623,1,0.8285872,Very High
29624,0,0.06804828,Low
29625,0,0.11780985,Moderate
29626,0,0.114910476,Moderate
29627,0,0.15244144,Moderate
29628,0,0.10520715,Moderate
29629,0,0.05738462,Low
29630,0,0.12668613,Moderate
29631,0,0.112562224,Moderate
29632,0,0.16431242,Moderate
29633,0,0.16994718,Moderate
29634,0,0.1776849,Moderate
29635,0,0.04955922,Low
29636,0,0.24511285,Moderate
29637,0,0.32419467,High
29638,0,0.14034908,Moderate
29639,1,0.10832251,Moderate
29640,0,0.10353841,Moderate
29641,1,0.1636673,Moderate
29642,0,0.076978,Low
29643,1,0.6975897,Very High
29644,1,0.66579455,Very High
29645,0,0.22273026,Moderate
29646,0,0.06129975,Low
29647,0,0.15900809,Moderate
29648,0,0.07279734,Low
29649,0,0.06259973,Low
29650,0,0.11275093,Moderate
29651,1,0.73820204,Very High
29652,1,0.69099885,Very High
29653,0,0.02268244,Low
29654,0,0.106303304,Moderate
29655,1,0.22845562,Moderate
29656,0,0.026134025,Low
29657,0,0.15015872,Moderate
29658,1,0.20698613,Moderate
29659,0,0.18856798,Moderate
29660,0,0.1605359,Moderate
29661,0,0.16890568,Moderate
29662,0,0.08466972,Low
29663,0,0.11125542,Moderate
29664,0,0.13945112,Moderate
29665,0,0.13457136,Moderate
29666,0,0.6149655,Very High
29667,0,0.035731383,Low
29668,1,0.73897344,Very High
29669,1,0.6487206,Very High
29670,0,0.12658356,Moderate
29671,0,0.7948032,Very High
29672,0,0.17923509,Moderate
29673,0,0.2917572,High
29674,0,0.037043266,Low
29675,0,0.14801234,Moderate
29676,0,0.09933549,Low
29677,0,0.122406565,Moderate
29678,0,0.099450655,Low
29679,1,0.6188738,Very High
29680,0,0.1468728,Moderate
29681,0,0.46031487,High
29682,1,0.24823743,Moderate
29683,0,0.14628972,Moderate
29684,0,0.17880021,Moderate
29685,0,0.10645077,Moderate
29686,1,0.12516454,Moderate
29687,0,0.042760737,Low
29688,1,0.74064034,Very High
29689,0,0.641723,Very High
29690,0,0.2498815,Moderate
29691,0,0.07437758,Low
29692,0,0.06351671,Low
29693,0,0.067583054,Low
29694,0,0.016416324,Low
29695,0,0.13744992,Moderate
29696,0,0.31894687,High
29697,0,0.08430885,Low
29698,0,0.41861644,High
29699,0,0.10005911,Moderate
29700,0,0.15704548,Moderate
29701,1,0.49415115,High
29702,1,0.7280187,Very High
29703,0,0.09782908,Low
29704,0,0.10455596,Moderate
29705,0,0.20172484,Moderate
29706,0,0.3372371,High
29707,0,0.016682012,Low
29708,0,0.50853825,Very High
29709,0,0.5051525,Very High
29710,1,0.39790204,High
29711,0,0.07865098,Low
29712,0,0.37654135,High
29713,0,0.10923379,Moderate
29714,0,0.19622149,Moderate
29715,0,0.18258011,Moderate
29716,1,0.5244217,Very High
29717,1,0.70311,Very High
29718,1,0.124134526,Moderate
29719,0,0.11230045,Moderate
29720,0,0.18877092,Moderate
29721,0,0.06613871,Low
29722,0,0.13441278,Moderate
29723,0,0.18224026,Moderate
29724,1,0.8488614,Very High
29725,0,0.07930088,Low
29726,0,0.10565456,Moderate
29727,1,0.88332975,Very High
29728,0,0.11521064,Moderate
29729,1,0.33658448,High
29730,0,0.05139325,Low
29731,0,0.1731472,Moderate
29732,1,0.24785984,Moderate
29733,0,0.5247696,Very High
29734,0,0.08236559,Low
29735,1,0.23940365,Moderate
29736,1,0.62964666,Very High
29737,0,0.052199025,Low
29738,1,0.7211105,Very High
29739,0,0.122493245,Moderate
29740,0,0.054869212,Low
29741,0,0.02970799,Low
29742,0,0.1129252,Moderate
29743,0,0.12167699,Moderate
29744,0,0.17830843,Moderate
29745,1,0.7394265,Very High
29746,0,0.22520213,Moderate
29747,1,0.37198156,High
29748,1,0.78755593,Very High
29749,0,0.0858659,Low
29750,0,0.08578253,Low
29751,0,0.18934435,Moderate
29752,0,0.1562979,Moderate
29753,0,0.3831214,High
29754,0,0.063698985,Low
29755,0,0.40251085,High
29756,0,0.56965935,Very High
29757,0,0.43216842,High
29758,0,0.14798455,Moderate
29759,0,0.19336821,Moderate
29760,0,0.42218736,High
29761,1,0.38799146,High
29762,0,0.0652828,Low
29763,0,0.22761354,Moderate
29764,0,0.17729497,Moderate
29765,0,0.23124598,Moderate
29766,0,0.16527182,Moderate
29767,0,0.39151478,High
29768,0,0.28602803,High
29769,0,0.15476374,Moderate
29770,0,0.14338519,Moderate
29771,1,0.91239035,Very High
29772,1,0.65021145,Very High
29773,0,0.11836238,Moderate
29774,0,0.18405977,Moderate
29775,1,0.09365967,Low
29776,0,0.3812118,High
29777,0,0.07714961,Low
29778,1,0.24224961,Moderate
29779,1,0.68514115,Very High
29780,0,0.07531604,Low
29781,0,0.07641479,Low
29782,0,0.21469879,Moderate
29783,0,0.13240732,Moderate
29784,0,0.44604275,High
29785,0,0.24842274,Moderate
29786,1,0.5982231,Very High
29787,0,0.13900304,Moderate
29788,0,0.47855622,High
29789,0,0.19550964,Moderate
29790,0,0.09703072,Low
29791,0,0.08526767,Low
29792,0,0.03336158,Low
29793,0,0.14507283,Moderate
29794,1,0.13263346,Moderate
29795,0,0.050620567,Low
29796,0,0.19733813,Moderate
29797,0,0.13099533,Moderate
29798,0,0.15347093,Moderate
29799,0,0.27377823,High
29800,1,0.77058464,Very High
29801,0,0.07618585,Low
29802,0,0.6944453,Very High
29803,0,0.16475293,Moderate
29804,0,0.10150359,Moderate
29805,1,0.6740531,Very High
29806,0,0.17640062,Moderate
29807,0,0.24484955,Moderate
29808,0,0.18670276,Moderate
29809,1,0.09276745,Low
29810,1,0.6448141,Very High
29811,0,0.084497176,Low
29812,0,0.06443215,Low
29813,0,0.10677199,Moderate
29814,0,0.05934813,Low
29815,0,0.4463079,High
29816,0,0.25945613,High
29817,0,0.6077481,Very High
29818,1,0.7197969,Very High
29819,0,0.1276539,Moderate
29820,1,0.2424065,Moderate
29821,0,0.295034,High
29822,0,0.07502598,Low
29823,0,0.12174087,Moderate
29824,1,0.4106742,High
29825,1,0.8565256,Very High
29826,0,0.1509539,Moderate
29827,0,0.15981418,Moderate
29828,1,0.69582397,Very High
29829,1,0.3453856,High
29830,0,0.15791641,Moderate
29831,1,0.41482756,High
29832,0,0.073689,Low
29833,0,0.14875905,Moderate
29834,1,0.33508438,High
29835,0,0.15127106,Moderate
29836,0,0.0629464,Low
29837,0,0.077877164,Low
29838,0,0.13773477,Moderate
29839,1,0.06531139,Low
29840,0,0.06925366,Low
29841,1,0.87076133,Very High
29842,0,0.037999023,Low
29843,0,0.036948003,Low
29844,1,0.7049408,Very High
29845,0,0.032420307,Low
29846,1,0.5357323,Very High
29847,0,0.038014144,Low
29848,0,0.017154297,Low
29849,1,0.81220794,Very High
29850,0,0.08373567,Low
29851,0,0.19267465,Moderate
29852,0,0.1162707,Moderate
29853,0,0.08172573,Low
29854,1,0.27309233,High
29855,0,0.05665617,Low
29856,0,0.45554098,High
29857,0,0.06351839,Low
29858,0,0.1786215,Moderate
29859,0,0.2945801,High
29860,1,0.16452177,Moderate
29861,0,0.03636846,Low
29862,0,0.045911327,Low
29863,1,0.3197288,High
29864,0,0.1294567,Moderate
29865,0,0.06385771,Low
29866,1,0.5088817,Very High
29867,1,0.88335764,Very High
29868,0,0.14974594,Moderate
29869,0,0.021382717,Low
29870,0,0.32479098,High
29871,1,0.2320965,Moderate
29872,0,0.12503617,Moderate
29873,0,0.10379164,Moderate
29874,0,0.09122784,Low
29875,1,0.12940505,Moderate
29876,0,0.10148314,Moderate
29877,0,0.05052706,Low
29878,0,0.028609643,Low
29879,1,0.14524832,Moderate
29880,0,0.0881049,Low
29881,1,0.24123049,Moderate
29882,0,0.049918775,Low
29883,0,0.17214185,Moderate
29884,0,0.12647599,Moderate
29885,0,0.20437576,Moderate
29886,1,0.16655923,Moderate
29887,0,0.044276733,Low
29888,0,0.061555658,Low
29889,0,0.060589895,Low
29890,0,0.036463674,Low
29891,0,0.27362156,High
29892,0,0.20144817,Moderate
29893,0,0.22456895,Moderate
29894,0,0.13633972,Moderate
29895,1,0.15645616,Moderate
29896,0,0.13050863,Moderate
29897,1,0.8505434,Very High
29898,1,0.1228721,Moderate
29899,0,0.41745245,High
29900,1,0.10642897,Moderate
29901,1,0.19009611,Moderate
29902,0,0.2431455,Moderate
29903,0,0.039473444,Low
29904,0,0.12628184,Moderate
29905,1,0.15847169,Moderate
29906,1,0.44145638,High
29907,0,0.043020327,Low
29908,1,0.20302649,Moderate
29909,1,0.24078172,Moderate
29910,0,0.37423,High
29911,0,0.15311037,Moderate
29912,1,0.24190748,Moderate
29913,0,0.0783863,Low
29914,0,0.029626707,Low
29915,0,0.044363894,Low
29916,0,0.60145724,Very High
29917,0,0.038281348,Low
29918,1,0.43529075,High
29919,0,0.061345477,Low
29920,1,0.45367536,High
29921,1,0.6356609,Very High
29922,1,0.24749053,Moderate
29923,0,0.27130264,High
29924,0,0.12011686,Moderate
29925,0,0.19361247,Moderate
29926,0,0.037322294,Low
29927,0,0.60879886,Very High
29928,0,0.06870315,Low
29929,0,0.37181678,High
29930,1,0.16781245,Moderate
29931,0,0.6321818,Very High
29932,0,0.19513527,Moderate
29933,1,0.58286124,Very High
29934,0,0.40270478,High
29935,0,0.07834168,Low
29936,1,0.1806311,Moderate
29937,0,0.102707125,Moderate
29938,0,0.036211967,Low
29939,0,0.7187554,Very High
29940,0,0.08306222,Low
29941,0,0.4037014,High
29942,0,0.22124802,Moderate
29943,1,0.16281454,Moderate
29944,0,0.047601845,Low
29945,1,0.71234685,Very High
29946,0,0.16948491,Moderate
29947,0,0.10911539,Moderate
29948,0,0.32277057,High
29949,0,0.071507685,Low
29950,0,0.058481812,Low
29951,0,0.3414308,High
29952,0,0.08997802,Low
29953,0,0.09653881,Low
29954,0,0.13609417,Moderate
29955,0,0.11431487,Moderate
29956,0,0.23245604,Moderate
29957,0,0.103906706,Moderate
29958,0,0.022109969,Low
29959,0,0.09939768,Low
29960,0,0.039087676,Low
29961,0,0.19026053,Moderate
29962,0,0.13714038,Moderate
29963,0,0.161785,Moderate
29964,0,0.2597914,High
29965,0,0.061845962,Low
29966,0,0.10139281,Moderate
29967,1,0.55884135,Very High
29968,0,0.34364653,High
29969,0,0.15627782,Moderate
29970,0,0.06373471,Low
29971,0,0.03333792,Low
29972,0,0.14523126,Moderate
29973,0,0.049521174,Low
29974,1,0.38164207,High
29975,1,0.5001206,Very High
29976,0,0.045901332,Low
29977,1,0.70353305,Very High
29978,0,0.02613907,Low
29979,0,0.09041571,Low
29980,0,0.25406542,High
29981,0,0.124175526,Moderate
29982,0,0.5210112,Very High
29983,1,0.1466286,Moderate
29984,0,0.119437255,Moderate
29985,0,0.12735462,Moderate
29986,0,0.26314357,High
29987,0,0.19674388,Moderate
29988,0,0.055144317,Low
29989,0,0.12477399,Moderate
29990,0,0.15181847,Moderate
29991,0,0.19626723,Moderate
29992,1,0.9128402,Very High
29993,0,0.25577214,High
29994,0,0.055329166,Low
29995,1,0.7132759,Very High
29996,0,0.06281059,Low
29997,0,0.12730798,Moderate
29998,1,0.6021697,Very High
29999,1,0.24943396,Moderate
30000,1,0.16650061,Moderate
